-- Adminer 4.8.1 MySQL 9.0.0 dump

SET NAMES utf8;
SET time_zone = '+00:00';
SET foreign_key_checks = 0;
SET sql_mode = 'NO_AUTO_VALUE_ON_ZERO';

SET NAMES utf8mb4;

DROP TABLE IF EXISTS `CategoryConditionVoucher`;
CREATE TABLE `CategoryConditionVoucher` (
  `id` varchar(50) CHARACTER SET utf8mb4 COLLATE utf8mb4_unicode_ci NOT NULL,
  `categoryShortName` varchar(50) CHARACTER SET utf8mb4 COLLATE utf8mb4_unicode_ci NOT NULL,
  `createdAt` timestamp NOT NULL,
  `createdBy` varchar(50) CHARACTER SET utf8mb4 COLLATE utf8mb4_unicode_ci NOT NULL,
  `updatedAt` timestamp NULL DEFAULT NULL,
  `updatedBy` varchar(50) CHARACTER SET utf8mb4 COLLATE utf8mb4_unicode_ci DEFAULT NULL,
  PRIMARY KEY (`id`)
) ENGINE=InnoDB DEFAULT CHARSET=utf8mb4 COLLATE=utf8mb4_unicode_ci;

INSERT INTO `CategoryConditionVoucher` (`id`, `categoryShortName`, `createdAt`, `createdBy`, `updatedAt`, `updatedBy`) VALUES
('093ff7f8-a624-4f82-a97c-a59ecc0e4b39',	'dienthoai&phukien',	'2024-08-12 20:39:06',	'f82a04b9-c41e-4d24-bc0b-3be0538a603b',	NULL,	NULL),
('0bbe6863-6980-4e5e-8cb3-a90c2ab440b7',	'thethao&dulich',	'2024-08-17 12:01:02',	'f82a04b9-c41e-4d24-bc0b-3be0538a603b',	NULL,	NULL),
('10dc4324-97c8-4c42-884a-5e928623ec81',	'dienthoai&phukien',	'2024-07-24 10:44:41',	'a3816a2a-93c2-49a9-b5af-16e25615b2c1',	'2024-07-24 10:44:41',	NULL),
('173151e1-8eae-4d71-822f-4f724485bdf1',	'me&be',	'2024-08-17 10:41:25',	'f82a04b9-c41e-4d24-bc0b-3be0538a603b',	NULL,	NULL),
('30d6c6fe-4084-4a1a-8522-33a66e829fbc',	'me&be',	'2024-08-17 14:05:39',	'f82a04b9-c41e-4d24-bc0b-3be0538a603b',	NULL,	NULL),
('40cd5b3f-4816-40d1-b8a3-4925cab2044f',	'phukien&trangsucnu',	'2024-08-14 02:46:47',	'331378bb-8e22-48e6-ac07-c5121bc70e41',	NULL,	NULL),
('4320093b-c41f-4ae5-851c-def01929010b',	'dienthoai&phukien',	'2024-07-24 09:55:30',	'a3816a2a-93c2-49a9-b5af-16e25615b2c1',	'2024-07-24 09:55:30',	NULL),
('4ba504d4-ea21-4a24-b1fc-ecfd9534ae89',	'giaydepnu',	'2024-08-12 20:30:58',	'f82a04b9-c41e-4d24-bc0b-3be0538a603b',	NULL,	NULL),
('5c011683-cf7a-4cf1-a524-ff794ceccba0',	'dongho',	'2024-07-28 18:35:11',	'f82a04b9-c41e-4d24-bc0b-3be0538a603b',	'2024-07-28 18:35:11',	NULL),
('6843a629-9e93-4845-9fad-20bed8e664b3',	'thethao&dulich',	'2024-08-14 02:36:50',	'a666dc45-29aa-4301-87bb-18cc547386be',	NULL,	NULL),
('6bbb87ac-71e5-4840-aea0-78ab6b73627b',	'bachhoaonline',	'2024-08-17 16:22:08',	'331378bb-8e22-48e6-ac07-c5121bc70e41',	NULL,	NULL),
('736e434d-e0d1-43b6-9c1f-2ba1395a9b11',	'dienthoai&phukien',	'2024-08-12 21:21:25',	'f82a04b9-c41e-4d24-bc0b-3be0538a603b',	'2024-08-12 21:21:25',	NULL),
('97fcf50a-b9ca-486a-8a25-760e62a31dc3',	'sacdep',	'2024-07-11 10:43:50',	'f82a04b9-c41e-4d24-bc0b-3be0538a603b',	NULL,	NULL),
('9e623159-9863-4a15-ba35-ef123fb31a1a',	'mayanh&mayquayphim',	'2024-08-17 08:43:11',	'331378bb-8e22-48e6-ac07-c5121bc70e41',	NULL,	NULL),
('a5015b66-c89e-487f-be21-8486c5a2ffa9',	'me&be',	'2024-08-17 11:00:14',	'f82a04b9-c41e-4d24-bc0b-3be0538a603b',	NULL,	NULL),
('afac0bfc-81c0-4fdf-99de-2200843eaecf',	'me&be',	'2024-08-13 21:48:38',	'6c868791-2b31-46aa-b24f-9442084f260a',	NULL,	NULL),
('b1770006-411d-4f8e-a658-0d506e969aa0',	'thethao&dulich',	'2024-08-17 12:16:08',	'f82a04b9-c41e-4d24-bc0b-3be0538a603b',	'2024-08-17 12:16:08',	NULL),
('b34392eb-ae54-443c-9228-70f99703c856',	'tuivinu',	'2024-08-12 20:44:50',	'f82a04b9-c41e-4d24-bc0b-3be0538a603b',	'2024-08-12 20:44:50',	NULL),
('c6d29ae2-2978-492c-89b2-524296420545',	'dienthoai&phukien',	'2024-08-12 21:21:38',	'f82a04b9-c41e-4d24-bc0b-3be0538a603b',	'2024-08-12 21:21:38',	NULL),
('cf6c4bb1-e046-4745-aa6f-ccd4b04ad792',	'me&be',	'2024-08-17 11:10:24',	'f82a04b9-c41e-4d24-bc0b-3be0538a603b',	NULL,	NULL),
('e0754a0d-9a20-4ff6-951d-b66e2ec92bd7',	'sacdep',	'2024-08-13 21:32:16',	'331378bb-8e22-48e6-ac07-c5121bc70e41',	NULL,	NULL);

DROP TABLE IF EXISTS `PriceConditionVoucher`;
CREATE TABLE `PriceConditionVoucher` (
  `id` varchar(50) CHARACTER SET utf8mb4 COLLATE utf8mb4_unicode_ci NOT NULL,
  `totalMin` float DEFAULT NULL,
  `totalMax` float DEFAULT NULL,
  `priceMin` float DEFAULT NULL,
  `priceMax` float DEFAULT NULL,
  `createdAt` timestamp NOT NULL,
  `createdBy` varchar(50) CHARACTER SET utf8mb4 COLLATE utf8mb4_unicode_ci NOT NULL,
  `updatedAt` timestamp NULL DEFAULT NULL,
  `updatedBy` varchar(50) CHARACTER SET utf8mb4 COLLATE utf8mb4_unicode_ci DEFAULT NULL,
  PRIMARY KEY (`id`)
) ENGINE=InnoDB DEFAULT CHARSET=utf8mb4 COLLATE=utf8mb4_unicode_ci;

INSERT INTO `PriceConditionVoucher` (`id`, `totalMin`, `totalMax`, `priceMin`, `priceMax`, `createdAt`, `createdBy`, `updatedAt`, `updatedBy`) VALUES
('0adf2e6f-0d3f-464f-a17b-eab3e2f9bdd8',	100000,	NULL,	0,	NULL,	'2024-08-14 02:36:50',	'a666dc45-29aa-4301-87bb-18cc547386be',	'2024-08-14 02:37:24',	'a666dc45-29aa-4301-87bb-18cc547386be'),
('182f8596-2a54-4bd5-8951-5f687624da00',	100000,	NULL,	NULL,	NULL,	'2024-07-28 18:35:11',	'f82a04b9-c41e-4d24-bc0b-3be0538a603b',	'2024-07-28 18:35:11',	'f82a04b9-c41e-4d24-bc0b-3be0538a603b'),
('29b66220-459e-41fe-888b-091fe2ef8961',	100000,	NULL,	30000,	NULL,	'2024-08-17 11:10:24',	'f82a04b9-c41e-4d24-bc0b-3be0538a603b',	NULL,	NULL),
('3f7b12b6-0931-4d25-b61a-d257382f66b3',	200000,	NULL,	50000,	NULL,	'2024-08-17 16:22:08',	'331378bb-8e22-48e6-ac07-c5121bc70e41',	NULL,	NULL),
('4579548b-e070-4771-82d8-0a0e674e568a',	200000,	NULL,	50000,	NULL,	'2024-08-17 18:58:45',	'331378bb-8e22-48e6-ac07-c5121bc70e41',	NULL,	NULL),
('59c7918f-0ca7-4862-8292-8d7ae5c6ef3d',	100000,	NULL,	50000,	NULL,	'2024-08-17 14:05:39',	'f82a04b9-c41e-4d24-bc0b-3be0538a603b',	'2024-08-18 06:03:29',	'f82a04b9-c41e-4d24-bc0b-3be0538a603b'),
('7e68182c-d9f5-4abc-83f2-8f3b6c0dfa5a',	100000,	NULL,	30000,	NULL,	'2024-08-17 11:00:14',	'f82a04b9-c41e-4d24-bc0b-3be0538a603b',	NULL,	NULL),
('8d824d9e-df22-4ace-a391-94e851295c3c',	100000,	NULL,	50000,	NULL,	'2024-08-17 12:01:02',	'f82a04b9-c41e-4d24-bc0b-3be0538a603b',	'2024-08-17 12:16:08',	'f82a04b9-c41e-4d24-bc0b-3be0538a603b'),
('bcd1d3de-5117-4668-ad81-f4bb17d23d5b',	100000,	NULL,	NULL,	NULL,	'2024-07-11 10:43:48',	'f82a04b9-c41e-4d24-bc0b-3be0538a603b',	NULL,	NULL),
('c3b1075a-cce2-4c51-b6e7-e71416c4ecc6',	100000,	NULL,	20000,	NULL,	'2024-08-17 08:43:10',	'331378bb-8e22-48e6-ac07-c5121bc70e41',	NULL,	NULL),
('cb6d4420-7b58-413d-9033-d5aa9fb41064',	200000,	NULL,	50000,	NULL,	'2024-08-17 17:46:19',	'331378bb-8e22-48e6-ac07-c5121bc70e41',	NULL,	NULL),
('d384b014-710f-4c32-a696-b6a4a08afc7a',	200000,	NULL,	50000,	NULL,	'2024-08-17 17:30:18',	'a666dc45-29aa-4301-87bb-18cc547386be',	NULL,	NULL),
('eb850c6b-4195-4a4e-8b2f-8cfc4dfe14d8',	100000,	NULL,	30000,	NULL,	'2024-08-17 10:41:25',	'f82a04b9-c41e-4d24-bc0b-3be0538a603b',	NULL,	NULL),
('fc35f3c7-4df4-4c06-b640-618cb4537984',	100000,	NULL,	NULL,	NULL,	'2024-08-12 20:30:58',	'f82a04b9-c41e-4d24-bc0b-3be0538a603b',	NULL,	NULL);

DROP TABLE IF EXISTS `ProductPromotion`;
CREATE TABLE `ProductPromotion` (
  `id` varchar(50) CHARACTER SET utf8mb4 COLLATE utf8mb4_unicode_ci NOT NULL,
  `productId` varchar(50) CHARACTER SET utf8mb4 COLLATE utf8mb4_unicode_ci NOT NULL,
  `name` varchar(1000) CHARACTER SET utf8mb4 COLLATE utf8mb4_unicode_ci NOT NULL,
  `image` varchar(500) CHARACTER SET utf8mb4 COLLATE utf8mb4_unicode_ci NOT NULL,
  `category` varchar(50) CHARACTER SET utf8mb4 COLLATE utf8mb4_unicode_ci NOT NULL,
  `quantity` int NOT NULL,
  `currentQuantity` int NOT NULL,
  `bought` int DEFAULT '0',
  `priceAfter` float NOT NULL,
  `isDelete` tinyint(1) NOT NULL DEFAULT '0',
  `createdAt` timestamp NOT NULL,
  `createdBy` varchar(50) CHARACTER SET utf8mb4 COLLATE utf8mb4_unicode_ci NOT NULL,
  `updatedAt` timestamp NULL DEFAULT NULL,
  `updatedBy` varchar(50) CHARACTER SET utf8mb4 COLLATE utf8mb4_unicode_ci DEFAULT NULL,
  `storePromotionId` varchar(50) CHARACTER SET utf8mb4 COLLATE utf8mb4_unicode_ci NOT NULL,
  `salePromotionId` varchar(50) CHARACTER SET utf8mb4 COLLATE utf8mb4_unicode_ci NOT NULL,
  PRIMARY KEY (`id`),
  KEY `productId` (`productId`),
  KEY `storePromotionId` (`storePromotionId`),
  KEY `salePromotionId` (`salePromotionId`),
  KEY `storePromotionId_isDelete` (`storePromotionId`,`isDelete`),
  KEY `salePromotionId_isDelete_quantity` (`salePromotionId`,`isDelete`,`quantity`),
  CONSTRAINT `ProductPromotion_ibfk_4` FOREIGN KEY (`storePromotionId`) REFERENCES `StorePromotion` (`id`) ON DELETE RESTRICT ON UPDATE RESTRICT,
  CONSTRAINT `ProductPromotion_ibfk_5` FOREIGN KEY (`salePromotionId`) REFERENCES `SalePromotion` (`id`)
) ENGINE=InnoDB DEFAULT CHARSET=utf8mb4 COLLATE=utf8mb4_unicode_ci;

INSERT INTO `ProductPromotion` (`id`, `productId`, `name`, `image`, `category`, `quantity`, `currentQuantity`, `bought`, `priceAfter`, `isDelete`, `createdAt`, `createdBy`, `updatedAt`, `updatedBy`, `storePromotionId`, `salePromotionId`) VALUES
('54ebfd04-6c59-430c-83d8-854fb6b1a9a7',	'01c23599-2dbc-4eab-925d-202bd1939edb',	'Ốp lưng đồng hộ (smart watch)',	'https://down-vn.img.susercontent.com/file/4d575281b3baaa7d37f3f72cb480c1db_tn',	'thietbidientu',	5,	5,	0,	12000,	0,	'2024-08-24 10:49:46',	'f82a04b9-c41e-4d24-bc0b-3be0538a603b',	NULL,	NULL,	'59f7c3c2-6d60-4fe2-8380-c8b5d703abdb',	'c9424a3e-ca6d-4779-85db-8d983911ec4d'),
('5c355782-0d36-4e2e-b559-4ada28eb34eb',	'01ffc8df-73e3-4251-92a7-5db1a8fe54d9',	'Nệm Lót Ghế Văn Phòng Nhiều Mẫu (40x40cm), Đệm Bông Ngồi Bệt Kiểu Nhật - Trang Trí Quán Cafe, Trà Sữa',	'https://down-vn.img.susercontent.com/file/4342a2283b5042b05f7dedf570b26705_tn',	'nhacua&doisong',	5,	5,	0,	37000,	0,	'2024-08-24 11:11:25',	'f82a04b9-c41e-4d24-bc0b-3be0538a603b',	NULL,	NULL,	'8d0192b1-f1d6-4f52-aecf-8b0fa1837b21',	'9eb0896e-3a9d-462e-acf4-9217a677de61'),
('9485ec9c-1779-4e55-bc57-b65c2303f321',	'01ffc8df-73e3-4251-92a7-5db1a8fe54d9',	'Nệm Lót Ghế Văn Phòng Nhiều Mẫu (40x40cm), Đệm Bông Ngồi Bệt Kiểu Nhật - Trang Trí Quán Cafe, Trà Sữa',	'https://down-vn.img.susercontent.com/file/4342a2283b5042b05f7dedf570b26705_tn',	'nhacua&doisong',	5,	5,	0,	35000,	0,	'2024-08-24 10:49:46',	'f82a04b9-c41e-4d24-bc0b-3be0538a603b',	NULL,	NULL,	'59f7c3c2-6d60-4fe2-8380-c8b5d703abdb',	'c9424a3e-ca6d-4779-85db-8d983911ec4d'),
('bb066e7b-6d4b-4853-8c6f-51dcba39a6a1',	'01c23599-2dbc-4eab-925d-202bd1939edb',	'Ốp lưng đồng hộ (smart watch)',	'https://down-vn.img.susercontent.com/file/4d575281b3baaa7d37f3f72cb480c1db_tn',	'thietbidientu',	5,	5,	0,	12000,	0,	'2024-08-24 11:11:25',	'f82a04b9-c41e-4d24-bc0b-3be0538a603b',	NULL,	NULL,	'8d0192b1-f1d6-4f52-aecf-8b0fa1837b21',	'9eb0896e-3a9d-462e-acf4-9217a677de61');

DROP TABLE IF EXISTS `Rating`;
CREATE TABLE `Rating` (
  `id` varchar(50) CHARACTER SET utf8mb4 COLLATE utf8mb4_unicode_ci NOT NULL,
  `storeId` varchar(50) CHARACTER SET utf8mb4 COLLATE utf8mb4_unicode_ci NOT NULL,
  `orderId` varchar(50) CHARACTER SET utf8mb4 COLLATE utf8mb4_unicode_ci NOT NULL,
  `stars` double NOT NULL,
  `comment` text CHARACTER SET utf8mb4 COLLATE utf8mb4_unicode_ci NOT NULL,
  `isReply` tinyint(1) DEFAULT '0',
  `createdBy` varchar(50) CHARACTER SET utf8mb4 COLLATE utf8mb4_unicode_ci NOT NULL,
  `createdAt` timestamp NOT NULL,
  `updatedBy` varchar(50) CHARACTER SET utf8mb4 COLLATE utf8mb4_unicode_ci DEFAULT NULL,
  `updatedAt` timestamp NULL DEFAULT NULL,
  PRIMARY KEY (`id`),
  KEY `orderId` (`orderId`),
  KEY `storeId_isReply_createdAt` (`storeId`,`isReply`,`createdAt`),
  KEY `createdAt` (`createdAt` DESC),
  CONSTRAINT `Rating_ibfk_4` FOREIGN KEY (`storeId`) REFERENCES `Store` (`id`)
) ENGINE=InnoDB DEFAULT CHARSET=utf8mb4 COLLATE=utf8mb4_unicode_ci;

INSERT INTO `Rating` (`id`, `storeId`, `orderId`, `stars`, `comment`, `isReply`, `createdBy`, `createdAt`, `updatedBy`, `updatedAt`) VALUES
('19569652-5bc0-48f9-be76-a02c73c836b3',	'de51b1b6-ed27-49b7-a804-57b7992cbc81',	'a4de166a-0679-466f-9301-b318f2175b67',	4,	'Sản phẩm ok lấm shop',	1,	'27c92220-57c0-4263-bf24-f92155ec7de6',	'2024-08-19 07:29:25',	NULL,	'2024-08-19 07:32:20'),
('258046d0-2ff5-48fc-b131-d84ffd6e57cb',	'465d9c2f-cbb7-4d53-943d-0b902f51861f',	'1115cb47-eaa9-4d66-a811-11ea7f287050',	4,	'CHất lượng phục vụ tốt',	1,	'bc119302-99fb-44b3-b07f-64eef34454cd',	'2024-08-11 11:13:10',	NULL,	'2024-08-11 11:13:32'),
('78a14c7f-df13-4c4d-9c6b-efcb91b010c8',	'41c73d8c-8e0d-4816-9314-f9244af3cd00',	'67252599-f934-4124-84ee-b804bbbb9938',	4,	'Shop phục vụ nhiệt tình, con mèo đẹp',	1,	'22c4cdea-30a6-40df-8dcd-cc606c9db7cc',	'2024-08-13 20:54:43',	NULL,	'2024-08-13 21:22:13'),
('8f6a5ad5-85a9-4861-80c8-5bec2632562c',	'de51b1b6-ed27-49b7-a804-57b7992cbc81',	'76323f1a-1036-4b97-b482-e56d48cfecef',	2,	'Con meo ok',	1,	'3206fa68-bd29-4fec-8174-c067ed4beb79',	'2024-07-23 13:45:54',	NULL,	'2024-08-12 19:20:30'),
('94e4a870-ec16-4160-9a31-015e83d19cdb',	'de51b1b6-ed27-49b7-a804-57b7992cbc81',	'05b4064f-09a6-49f9-991b-b72940ba6341',	4,	'Sanr pham ok lam',	1,	'3206fa68-bd29-4fec-8174-c067ed4beb79',	'2024-07-23 12:43:40',	NULL,	'2024-08-18 11:48:05'),
('add04d18-1f32-48af-b8bb-6770fe34ad64',	'de51b1b6-ed27-49b7-a804-57b7992cbc81',	'7f6b1f28-f0fc-480f-8a80-10c1cf777052',	4,	'Ok lam',	1,	'a226f227-c629-4c75-98ca-e56a3dab016e',	'2024-07-22 12:47:44',	NULL,	'2024-07-22 13:51:30'),
('b3da9268-6d7f-48a8-80e8-c814d385f547',	'de51b1b6-ed27-49b7-a804-57b7992cbc81',	'98863812-4a46-4f1b-90f0-aa6773c167020',	4,	'Bình nước ok, thái độ phục vụ cửa hàng rất tốt',	1,	'27c92220-57c0-4263-bf24-f92155ec7de6',	'2024-08-18 11:21:49',	NULL,	'2024-08-19 07:33:25'),
('b421db9c-102b-4071-9138-d309e547cb7b',	'465d9c2f-cbb7-4d53-943d-0b902f51861f',	'41d292cb-b859-40eb-a32e-8febd4ea2ee7',	5,	'Con chó dễ thương lấm',	1,	'64874f2a-8d6f-4b22-bae3-f8dd701f2ee0',	'2024-08-14 02:38:39',	NULL,	'2024-08-14 02:39:22'),
('d55e9760-0d0a-4855-a6ea-1754872eb38b',	'de51b1b6-ed27-49b7-a804-57b7992cbc81',	'a2a7e643-38b9-49b7-9c9c-0f13b296a624',	2,	'San pham hoi te',	1,	'3206fa68-bd29-4fec-8174-c067ed4beb79',	'2024-07-23 12:49:43',	NULL,	'2024-08-19 07:34:49'),
('f8151c11-7ff4-4d0c-bb05-0922c09b737d',	'de51b1b6-ed27-49b7-a804-57b7992cbc81',	'6147147d-e62a-4ed3-8038-e19af3ae1a73',	4,	'San pham tot',	1,	'7d4a0ef3-5ab0-45ab-b4c1-c049596e2749',	'2024-08-06 14:49:33',	NULL,	'2024-08-19 07:36:58');

DROP TABLE IF EXISTS `RatingMaterial`;
CREATE TABLE `RatingMaterial` (
  `id` varchar(50) CHARACTER SET utf8mb4 COLLATE utf8mb4_unicode_ci NOT NULL,
  `url` tinytext CHARACTER SET utf8mb4 COLLATE utf8mb4_unicode_ci NOT NULL,
  `isPrimary` tinyint(1) DEFAULT '0',
  `ratingId` varchar(50) CHARACTER SET utf8mb4 COLLATE utf8mb4_unicode_ci DEFAULT NULL,
  `ratingReplyId` varchar(50) CHARACTER SET utf8mb4 COLLATE utf8mb4_unicode_ci DEFAULT NULL,
  PRIMARY KEY (`id`),
  KEY `ratingId` (`ratingId`)
) ENGINE=InnoDB DEFAULT CHARSET=utf8mb4 COLLATE=utf8mb4_unicode_ci;

INSERT INTO `RatingMaterial` (`id`, `url`, `isPrimary`, `ratingId`, `ratingReplyId`) VALUES
('14401e5f-c630-4c79-9a90-a8bb46e72443',	'https://vanlocbucket.s3.ap-southeast-2.amazonaws.com/558078ed-2bf7-4912-a160-c1001052dd7b_doghello.jpg',	0,	'94e4a870-ec16-4160-9a31-015e83d19cdb',	NULL),
('2786bb03-b251-4b6b-8f47-b0e3f3a8a784',	'https://vanlocbucket.s3.ap-southeast-2.amazonaws.com/328b28ad-23d1-48ca-a7ed-455e7b9bb0ae_dog.jpg',	0,	'19569652-5bc0-48f9-be76-a02c73c836b3',	NULL),
('4f5aefbd-3e75-449c-b895-ae5a0e0f78dd',	'https://vanlocbucket.s3.ap-southeast-2.amazonaws.com/69ac86ca-b888-4330-b643-ba5c90d5970f_doghello.jpg',	0,	'b3da9268-6d7f-48a8-80e8-c814d385f547',	NULL),
('56c4601e-d1f7-4e86-a718-4294dd1787fd',	'https://vanlocbucket.s3.ap-southeast-2.amazonaws.com/db8ba8ab-dcdc-446b-842d-8ba9e25dc6d3_ImageBig.jpg',	0,	'd55e9760-0d0a-4855-a6ea-1754872eb38b',	NULL),
('5ab439ff-1b16-4bb8-bfae-b72054d78cf2',	'https://vanlocbucket.s3.ap-southeast-2.amazonaws.com/99a78c75-75bf-4080-828d-8a31adce5989_doghello.jpg',	0,	'add04d18-1f32-48af-b8bb-6770fe34ad64',	NULL),
('8d77f5a3-427d-4ac1-829a-437be5c79279',	'https://vanlocbucket.s3.ap-southeast-2.amazonaws.com/fa0a8f7f-8d0c-4cda-be73-bee56c348a1c_doghello.jpg',	0,	'f8151c11-7ff4-4d0c-bb05-0922c09b737d',	NULL),
('9987f7c8-275d-40df-8cea-fb8c4a057a6b',	'https://vanlocbucket.s3.ap-southeast-2.amazonaws.com/73a3dd13-9ce2-4fc9-9242-31aaddfc3502_catliuliu.jpg',	0,	'8f6a5ad5-85a9-4861-80c8-5bec2632562c',	NULL),
('d0b29da5-6b66-41c1-a41a-1c3c89e4d3df',	'https://vanlocbucket.s3.ap-southeast-2.amazonaws.com/56c42c23-aae1-411d-bf0c-8ef0ea1992f6_meokhantam.jpg',	0,	'78a14c7f-df13-4c4d-9c6b-efcb91b010c8',	NULL),
('e66fd900-e02d-4dcc-a247-2c1a3b6706a1',	'https://vanlocbucket.s3.ap-southeast-2.amazonaws.com/53cbcd00-a845-4a63-8292-0113d193e429_doghello.jpg',	0,	'b421db9c-102b-4071-9138-d309e547cb7b',	NULL),
('e732ed87-f2c0-4113-ab7a-0ecae90e1372',	'https://vanlocbucket.s3.ap-southeast-2.amazonaws.com/74261345-3354-4437-9af1-50e54e7aa5aa_2024-07-26_105908.png',	0,	'258046d0-2ff5-48fc-b131-d84ffd6e57cb',	NULL);

DROP TABLE IF EXISTS `RatingReply`;
CREATE TABLE `RatingReply` (
  `id` varchar(50) CHARACTER SET utf8mb4 COLLATE utf8mb4_unicode_ci NOT NULL,
  `parentRatingId` varchar(50) CHARACTER SET utf8mb4 COLLATE utf8mb4_unicode_ci NOT NULL,
  `detail` text CHARACTER SET utf8mb4 COLLATE utf8mb4_unicode_ci NOT NULL,
  `createdAt` timestamp NOT NULL,
  `createdBy` varchar(50) CHARACTER SET utf8mb4 COLLATE utf8mb4_unicode_ci NOT NULL,
  `updatedAt` timestamp NULL DEFAULT NULL,
  `updatedBy` varchar(50) CHARACTER SET utf8mb4 COLLATE utf8mb4_unicode_ci DEFAULT NULL,
  PRIMARY KEY (`id`),
  KEY `createdBy` (`createdBy`),
  KEY `parentRatingId` (`parentRatingId`),
  CONSTRAINT `RatingReply_ibfk_3` FOREIGN KEY (`parentRatingId`) REFERENCES `Rating` (`id`)
) ENGINE=InnoDB DEFAULT CHARSET=utf8mb4 COLLATE=utf8mb4_unicode_ci;

INSERT INTO `RatingReply` (`id`, `parentRatingId`, `detail`, `createdAt`, `createdBy`, `updatedAt`, `updatedBy`) VALUES
('0abc8cb3-0748-4d96-943b-74859ef731b9',	'b3da9268-6d7f-48a8-80e8-c814d385f547',	'Dạ em cám ơn ạ',	'2024-08-19 07:33:25',	'f82a04b9-c41e-4d24-bc0b-3be0538a603b',	NULL,	NULL),
('3a304063-72cc-4d7e-9c8a-037190c6466a',	'f8151c11-7ff4-4d0c-bb05-0922c09b737d',	'Daj',	'2024-08-19 07:36:58',	'f82a04b9-c41e-4d24-bc0b-3be0538a603b',	NULL,	NULL),
('3b610bfe-c2d1-490a-8095-2a9a21146910',	'78a14c7f-df13-4c4d-9c6b-efcb91b010c8',	'Dạ em cám ơn ạ',	'2024-08-13 21:22:13',	'dc34e2c7-fef8-412a-ba0e-63cf7730bc86',	NULL,	NULL),
('426dc8d7-1eea-4db3-9ed3-a0ad129f22be',	'8f6a5ad5-85a9-4861-80c8-5bec2632562c',	'Dạ shop cám ơn ạ',	'2024-08-12 19:20:30',	'f82a04b9-c41e-4d24-bc0b-3be0538a603b',	NULL,	NULL),
('a03a4f66-c6de-4bc9-a09a-c689e92cb8c8',	'94e4a870-ec16-4160-9a31-015e83d19cdb',	'Dạ em cám ơn ạ',	'2024-08-18 11:48:05',	'f82a04b9-c41e-4d24-bc0b-3be0538a603b',	NULL,	NULL),
('bd6c0465-2d74-4464-aed1-84a12514c79e',	'258046d0-2ff5-48fc-b131-d84ffd6e57cb',	'Dạ em cám ơn khách',	'2024-08-11 11:13:32',	'a666dc45-29aa-4301-87bb-18cc547386be',	NULL,	NULL),
('d33bc2aa-aa57-4e0c-8765-1c9b1a41986f',	'add04d18-1f32-48af-b8bb-6770fe34ad64',	'Dạ em cám ơn ạ',	'2024-07-22 13:51:30',	'f82a04b9-c41e-4d24-bc0b-3be0538a603b',	NULL,	NULL),
('dab57028-80e9-4497-a8bf-bcc06b2d512f',	'd55e9760-0d0a-4855-a6ea-1754872eb38b',	'Dạ em cám ơn ạ',	'2024-08-19 07:34:49',	'f82a04b9-c41e-4d24-bc0b-3be0538a603b',	NULL,	NULL),
('ef5124da-58c8-4a2b-9d0f-4062af673fe5',	'b421db9c-102b-4071-9138-d309e547cb7b',	'Dạ chó nhà em mà hihi',	'2024-08-14 02:39:22',	'a666dc45-29aa-4301-87bb-18cc547386be',	NULL,	NULL),
('fd174b55-8095-402e-9923-d7b9c0de3763',	'19569652-5bc0-48f9-be76-a02c73c836b3',	'Dạ em cám ơn ạ',	'2024-08-19 07:32:20',	'f82a04b9-c41e-4d24-bc0b-3be0538a603b',	NULL,	NULL);

DROP TABLE IF EXISTS `SalePromotion`;
CREATE TABLE `SalePromotion` (
  `id` varchar(50) CHARACTER SET utf8mb4 COLLATE utf8mb4_unicode_ci NOT NULL,
  `title` tinytext CHARACTER SET utf8mb4 COLLATE utf8mb4_unicode_ci NOT NULL,
  `description` text CHARACTER SET utf8mb4 COLLATE utf8mb4_unicode_ci,
  `type` varchar(50) CHARACTER SET utf8mb4 COLLATE utf8mb4_unicode_ci NOT NULL,
  `categoryId` varchar(50) CHARACTER SET utf8mb4 COLLATE utf8mb4_unicode_ci DEFAULT NULL,
  `status` varchar(50) CHARACTER SET utf8mb4 COLLATE utf8mb4_unicode_ci NOT NULL,
  `startDate` timestamp NOT NULL,
  `endDate` timestamp NULL DEFAULT NULL,
  `createdAt` timestamp NOT NULL,
  `createdBy` varchar(50) CHARACTER SET utf8mb4 COLLATE utf8mb4_unicode_ci NOT NULL,
  `updatedAt` timestamp NULL DEFAULT NULL,
  `updatedBy` varchar(50) CHARACTER SET utf8mb4 COLLATE utf8mb4_unicode_ci DEFAULT NULL,
  PRIMARY KEY (`id`),
  KEY `type` (`type`),
  KEY `id_startDate` (`id`,`startDate`),
  KEY `startDate_endDate` (`startDate`,`endDate`)
) ENGINE=InnoDB DEFAULT CHARSET=utf8mb4 COLLATE=utf8mb4_unicode_ci;

INSERT INTO `SalePromotion` (`id`, `title`, `description`, `type`, `categoryId`, `status`, `startDate`, `endDate`, `createdAt`, `createdBy`, `updatedAt`, `updatedBy`) VALUES
('002040de-2453-4892-91c5-00f57ee0fad6',	'Daily Sale 10:00 11-08-2024',	'Chương trình giảm giá hằng ngày kích cầu mua sắm 10:00 11-08-2024',	'NORMAL',	NULL,	'BLOCK',	'2024-08-11 10:00:00',	'2024-08-11 11:00:00',	'2024-08-24 00:23:20',	'system',	NULL,	NULL),
('006e6886-45af-4ccc-abd3-4f60289a03ed',	'Daily Sale 13:00 21-08-2024',	'Chương trình giảm giá hằng ngày kích cầu mua sắm 13:00 21-08-2024',	'NORMAL',	NULL,	'BLOCK',	'2024-08-21 13:00:00',	'2024-08-21 14:00:00',	'2024-08-24 08:50:08',	'system',	NULL,	NULL),
('013d4d68-4e68-4a6c-bccb-7ebc75aad8c7',	'Daily Sale 02:00 07-08-2024',	'Chương trình giảm giá hằng ngày kích cầu mua sắm 02:00 07-08-2024',	'NORMAL',	NULL,	'BLOCK',	'2024-08-07 02:00:00',	'2024-08-07 03:00:00',	'2024-08-24 00:23:08',	'system',	NULL,	NULL),
('016d7927-04d4-47d6-9f72-05e3beecd5ba',	'Siêu sale hằng tháng 21:00 07-08-2024',	'Đại tiệc siêu sale hằng tháng 21:00 07-08-2024',	'SPEACIAL',	NULL,	'BLOCK',	'2024-08-07 21:00:00',	'2024-08-07 22:00:00',	'2024-08-23 23:23:08',	'system',	NULL,	NULL),
('0270a793-1ad1-43ed-a92e-9bdebd072799',	'Daily Sale 17:00 24-08-2024',	'Chương trình giảm giá hằng ngày kích cầu mua sắm 17:00 24-08-2024',	'NORMAL',	NULL,	'BLOCK',	'2024-08-24 17:00:00',	'2024-08-24 18:00:00',	'2024-08-24 08:50:20',	'system',	'2024-08-24 11:00:00',	'system'),
('041b4913-829f-47ab-a8ac-a9ce726d346a',	'Daily Sale 09:00 07-08-2024',	'Chương trình giảm giá hằng ngày kích cầu mua sắm 09:00 07-08-2024',	'NORMAL',	NULL,	'BLOCK',	'2024-08-07 09:00:00',	'2024-08-07 10:00:00',	'2024-08-24 00:23:08',	'system',	NULL,	NULL),
('04e98d21-5bf0-413f-aad4-6239259e8a22',	'Daily Sale 09:00 11-08-2024',	'Chương trình giảm giá hằng ngày kích cầu mua sắm 09:00 11-08-2024',	'NORMAL',	NULL,	'BLOCK',	'2024-08-11 09:00:00',	'2024-08-11 10:00:00',	'2024-08-24 00:23:20',	'system',	NULL,	NULL),
('051efd1b-737b-4719-9b65-e1093f5da718',	'Daily Sale 02:00 07-08-2024',	'Chương trình giảm giá hằng ngày kích cầu mua sắm 02:00 07-08-2024',	'NORMAL',	NULL,	'BLOCK',	'2024-08-07 02:00:00',	'2024-08-07 03:00:00',	'2024-08-24 00:23:08',	'system',	NULL,	NULL),
('0616d230-086a-40f2-9d53-5691dd9bb1e8',	'Daily Sale 23:00 06-08-2024',	'Chương trình giảm giá hằng ngày kích cầu mua sắm 23:00 06-08-2024',	'NORMAL',	NULL,	'BLOCK',	'2024-08-06 23:00:00',	'2024-08-07 00:00:00',	'2024-08-24 00:23:04',	'system',	NULL,	NULL),
('061caa8f-6347-4dc2-bef9-ae1ae356f668',	'Daily Sale 00:00 10-08-2024',	'Chương trình giảm giá hằng ngày kích cầu mua sắm 00:00 10-08-2024',	'NORMAL',	NULL,	'BLOCK',	'2024-08-10 00:00:00',	'2024-08-10 01:00:00',	'2024-08-23 23:23:16',	'system',	NULL,	NULL),
('065547ca-4424-4a4f-ae12-c996e4f464b0',	'Daily Sale 00:00 24-08-2024',	'Chương trình giảm giá hằng ngày kích cầu mua sắm 00:00 24-08-2024',	'NORMAL',	NULL,	'BLOCK',	'2024-08-24 00:00:00',	'2024-08-24 01:00:00',	'2024-08-24 08:50:20',	'system',	NULL,	NULL),
('06f2ab42-b464-458a-b6e2-1f284ebd08c8',	'Daily Sale 01:00 11-08-2024',	'Chương trình giảm giá hằng ngày kích cầu mua sắm 01:00 11-08-2024',	'NORMAL',	NULL,	'BLOCK',	'2024-08-11 01:00:00',	'2024-08-11 02:00:00',	'2024-08-23 23:23:20',	'system',	NULL,	NULL),
('06fe1d50-8553-4079-a974-b9983419b432',	'Daily Sale 08:00 11-08-2024',	'Chương trình giảm giá hằng ngày kích cầu mua sắm 08:00 11-08-2024',	'NORMAL',	NULL,	'BLOCK',	'2024-08-11 08:00:00',	'2024-08-11 09:00:00',	'2024-08-24 00:23:20',	'system',	NULL,	NULL),
('0711acce-ea0b-475c-b7e4-b737cf5d13fd',	'Daily Sale 22:00 05-08-2024',	'Chương trình giảm giá hằng ngày kích cầu mua sắm 22:00 05-08-2024',	'NORMAL',	NULL,	'BLOCK',	'2024-08-05 22:00:00',	'2024-08-05 23:00:00',	'2024-08-24 00:23:00',	'system',	NULL,	NULL),
('07137689-73c0-41da-814d-8f52000ea2e1',	'Daily Sale 23:00 06-08-2024',	'Chương trình giảm giá hằng ngày kích cầu mua sắm 23:00 06-08-2024',	'NORMAL',	NULL,	'BLOCK',	'2024-08-06 23:00:00',	'2024-08-07 00:00:00',	'2024-08-24 00:23:04',	'system',	NULL,	NULL),
('07a6c3e3-03b6-407c-b4cd-540516dfcae4',	'Daily Sale 11:00 20-08-2024',	'Chương trình giảm giá hằng ngày kích cầu mua sắm 11:00 20-08-2024',	'NORMAL',	NULL,	'BLOCK',	'2024-08-20 11:00:00',	'2024-08-20 12:00:00',	'2024-08-24 08:50:04',	'system',	NULL,	NULL),
('07a920d0-4a77-44e6-8875-9c5e3bf36caa',	'Daily Sale 06:00 10-08-2024',	'Chương trình giảm giá hằng ngày kích cầu mua sắm 06:00 10-08-2024',	'NORMAL',	NULL,	'BLOCK',	'2024-08-10 06:00:00',	'2024-08-10 07:00:00',	'2024-08-24 00:23:16',	'system',	NULL,	NULL),
('08351cd0-56d6-4ea6-9ba3-1ba0e5db843f',	'Daily Sale 22:00 20-08-2024',	'Chương trình giảm giá hằng ngày kích cầu mua sắm 22:00 20-08-2024',	'NORMAL',	NULL,	'BLOCK',	'2024-08-20 22:00:00',	'2024-08-20 23:00:00',	'2024-08-24 08:50:04',	'system',	NULL,	NULL),
('08f068ac-97c8-4caa-81e0-c3a8e2a18b4f',	'Daily Sale 02:00 22-08-2024',	'Chương trình giảm giá hằng ngày kích cầu mua sắm 02:00 22-08-2024',	'NORMAL',	NULL,	'BLOCK',	'2024-08-22 02:00:00',	'2024-08-22 03:00:00',	'2024-08-24 08:50:12',	'system',	NULL,	NULL),
('09c1b05d-8869-4ce7-aa14-1c3c45390b4c',	'Daily Sale 06:00 09-08-2024',	'Chương trình giảm giá hằng ngày kích cầu mua sắm 06:00 09-08-2024',	'NORMAL',	NULL,	'BLOCK',	'2024-08-09 06:00:00',	'2024-08-09 07:00:00',	'2024-08-24 00:23:12',	'system',	NULL,	NULL),
('0bd755fd-0325-4c8a-a6a3-6e9d3ba8fa7a',	'Daily Sale 09:00 22-08-2024',	'Chương trình giảm giá hằng ngày kích cầu mua sắm 09:00 22-08-2024',	'NORMAL',	NULL,	'BLOCK',	'2024-08-22 09:00:00',	'2024-08-22 10:00:00',	'2024-08-24 08:50:12',	'system',	NULL,	NULL),
('0c7b4659-a013-4842-bc44-ff410b43d18f',	'Daily Sale 14:00 06-08-2024',	'Chương trình giảm giá hằng ngày kích cầu mua sắm 14:00 06-08-2024',	'NORMAL',	NULL,	'BLOCK',	'2024-08-06 14:00:00',	'2024-08-06 15:00:00',	'2024-08-24 00:23:04',	'system',	NULL,	NULL),
('0cbf88d8-dcff-46eb-9b86-8f8f8c7f4e42',	'Siêu sale hằng tháng 00:00 08-08-2024',	'Đại tiệc siêu sale hằng tháng 00:00 08-08-2024',	'SPEACIAL',	NULL,	'BLOCK',	'2024-08-08 00:00:00',	'2024-08-08 01:00:00',	'2024-08-24 00:23:12',	'system',	NULL,	NULL),
('0cce1085-3519-4bbd-8bf8-763ac6168a22',	'Daily Sale 06:00 06-08-2024',	'Chương trình giảm giá hằng ngày kích cầu mua sắm 06:00 06-08-2024',	'NORMAL',	NULL,	'BLOCK',	'2024-08-06 06:00:00',	'2024-08-06 07:00:00',	'2024-08-23 23:23:04',	'system',	NULL,	NULL),
('0ceb2896-06d9-4641-80be-5da3aaad94a9',	'Daily Sale 14:00 09-08-2024',	'Chương trình giảm giá hằng ngày kích cầu mua sắm 14:00 09-08-2024',	'NORMAL',	NULL,	'BLOCK',	'2024-08-09 14:00:00',	'2024-08-09 15:00:00',	'2024-08-24 00:23:12',	'system',	NULL,	NULL),
('0d4f9c46-9869-4f0b-96c7-cf7792f5115e',	'Daily Sale 14:00 10-08-2024',	'Chương trình giảm giá hằng ngày kích cầu mua sắm 14:00 10-08-2024',	'NORMAL',	NULL,	'BLOCK',	'2024-08-10 14:00:00',	'2024-08-10 15:00:00',	'2024-08-24 00:23:16',	'system',	NULL,	NULL),
('0dc0e80e-fdc1-4a5a-b4e6-d929eb7f5623',	'Daily Sale 18:00 06-08-2024',	'Chương trình giảm giá hằng ngày kích cầu mua sắm 18:00 06-08-2024',	'NORMAL',	NULL,	'BLOCK',	'2024-08-06 18:00:00',	'2024-08-06 19:00:00',	'2024-08-23 23:23:04',	'system',	NULL,	NULL),
('0efcf0c8-a573-4a87-b939-f6c68ae50935',	'Daily Sale 16:00 07-08-2024',	'Chương trình giảm giá hằng ngày kích cầu mua sắm 16:00 07-08-2024',	'NORMAL',	NULL,	'BLOCK',	'2024-08-07 16:00:00',	'2024-08-07 17:00:00',	'2024-08-24 00:23:08',	'system',	NULL,	NULL),
('0fd6b82e-6d0b-4395-8a54-207b885d972f',	'Daily Sale 19:00 11-08-2024',	'Chương trình giảm giá hằng ngày kích cầu mua sắm 19:00 11-08-2024',	'NORMAL',	NULL,	'BLOCK',	'2024-08-11 19:00:00',	'2024-08-11 20:00:00',	'2024-08-24 00:23:20',	'system',	NULL,	NULL),
('100931af-0353-45f5-b1c1-94ce242069be',	'Daily Sale 07:00 25-08-2024',	'Chương trình giảm giá hằng ngày kích cầu mua sắm 07:00 25-08-2024',	'NORMAL',	NULL,	'BLOCK',	'2024-08-25 07:00:00',	'2024-08-25 08:00:00',	'2024-08-24 08:50:24',	'system',	NULL,	NULL),
('100b058e-9b58-454b-a0a9-35ce4497a6d8',	'Daily Sale 04:00 24-08-2024',	'Chương trình giảm giá hằng ngày kích cầu mua sắm 04:00 24-08-2024',	'NORMAL',	NULL,	'BLOCK',	'2024-08-24 04:00:00',	'2024-08-24 05:00:00',	'2024-08-24 08:50:20',	'system',	NULL,	NULL),
('110ced15-2989-4133-8f67-433508d9c61d',	'Daily Sale 05:00 07-08-2024',	'Chương trình giảm giá hằng ngày kích cầu mua sắm 05:00 07-08-2024',	'NORMAL',	NULL,	'BLOCK',	'2024-08-07 05:00:00',	'2024-08-07 06:00:00',	'2024-08-24 00:23:08',	'system',	NULL,	NULL),
('115dbb3d-6670-474b-b9cb-0f7d61c2cc2d',	'Daily Sale 01:00 11-08-2024',	'Chương trình giảm giá hằng ngày kích cầu mua sắm 01:00 11-08-2024',	'NORMAL',	NULL,	'BLOCK',	'2024-08-11 01:00:00',	'2024-08-11 02:00:00',	'2024-08-24 00:23:20',	'system',	NULL,	NULL),
('11c13fba-e5d3-408c-b131-b65eb9ae00fe',	'Daily Sale 00:00 11-08-2024',	'Chương trình giảm giá hằng ngày kích cầu mua sắm 00:00 11-08-2024',	'NORMAL',	NULL,	'BLOCK',	'2024-08-11 00:00:00',	'2024-08-11 01:00:00',	'2024-08-24 00:23:20',	'system',	NULL,	NULL),
('11ce72e5-3f45-4760-b5b3-c8c052ef15c9',	'Daily Sale 10:00 09-08-2024',	'Chương trình giảm giá hằng ngày kích cầu mua sắm 10:00 09-08-2024',	'NORMAL',	NULL,	'BLOCK',	'2024-08-09 10:00:00',	'2024-08-09 11:00:00',	'2024-08-23 23:23:12',	'system',	NULL,	NULL),
('11d6876f-661b-448a-b275-fe293e0f3a37',	'Daily Sale 07:00 10-08-2024',	'Chương trình giảm giá hằng ngày kích cầu mua sắm 07:00 10-08-2024',	'NORMAL',	NULL,	'BLOCK',	'2024-08-10 07:00:00',	'2024-08-10 08:00:00',	'2024-08-24 00:23:16',	'system',	NULL,	NULL),
('1206d177-474f-48ed-ad1f-01a2c5bf5ff7',	'Daily Sale 18:00 09-08-2024',	'Chương trình giảm giá hằng ngày kích cầu mua sắm 18:00 09-08-2024',	'NORMAL',	NULL,	'BLOCK',	'2024-08-09 18:00:00',	'2024-08-09 19:00:00',	'2024-08-23 23:23:12',	'system',	NULL,	NULL),
('1294d988-aa9d-490d-9be6-f7bd8ee9dd58',	'Daily Sale 12:00 06-08-2024',	'Chương trình giảm giá hằng ngày kích cầu mua sắm 12:00 06-08-2024',	'NORMAL',	NULL,	'BLOCK',	'2024-08-06 12:00:00',	'2024-08-06 13:00:00',	'2024-08-24 00:23:04',	'system',	NULL,	NULL),
('12ac542a-65b8-4e04-9528-90e613994c87',	'Daily Sale 15:00 07-08-2024',	'Chương trình giảm giá hằng ngày kích cầu mua sắm 15:00 07-08-2024',	'NORMAL',	NULL,	'BLOCK',	'2024-08-07 15:00:00',	'2024-08-07 16:00:00',	'2024-08-24 00:23:08',	'system',	NULL,	NULL),
('136f73d6-8898-4bda-a9a3-c2173b8a514e',	'Daily Sale 03:00 11-08-2024',	'Chương trình giảm giá hằng ngày kích cầu mua sắm 03:00 11-08-2024',	'NORMAL',	NULL,	'BLOCK',	'2024-08-11 03:00:00',	'2024-08-11 04:00:00',	'2024-08-24 00:23:20',	'system',	NULL,	NULL),
('13ad3d4e-7952-43e9-a222-7e5e53935ba4',	'Daily Sale 13:00 20-08-2024',	'Chương trình giảm giá hằng ngày kích cầu mua sắm 13:00 20-08-2024',	'NORMAL',	NULL,	'BLOCK',	'2024-08-20 13:00:00',	'2024-08-20 14:00:00',	'2024-08-24 08:50:04',	'system',	NULL,	NULL),
('13bee1d7-3b4f-4b59-9bc5-06d15b098aac',	'Daily Sale 14:00 06-08-2024',	'Chương trình giảm giá hằng ngày kích cầu mua sắm 14:00 06-08-2024',	'NORMAL',	NULL,	'BLOCK',	'2024-08-06 14:00:00',	'2024-08-06 15:00:00',	'2024-08-23 23:23:04',	'system',	NULL,	NULL),
('145a0683-1e7c-438d-8570-f8fa0dd84141',	'Daily Sale 19:00 22-08-2024',	'Chương trình giảm giá hằng ngày kích cầu mua sắm 19:00 22-08-2024',	'NORMAL',	NULL,	'BLOCK',	'2024-08-22 19:00:00',	'2024-08-22 20:00:00',	'2024-08-24 08:50:12',	'system',	NULL,	NULL),
('152d6d22-65a5-454b-945f-86a19d21b5cc',	'Daily Sale 15:00 19-08-2024',	'Chương trình giảm giá hằng ngày kích cầu mua sắm 15:00 19-08-2024',	'NORMAL',	NULL,	'BLOCK',	'2024-08-19 15:00:00',	'2024-08-19 16:00:00',	'2024-08-24 08:50:00',	'system',	NULL,	NULL),
('1541d2f7-f082-4754-92fb-5dbaa856050a',	'Daily Sale 06:00 09-08-2024',	'Chương trình giảm giá hằng ngày kích cầu mua sắm 06:00 09-08-2024',	'NORMAL',	NULL,	'BLOCK',	'2024-08-09 06:00:00',	'2024-08-09 07:00:00',	'2024-08-23 23:23:12',	'system',	NULL,	NULL),
('1705486f-d752-4261-be01-7799b37455ba',	'Daily Sale 05:00 09-08-2024',	'Chương trình giảm giá hằng ngày kích cầu mua sắm 05:00 09-08-2024',	'NORMAL',	NULL,	'BLOCK',	'2024-08-09 05:00:00',	'2024-08-09 06:00:00',	'2024-08-23 23:23:12',	'system',	NULL,	NULL),
('179dc2a5-6c30-4b9f-a099-e66e672aeffe',	'Daily Sale 16:00 06-08-2024',	'Chương trình giảm giá hằng ngày kích cầu mua sắm 16:00 06-08-2024',	'NORMAL',	NULL,	'BLOCK',	'2024-08-06 16:00:00',	'2024-08-06 17:00:00',	'2024-08-23 23:23:04',	'system',	NULL,	NULL),
('17e80e7a-6607-4cb1-bcd9-e6347f37f55d',	'Daily Sale 00:00 05-08-2024',	'Chương trình giảm giá hằng ngày kích cầu mua sắm 00:00 05-08-2024',	'NORMAL',	NULL,	'BLOCK',	'2024-08-05 00:00:00',	'2024-08-05 01:00:00',	'2024-08-23 23:23:00',	'system',	NULL,	NULL),
('18643056-2f5e-41f7-94c4-7b3a93ff7ee6',	'Daily Sale 02:00 25-08-2024',	'Chương trình giảm giá hằng ngày kích cầu mua sắm 02:00 25-08-2024',	'NORMAL',	NULL,	'BLOCK',	'2024-08-25 02:00:00',	'2024-08-25 03:00:00',	'2024-08-24 08:50:24',	'system',	NULL,	NULL),
('18c42e02-241f-4bbf-b30c-7dfa5c171cce',	'Daily Sale 04:00 19-08-2024',	'Chương trình giảm giá hằng ngày kích cầu mua sắm 04:00 19-08-2024',	'NORMAL',	NULL,	'BLOCK',	'2024-08-19 04:00:00',	'2024-08-19 05:00:00',	'2024-08-24 08:50:00',	'system',	NULL,	NULL),
('19725d56-f9af-421a-8e0f-fa25be456887',	'Daily Sale 12:00 09-08-2024',	'Chương trình giảm giá hằng ngày kích cầu mua sắm 12:00 09-08-2024',	'NORMAL',	NULL,	'BLOCK',	'2024-08-09 12:00:00',	'2024-08-09 13:00:00',	'2024-08-23 23:23:12',	'system',	NULL,	NULL),
('19a4a44d-f314-4ee1-8111-480ab7555cb2',	'Daily Sale 11:00 10-08-2024',	'Chương trình giảm giá hằng ngày kích cầu mua sắm 11:00 10-08-2024',	'NORMAL',	NULL,	'BLOCK',	'2024-08-10 11:00:00',	'2024-08-10 12:00:00',	'2024-08-24 00:23:16',	'system',	NULL,	NULL),
('19aa59e3-8626-462c-bd50-16435d9182e4',	'Daily Sale 02:00 10-08-2024',	'Chương trình giảm giá hằng ngày kích cầu mua sắm 02:00 10-08-2024',	'NORMAL',	NULL,	'BLOCK',	'2024-08-10 02:00:00',	'2024-08-10 03:00:00',	'2024-08-24 00:23:16',	'system',	NULL,	NULL),
('1a61badc-a297-4c7b-a37e-591b84db4d18',	'Daily Sale 23:00 10-08-2024',	'Chương trình giảm giá hằng ngày kích cầu mua sắm 23:00 10-08-2024',	'NORMAL',	NULL,	'BLOCK',	'2024-08-10 23:00:00',	'2024-08-11 00:00:00',	'2024-08-24 00:23:20',	'system',	NULL,	NULL),
('1a6338b8-b7ec-4cc1-8870-f9418341b7fe',	'Daily Sale 03:00 23-08-2024',	'Chương trình giảm giá hằng ngày kích cầu mua sắm 03:00 23-08-2024',	'NORMAL',	NULL,	'BLOCK',	'2024-08-23 03:00:00',	'2024-08-23 04:00:00',	'2024-08-24 08:50:16',	'system',	NULL,	NULL),
('1a7e0e06-25ed-43ca-b2f8-0edef9716f46',	'Daily Sale 08:00 11-08-2024',	'Chương trình giảm giá hằng ngày kích cầu mua sắm 08:00 11-08-2024',	'NORMAL',	NULL,	'BLOCK',	'2024-08-11 08:00:00',	'2024-08-11 09:00:00',	'2024-08-23 23:23:20',	'system',	NULL,	NULL),
('1a98532c-f8bb-4d21-9118-f70413fdaacb',	'Daily Sale 20:00 11-08-2024',	'Chương trình giảm giá hằng ngày kích cầu mua sắm 20:00 11-08-2024',	'NORMAL',	NULL,	'BLOCK',	'2024-08-11 20:00:00',	'2024-08-11 21:00:00',	'2024-08-24 00:23:20',	'system',	NULL,	NULL),
('1aee11e0-e836-4bb7-b3b0-8e543a8bb32b',	'Daily Sale 01:00 05-08-2024',	'Chương trình giảm giá hằng ngày kích cầu mua sắm 01:00 05-08-2024',	'NORMAL',	NULL,	'BLOCK',	'2024-08-05 01:00:00',	'2024-08-05 02:00:00',	'2024-08-24 00:23:00',	'system',	NULL,	NULL),
('1b54faba-f6c7-4998-801f-47c17e536eef',	'Daily Sale 03:00 11-08-2024',	'Chương trình giảm giá hằng ngày kích cầu mua sắm 03:00 11-08-2024',	'NORMAL',	NULL,	'BLOCK',	'2024-08-11 03:00:00',	'2024-08-11 04:00:00',	'2024-08-23 23:23:20',	'system',	NULL,	NULL),
('1b63330a-931a-490a-96c2-de112d25f509',	'Daily Sale 20:00 11-08-2024',	'Chương trình giảm giá hằng ngày kích cầu mua sắm 20:00 11-08-2024',	'NORMAL',	NULL,	'BLOCK',	'2024-08-11 20:00:00',	'2024-08-11 21:00:00',	'2024-08-23 23:23:20',	'system',	NULL,	NULL),
('1c4dcabc-0c52-4515-94f0-735bcd9376cb',	'Daily Sale 01:00 05-08-2024',	'Chương trình giảm giá hằng ngày kích cầu mua sắm 01:00 05-08-2024',	'NORMAL',	NULL,	'BLOCK',	'2024-08-05 01:00:00',	'2024-08-05 02:00:00',	'2024-08-23 23:23:00',	'system',	NULL,	NULL),
('1cb35257-e746-4f41-b981-b6d454a6b5f2',	'Daily Sale 17:00 23-08-2024',	'Chương trình giảm giá hằng ngày kích cầu mua sắm 17:00 23-08-2024',	'NORMAL',	NULL,	'BLOCK',	'2024-08-23 17:00:00',	'2024-08-23 18:00:00',	'2024-08-24 08:50:16',	'system',	NULL,	NULL),
('1e070af4-4e0d-460c-9792-d1ecf0d96332',	'Daily Sale 08:00 06-08-2024',	'Chương trình giảm giá hằng ngày kích cầu mua sắm 08:00 06-08-2024',	'NORMAL',	NULL,	'BLOCK',	'2024-08-06 08:00:00',	'2024-08-06 09:00:00',	'2024-08-24 00:23:04',	'system',	NULL,	NULL),
('1e24312e-1c69-4f6c-acb6-91d5c5b07aec',	'Daily Sale 16:00 11-08-2024',	'Chương trình giảm giá hằng ngày kích cầu mua sắm 16:00 11-08-2024',	'NORMAL',	NULL,	'BLOCK',	'2024-08-11 16:00:00',	'2024-08-11 17:00:00',	'2024-08-23 23:23:20',	'system',	NULL,	NULL),
('1e2d179b-7d5d-4ed5-a557-38cd3a82abc3',	'Daily Sale 13:00 06-08-2024',	'Chương trình giảm giá hằng ngày kích cầu mua sắm 13:00 06-08-2024',	'NORMAL',	NULL,	'BLOCK',	'2024-08-06 13:00:00',	'2024-08-06 14:00:00',	'2024-08-24 00:23:04',	'system',	NULL,	NULL),
('1e711ce4-df8b-474b-abfa-3b5b2eb18912',	'Daily Sale 11:00 06-08-2024',	'Chương trình giảm giá hằng ngày kích cầu mua sắm 11:00 06-08-2024',	'NORMAL',	NULL,	'BLOCK',	'2024-08-06 11:00:00',	'2024-08-06 12:00:00',	'2024-08-23 23:23:04',	'system',	NULL,	NULL),
('203bebd1-6aaa-43bb-8096-456ac3b94d0a',	'Daily Sale 20:00 09-08-2024',	'Chương trình giảm giá hằng ngày kích cầu mua sắm 20:00 09-08-2024',	'NORMAL',	NULL,	'BLOCK',	'2024-08-09 20:00:00',	'2024-08-09 21:00:00',	'2024-08-24 00:23:12',	'system',	NULL,	NULL),
('20d0609c-8197-4d6c-9c51-27c9df5f0f95',	'Daily Sale 18:00 09-08-2024',	'Chương trình giảm giá hằng ngày kích cầu mua sắm 18:00 09-08-2024',	'NORMAL',	NULL,	'BLOCK',	'2024-08-09 18:00:00',	'2024-08-09 19:00:00',	'2024-08-24 00:23:12',	'system',	NULL,	NULL),
('21162fa6-2e03-496f-9af1-a382522369c9',	'Daily Sale 19:00 09-08-2024',	'Chương trình giảm giá hằng ngày kích cầu mua sắm 19:00 09-08-2024',	'NORMAL',	NULL,	'BLOCK',	'2024-08-09 19:00:00',	'2024-08-09 20:00:00',	'2024-08-24 00:23:12',	'system',	NULL,	NULL),
('2135ac53-327b-412f-b69a-a6e37a66c63e',	'Daily Sale 07:00 09-08-2024',	'Chương trình giảm giá hằng ngày kích cầu mua sắm 07:00 09-08-2024',	'NORMAL',	NULL,	'BLOCK',	'2024-08-09 07:00:00',	'2024-08-09 08:00:00',	'2024-08-23 23:23:12',	'system',	NULL,	NULL),
('21658eb1-6f15-4a27-bc9a-ea418e9c0d38',	'Daily Sale 09:00 25-08-2024',	'Chương trình giảm giá hằng ngày kích cầu mua sắm 09:00 25-08-2024',	'NORMAL',	NULL,	'BLOCK',	'2024-08-25 09:00:00',	'2024-08-25 10:00:00',	'2024-08-24 08:50:24',	'system',	NULL,	NULL),
('21a5f777-f9c8-442a-a7aa-5b01d1da8c81',	'Daily Sale 18:00 05-08-2024',	'Chương trình giảm giá hằng ngày kích cầu mua sắm 18:00 05-08-2024',	'NORMAL',	NULL,	'BLOCK',	'2024-08-05 18:00:00',	'2024-08-05 19:00:00',	'2024-08-24 00:23:00',	'system',	NULL,	NULL),
('21b1575a-e315-47b8-8dd5-1a544a33dff5',	'Daily Sale 01:00 19-08-2024',	'Chương trình giảm giá hằng ngày kích cầu mua sắm 01:00 19-08-2024',	'NORMAL',	NULL,	'BLOCK',	'2024-08-19 01:00:00',	'2024-08-19 02:00:00',	'2024-08-24 08:50:00',	'system',	NULL,	NULL),
('21c1312b-b4fd-42e5-8f39-feb34ae4c24d',	'Daily Sale 06:00 09-08-2024',	'Chương trình giảm giá hằng ngày kích cầu mua sắm 06:00 09-08-2024',	'NORMAL',	NULL,	'BLOCK',	'2024-08-09 06:00:00',	'2024-08-09 07:00:00',	'2024-08-24 00:23:12',	'system',	NULL,	NULL),
('22833d07-ae83-43f8-bd20-e394a0519add',	'Daily Sale 19:00 10-08-2024',	'Chương trình giảm giá hằng ngày kích cầu mua sắm 19:00 10-08-2024',	'NORMAL',	NULL,	'BLOCK',	'2024-08-10 19:00:00',	'2024-08-10 20:00:00',	'2024-08-24 00:23:16',	'system',	NULL,	NULL),
('22e4543c-2e10-4f4d-9e9e-d399ac17378e',	'Daily Sale 14:00 07-08-2024',	'Chương trình giảm giá hằng ngày kích cầu mua sắm 14:00 07-08-2024',	'NORMAL',	NULL,	'BLOCK',	'2024-08-07 14:00:00',	'2024-08-07 15:00:00',	'2024-08-24 00:23:08',	'system',	NULL,	NULL),
('2302cf91-b07a-48e9-81e4-1462d6dbc90b',	'Daily Sale 18:00 19-08-2024',	'Chương trình giảm giá hằng ngày kích cầu mua sắm 18:00 19-08-2024',	'NORMAL',	NULL,	'BLOCK',	'2024-08-19 18:00:00',	'2024-08-19 19:00:00',	'2024-08-24 08:50:00',	'system',	NULL,	NULL),
('234bc428-5a61-4725-9a06-33b2d419e08b',	'Daily Sale 13:00 11-08-2024',	'Chương trình giảm giá hằng ngày kích cầu mua sắm 13:00 11-08-2024',	'NORMAL',	NULL,	'BLOCK',	'2024-08-11 13:00:00',	'2024-08-11 14:00:00',	'2024-08-24 00:23:20',	'system',	NULL,	NULL),
('23cc36f6-6e6b-444e-b388-52c9d70b4dc1',	'Daily Sale 11:00 05-08-2024',	'Chương trình giảm giá hằng ngày kích cầu mua sắm 11:00 05-08-2024',	'NORMAL',	NULL,	'BLOCK',	'2024-08-05 11:00:00',	'2024-08-05 12:00:00',	'2024-08-24 00:23:00',	'system',	NULL,	NULL),
('2465ca3a-ba3b-4815-bc50-aa156cac33d2',	'Daily Sale 22:00 22-08-2024',	'Chương trình giảm giá hằng ngày kích cầu mua sắm 22:00 22-08-2024',	'NORMAL',	NULL,	'BLOCK',	'2024-08-22 22:00:00',	'2024-08-22 23:00:00',	'2024-08-24 08:50:12',	'system',	NULL,	NULL),
('25075031-d40b-4ee0-a194-64264a97323c',	'Daily Sale 20:00 22-08-2024',	'Chương trình giảm giá hằng ngày kích cầu mua sắm 20:00 22-08-2024',	'NORMAL',	NULL,	'BLOCK',	'2024-08-22 20:00:00',	'2024-08-22 21:00:00',	'2024-08-24 08:50:12',	'system',	NULL,	NULL),
('250f743d-a3df-4b41-88e0-183c0d405fae',	'Daily Sale 12:00 05-08-2024',	'Chương trình giảm giá hằng ngày kích cầu mua sắm 12:00 05-08-2024',	'NORMAL',	NULL,	'BLOCK',	'2024-08-05 12:00:00',	'2024-08-05 13:00:00',	'2024-08-24 00:23:00',	'system',	NULL,	NULL),
('256426a1-69c9-41ae-8252-1c66ba959434',	'Daily Sale 20:00 11-08-2024',	'Chương trình giảm giá hằng ngày kích cầu mua sắm 20:00 11-08-2024',	'NORMAL',	NULL,	'BLOCK',	'2024-08-11 20:00:00',	'2024-08-11 21:00:00',	'2024-08-24 00:23:20',	'system',	NULL,	NULL),
('2567192d-28a4-45b5-9bee-20138ab574f9',	'Siêu sale hằng tháng 17:00 07-08-2024',	'Đại tiệc siêu sale hằng tháng 17:00 07-08-2024',	'SPEACIAL',	NULL,	'BLOCK',	'2024-08-07 17:00:00',	'2024-08-07 18:00:00',	'2024-08-24 00:23:08',	'system',	NULL,	NULL),
('2609038b-2a4a-49ad-87f3-cbaf1e4c937a',	'Daily Sale 23:00 11-08-2024',	'Chương trình giảm giá hằng ngày kích cầu mua sắm 23:00 11-08-2024',	'NORMAL',	NULL,	'BLOCK',	'2024-08-11 23:00:00',	'2024-08-12 00:00:00',	'2024-08-24 00:23:24',	'system',	NULL,	NULL),
('26521c3d-652a-4b1a-9b20-0bc54840c0ca',	'Daily Sale 00:00 22-08-2024',	'Chương trình giảm giá hằng ngày kích cầu mua sắm 00:00 22-08-2024',	'NORMAL',	NULL,	'BLOCK',	'2024-08-22 00:00:00',	'2024-08-22 01:00:00',	'2024-08-24 08:50:12',	'system',	NULL,	NULL),
('26626a2d-e8a4-410c-8095-3dec97331353',	'Daily Sale 17:00 25-08-2024',	'Chương trình giảm giá hằng ngày kích cầu mua sắm 17:00 25-08-2024',	'NORMAL',	NULL,	'BLOCK',	'2024-08-25 17:00:00',	'2024-08-25 18:00:00',	'2024-08-24 08:50:24',	'system',	NULL,	NULL),
('26cea803-68cd-40ab-bf41-5270e4952e2e',	'Daily Sale 08:00 05-08-2024',	'Chương trình giảm giá hằng ngày kích cầu mua sắm 08:00 05-08-2024',	'NORMAL',	NULL,	'BLOCK',	'2024-08-05 08:00:00',	'2024-08-05 09:00:00',	'2024-08-24 00:23:00',	'system',	NULL,	NULL),
('274e1c2a-060f-4c69-bb0f-6e27e9478cc4',	'Daily Sale 23:00 23-08-2024',	'Chương trình giảm giá hằng ngày kích cầu mua sắm 23:00 23-08-2024',	'NORMAL',	NULL,	'BLOCK',	'2024-08-23 23:00:00',	'2024-08-24 00:00:00',	'2024-08-24 08:50:16',	'system',	NULL,	NULL),
('2751cc09-2476-4987-9610-d2d8d4fe600a',	'Daily Sale 07:00 10-08-2024',	'Chương trình giảm giá hằng ngày kích cầu mua sắm 07:00 10-08-2024',	'NORMAL',	NULL,	'BLOCK',	'2024-08-10 07:00:00',	'2024-08-10 08:00:00',	'2024-08-24 00:23:16',	'system',	NULL,	NULL),
('276c336c-a2bf-49f3-9e94-2ad839694c82',	'Daily Sale 18:00 20-08-2024',	'Chương trình giảm giá hằng ngày kích cầu mua sắm 18:00 20-08-2024',	'NORMAL',	NULL,	'BLOCK',	'2024-08-20 18:00:00',	'2024-08-20 19:00:00',	'2024-08-24 08:50:04',	'system',	NULL,	NULL),
('277ee364-2138-4d5b-b549-959af1c17764',	'Daily Sale 05:00 10-08-2024',	'Chương trình giảm giá hằng ngày kích cầu mua sắm 05:00 10-08-2024',	'NORMAL',	NULL,	'BLOCK',	'2024-08-10 05:00:00',	'2024-08-10 06:00:00',	'2024-08-24 00:23:16',	'system',	NULL,	NULL),
('2790d346-06a1-45dc-b4cc-c4045eb8a104',	'Daily Sale 03:00 09-08-2024',	'Chương trình giảm giá hằng ngày kích cầu mua sắm 03:00 09-08-2024',	'NORMAL',	NULL,	'BLOCK',	'2024-08-09 03:00:00',	'2024-08-09 04:00:00',	'2024-08-23 23:23:12',	'system',	NULL,	NULL),
('288eb9eb-0dbb-4282-9b25-787c7753ba62',	'Daily Sale 22:00 10-08-2024',	'Chương trình giảm giá hằng ngày kích cầu mua sắm 22:00 10-08-2024',	'NORMAL',	NULL,	'BLOCK',	'2024-08-10 22:00:00',	'2024-08-10 23:00:00',	'2024-08-24 00:23:16',	'system',	NULL,	NULL),
('28bd303a-087a-4a84-87f0-130aeb06f6bf',	'Daily Sale 08:00 06-08-2024',	'Chương trình giảm giá hằng ngày kích cầu mua sắm 08:00 06-08-2024',	'NORMAL',	NULL,	'BLOCK',	'2024-08-06 08:00:00',	'2024-08-06 09:00:00',	'2024-08-23 23:23:04',	'system',	NULL,	NULL),
('28df85e1-dc8e-4efb-957a-c73963592b30',	'Daily Sale 04:00 25-08-2024',	'Chương trình giảm giá hằng ngày kích cầu mua sắm 04:00 25-08-2024',	'NORMAL',	NULL,	'BLOCK',	'2024-08-25 04:00:00',	'2024-08-25 05:00:00',	'2024-08-24 08:50:24',	'system',	NULL,	NULL),
('28f7347c-f139-4608-b7a9-4b72c1d0e5c3',	'Daily Sale 21:00 11-08-2024',	'Chương trình giảm giá hằng ngày kích cầu mua sắm 21:00 11-08-2024',	'NORMAL',	NULL,	'BLOCK',	'2024-08-11 21:00:00',	'2024-08-11 22:00:00',	'2024-08-24 00:23:20',	'system',	NULL,	NULL),
('29306900-8ac2-41c3-b9ae-c7100e106d37',	'Daily Sale 09:00 07-08-2024',	'Chương trình giảm giá hằng ngày kích cầu mua sắm 09:00 07-08-2024',	'NORMAL',	NULL,	'BLOCK',	'2024-08-07 09:00:00',	'2024-08-07 10:00:00',	'2024-08-23 23:23:08',	'system',	NULL,	NULL),
('2a6160a8-9b66-45ba-b706-be1fdbce0aa1',	'Daily Sale 05:00 06-08-2024',	'Chương trình giảm giá hằng ngày kích cầu mua sắm 05:00 06-08-2024',	'NORMAL',	NULL,	'BLOCK',	'2024-08-06 05:00:00',	'2024-08-06 06:00:00',	'2024-08-23 23:23:04',	'system',	NULL,	NULL),
('2aa9fd41-37e9-4272-97b8-96b60e90229b',	'Daily Sale 15:00 20-08-2024',	'Chương trình giảm giá hằng ngày kích cầu mua sắm 15:00 20-08-2024',	'NORMAL',	NULL,	'BLOCK',	'2024-08-20 15:00:00',	'2024-08-20 16:00:00',	'2024-08-24 08:50:04',	'system',	NULL,	NULL),
('2b60aac7-f97e-43d3-912a-fee83bf47767',	'Daily Sale 04:00 09-08-2024',	'Chương trình giảm giá hằng ngày kích cầu mua sắm 04:00 09-08-2024',	'NORMAL',	NULL,	'BLOCK',	'2024-08-09 04:00:00',	'2024-08-09 05:00:00',	'2024-08-23 23:23:12',	'system',	NULL,	NULL),
('2bc9e8f4-3e9f-40f4-9250-b4b6da58b5c1',	'Daily Sale 02:00 09-08-2024',	'Chương trình giảm giá hằng ngày kích cầu mua sắm 02:00 09-08-2024',	'NORMAL',	NULL,	'BLOCK',	'2024-08-09 02:00:00',	'2024-08-09 03:00:00',	'2024-08-23 23:23:12',	'system',	NULL,	NULL),
('2c06fe5a-8fbb-42cb-a478-9a6d4e06ce6d',	'Daily Sale 06:00 19-08-2024',	'Chương trình giảm giá hằng ngày kích cầu mua sắm 06:00 19-08-2024',	'NORMAL',	NULL,	'BLOCK',	'2024-08-19 06:00:00',	'2024-08-19 07:00:00',	'2024-08-24 08:50:00',	'system',	NULL,	NULL),
('2ce50125-7862-4bc9-b555-c773d982829e',	'Daily Sale 23:00 11-08-2024',	'Chương trình giảm giá hằng ngày kích cầu mua sắm 23:00 11-08-2024',	'NORMAL',	NULL,	'BLOCK',	'2024-08-11 23:00:00',	'2024-08-12 00:00:00',	'2024-08-23 23:23:24',	'system',	NULL,	NULL),
('2ce9c4f6-db1b-4cea-a22e-c0720bc7ffac',	'Daily Sale 18:00 06-08-2024',	'Chương trình giảm giá hằng ngày kích cầu mua sắm 18:00 06-08-2024',	'NORMAL',	NULL,	'BLOCK',	'2024-08-06 18:00:00',	'2024-08-06 19:00:00',	'2024-08-24 00:23:04',	'system',	NULL,	NULL),
('2cf68913-f162-42c0-802a-38434b71af44',	'Daily Sale 20:00 06-08-2024',	'Chương trình giảm giá hằng ngày kích cầu mua sắm 20:00 06-08-2024',	'NORMAL',	NULL,	'BLOCK',	'2024-08-06 20:00:00',	'2024-08-06 21:00:00',	'2024-08-23 23:23:04',	'system',	NULL,	NULL),
('2d16fb0e-679b-4725-ab67-74cd338970f2',	'Daily Sale 22:00 23-08-2024',	'Chương trình giảm giá hằng ngày kích cầu mua sắm 22:00 23-08-2024',	'NORMAL',	NULL,	'BLOCK',	'2024-08-23 22:00:00',	'2024-08-23 23:00:00',	'2024-08-24 08:50:16',	'system',	NULL,	NULL),
('2d1cd507-f703-40d7-acac-f94e89d5bfcd',	'Daily Sale 11:00 11-08-2024',	'Chương trình giảm giá hằng ngày kích cầu mua sắm 11:00 11-08-2024',	'NORMAL',	NULL,	'BLOCK',	'2024-08-11 11:00:00',	'2024-08-11 12:00:00',	'2024-08-24 00:23:20',	'system',	NULL,	NULL),
('2e73bd46-a611-417c-b269-05999b0fa477',	'Daily Sale 09:00 20-08-2024',	'Chương trình giảm giá hằng ngày kích cầu mua sắm 09:00 20-08-2024',	'NORMAL',	NULL,	'BLOCK',	'2024-08-20 09:00:00',	'2024-08-20 10:00:00',	'2024-08-24 08:50:04',	'system',	NULL,	NULL),
('2f7b9a03-1c6e-45ea-9365-e63666f3d521',	'Daily Sale 19:00 05-08-2024',	'Chương trình giảm giá hằng ngày kích cầu mua sắm 19:00 05-08-2024',	'NORMAL',	NULL,	'BLOCK',	'2024-08-05 19:00:00',	'2024-08-05 20:00:00',	'2024-08-24 00:23:00',	'system',	NULL,	NULL),
('2fbc6b44-434a-44cc-8461-7ec2eaa1b46b',	'Daily Sale 11:00 10-08-2024',	'Chương trình giảm giá hằng ngày kích cầu mua sắm 11:00 10-08-2024',	'NORMAL',	NULL,	'BLOCK',	'2024-08-10 11:00:00',	'2024-08-10 12:00:00',	'2024-08-23 23:23:16',	'system',	NULL,	NULL),
('307a7a5c-3b42-45a1-87f6-4c54fccaad20',	'Daily Sale 07:00 06-08-2024',	'Chương trình giảm giá hằng ngày kích cầu mua sắm 07:00 06-08-2024',	'NORMAL',	NULL,	'BLOCK',	'2024-08-06 07:00:00',	'2024-08-06 08:00:00',	'2024-08-24 00:23:04',	'system',	NULL,	NULL),
('30db3228-9bac-4189-a73e-18a356b0fb86',	'Daily Sale 09:00 10-08-2024',	'Chương trình giảm giá hằng ngày kích cầu mua sắm 09:00 10-08-2024',	'NORMAL',	NULL,	'BLOCK',	'2024-08-10 09:00:00',	'2024-08-10 10:00:00',	'2024-08-23 23:23:16',	'system',	NULL,	NULL),
('31320ca4-382a-4450-b639-409684342933',	'Daily Sale 12:00 06-08-2024',	'Chương trình giảm giá hằng ngày kích cầu mua sắm 12:00 06-08-2024',	'NORMAL',	NULL,	'BLOCK',	'2024-08-06 12:00:00',	'2024-08-06 13:00:00',	'2024-08-23 23:23:04',	'system',	NULL,	NULL),
('31c72ec4-2c31-4694-aeb8-74485b540833',	'Daily Sale 11:00 07-08-2024',	'Chương trình giảm giá hằng ngày kích cầu mua sắm 11:00 07-08-2024',	'NORMAL',	NULL,	'BLOCK',	'2024-08-07 11:00:00',	'2024-08-07 12:00:00',	'2024-08-23 23:23:08',	'system',	NULL,	NULL),
('321572a8-7e9b-436f-ab77-dedbf00f60f3',	'Daily Sale 02:00 07-08-2024',	'Chương trình giảm giá hằng ngày kích cầu mua sắm 02:00 07-08-2024',	'NORMAL',	NULL,	'BLOCK',	'2024-08-07 02:00:00',	'2024-08-07 03:00:00',	'2024-08-23 23:23:08',	'system',	NULL,	NULL),
('3237757d-a7ae-4b0a-9916-b7eedb383191',	'Daily Sale 11:00 11-08-2024',	'Chương trình giảm giá hằng ngày kích cầu mua sắm 11:00 11-08-2024',	'NORMAL',	NULL,	'BLOCK',	'2024-08-11 11:00:00',	'2024-08-11 12:00:00',	'2024-08-23 23:23:20',	'system',	NULL,	NULL),
('3278f4ab-2a6a-48a9-83ab-dbf63a12cf23',	'Daily Sale 17:00 10-08-2024',	'Chương trình giảm giá hằng ngày kích cầu mua sắm 17:00 10-08-2024',	'NORMAL',	NULL,	'BLOCK',	'2024-08-10 17:00:00',	'2024-08-10 18:00:00',	'2024-08-24 00:23:16',	'system',	NULL,	NULL),
('3310831f-b33c-4e40-a654-685af24e2259',	'Daily Sale 19:00 05-08-2024',	'Chương trình giảm giá hằng ngày kích cầu mua sắm 19:00 05-08-2024',	'NORMAL',	NULL,	'BLOCK',	'2024-08-05 19:00:00',	'2024-08-05 20:00:00',	'2024-08-23 23:23:00',	'system',	NULL,	NULL),
('33e177b5-c581-4b5a-99ac-c3a153c92655',	'Daily Sale 14:00 20-08-2024',	'Chương trình giảm giá hằng ngày kích cầu mua sắm 14:00 20-08-2024',	'NORMAL',	NULL,	'BLOCK',	'2024-08-20 14:00:00',	'2024-08-20 15:00:00',	'2024-08-24 08:50:04',	'system',	NULL,	NULL),
('33ff2a4d-c1ab-433a-8eb8-4449389387d8',	'Daily Sale 06:00 06-08-2024',	'Chương trình giảm giá hằng ngày kích cầu mua sắm 06:00 06-08-2024',	'NORMAL',	NULL,	'BLOCK',	'2024-08-06 06:00:00',	'2024-08-06 07:00:00',	'2024-08-24 00:23:04',	'system',	NULL,	NULL),
('34bd4b6c-f61a-4354-8e65-b8fc22bd73f5',	'Daily Sale 07:00 07-08-2024',	'Chương trình giảm giá hằng ngày kích cầu mua sắm 07:00 07-08-2024',	'NORMAL',	NULL,	'BLOCK',	'2024-08-07 07:00:00',	'2024-08-07 08:00:00',	'2024-08-24 00:23:08',	'system',	NULL,	NULL),
('3516d3b1-3f6c-42cd-bf29-35df5228ea87',	'Siêu sale hằng tháng 23:00 07-08-2024',	'Đại tiệc siêu sale hằng tháng 23:00 07-08-2024',	'SPEACIAL',	NULL,	'BLOCK',	'2024-08-07 23:00:00',	'2024-08-08 00:00:00',	'2024-08-24 00:23:08',	'system',	NULL,	NULL),
('353fe711-3ea0-422d-ab5e-a7708bf25391',	'Daily Sale 14:00 05-08-2024',	'Chương trình giảm giá hằng ngày kích cầu mua sắm 14:00 05-08-2024',	'NORMAL',	NULL,	'BLOCK',	'2024-08-05 14:00:00',	'2024-08-05 15:00:00',	'2024-08-24 00:23:00',	'system',	NULL,	NULL),
('3541ceec-9aed-4317-b4d9-cb9cb9cf03c0',	'Daily Sale 20:00 10-08-2024',	'Chương trình giảm giá hằng ngày kích cầu mua sắm 20:00 10-08-2024',	'NORMAL',	NULL,	'BLOCK',	'2024-08-10 20:00:00',	'2024-08-10 21:00:00',	'2024-08-24 00:23:16',	'system',	NULL,	NULL),
('3637f5d0-a629-4fc5-8a97-28ff96c01d0c',	'Daily Sale 20:00 05-08-2024',	'Chương trình giảm giá hằng ngày kích cầu mua sắm 20:00 05-08-2024',	'NORMAL',	NULL,	'BLOCK',	'2024-08-05 20:00:00',	'2024-08-05 21:00:00',	'2024-08-24 00:23:00',	'system',	NULL,	NULL),
('367e9d4f-2726-47f1-85af-5111e0ca5947',	'Daily Sale 11:00 22-08-2024',	'Chương trình giảm giá hằng ngày kích cầu mua sắm 11:00 22-08-2024',	'NORMAL',	NULL,	'BLOCK',	'2024-08-22 11:00:00',	'2024-08-22 12:00:00',	'2024-08-24 08:50:12',	'system',	NULL,	NULL),
('36904d88-a23a-4246-a16f-c935d6173a9c',	'Daily Sale 22:00 05-08-2024',	'Chương trình giảm giá hằng ngày kích cầu mua sắm 22:00 05-08-2024',	'NORMAL',	NULL,	'BLOCK',	'2024-08-05 22:00:00',	'2024-08-05 23:00:00',	'2024-08-24 00:23:00',	'system',	NULL,	NULL),
('37115c4c-3401-4b50-aacd-3c10bd66880e',	'Daily Sale 14:00 23-08-2024',	'Chương trình giảm giá hằng ngày kích cầu mua sắm 14:00 23-08-2024',	'NORMAL',	NULL,	'BLOCK',	'2024-08-23 14:00:00',	'2024-08-23 15:00:00',	'2024-08-24 08:50:16',	'system',	NULL,	NULL),
('37143c82-5dec-4345-9b3d-6c3438e7d676',	'Daily Sale 08:00 06-08-2024',	'Chương trình giảm giá hằng ngày kích cầu mua sắm 08:00 06-08-2024',	'NORMAL',	NULL,	'BLOCK',	'2024-08-06 08:00:00',	'2024-08-06 09:00:00',	'2024-08-24 00:23:04',	'system',	NULL,	NULL),
('376ea05e-456a-4b0d-b32a-aa5cfe1d607c',	'Daily Sale 01:00 10-08-2024',	'Chương trình giảm giá hằng ngày kích cầu mua sắm 01:00 10-08-2024',	'NORMAL',	NULL,	'BLOCK',	'2024-08-10 01:00:00',	'2024-08-10 02:00:00',	'2024-08-23 23:23:16',	'system',	NULL,	NULL),
('381523c6-c25c-42f1-ab8c-ff2ae6e988af',	'Daily Sale 05:00 07-08-2024',	'Chương trình giảm giá hằng ngày kích cầu mua sắm 05:00 07-08-2024',	'NORMAL',	NULL,	'BLOCK',	'2024-08-07 05:00:00',	'2024-08-07 06:00:00',	'2024-08-23 23:23:08',	'system',	NULL,	NULL),
('38520670-0b6c-4899-b228-50a1daa1632e',	'Daily Sale 02:00 06-08-2024',	'Chương trình giảm giá hằng ngày kích cầu mua sắm 02:00 06-08-2024',	'NORMAL',	NULL,	'BLOCK',	'2024-08-06 02:00:00',	'2024-08-06 03:00:00',	'2024-08-24 00:23:04',	'system',	NULL,	NULL),
('39248e40-36fb-413b-9e10-e945f4d31eee',	'Daily Sale 03:00 19-08-2024',	'Chương trình giảm giá hằng ngày kích cầu mua sắm 03:00 19-08-2024',	'NORMAL',	NULL,	'BLOCK',	'2024-08-19 03:00:00',	'2024-08-19 04:00:00',	'2024-08-24 08:50:00',	'system',	NULL,	NULL),
('3a46be70-c671-4f9c-b818-ba1db9c6dd06',	'Daily Sale 16:00 10-08-2024',	'Chương trình giảm giá hằng ngày kích cầu mua sắm 16:00 10-08-2024',	'NORMAL',	NULL,	'BLOCK',	'2024-08-10 16:00:00',	'2024-08-10 17:00:00',	'2024-08-23 23:23:16',	'system',	NULL,	NULL),
('3a51d625-3661-4492-9bef-c7c2ce73864d',	'Daily Sale 17:00 11-08-2024',	'Chương trình giảm giá hằng ngày kích cầu mua sắm 17:00 11-08-2024',	'NORMAL',	NULL,	'BLOCK',	'2024-08-11 17:00:00',	'2024-08-11 18:00:00',	'2024-08-23 23:23:20',	'system',	NULL,	NULL),
('3abe821c-998e-4248-8383-528e937161f4',	'Daily Sale 15:00 09-08-2024',	'Chương trình giảm giá hằng ngày kích cầu mua sắm 15:00 09-08-2024',	'NORMAL',	NULL,	'BLOCK',	'2024-08-09 15:00:00',	'2024-08-09 16:00:00',	'2024-08-24 00:23:12',	'system',	NULL,	NULL),
('3af64092-e06c-4023-bfda-3c8f1daf94c6',	'Daily Sale 19:00 06-08-2024',	'Chương trình giảm giá hằng ngày kích cầu mua sắm 19:00 06-08-2024',	'NORMAL',	NULL,	'BLOCK',	'2024-08-06 19:00:00',	'2024-08-06 20:00:00',	'2024-08-23 23:23:04',	'system',	NULL,	NULL),
('3b20b0f8-bc0c-4483-b760-615de93e1880',	'Daily Sale 00:00 06-08-2024',	'Chương trình giảm giá hằng ngày kích cầu mua sắm 00:00 06-08-2024',	'NORMAL',	NULL,	'BLOCK',	'2024-08-06 00:00:00',	'2024-08-06 01:00:00',	'2024-08-24 00:23:04',	'system',	NULL,	NULL),
('3b678083-7f5b-47af-b250-0acd1d9bf8a5',	'Daily Sale 09:00 19-08-2024',	'Chương trình giảm giá hằng ngày kích cầu mua sắm 09:00 19-08-2024',	'NORMAL',	NULL,	'BLOCK',	'2024-08-19 09:00:00',	'2024-08-19 10:00:00',	'2024-08-24 08:50:00',	'system',	NULL,	NULL),
('3b9f7f90-968d-4e80-9146-1a6e806ca40c',	'Daily Sale 06:00 05-08-2024',	'Chương trình giảm giá hằng ngày kích cầu mua sắm 06:00 05-08-2024',	'NORMAL',	NULL,	'BLOCK',	'2024-08-05 06:00:00',	'2024-08-05 07:00:00',	'2024-08-24 00:23:00',	'system',	NULL,	NULL),
('3bc13c28-fbdd-4ea3-ad23-e8df90143001',	'Daily Sale 16:00 20-08-2024',	'Chương trình giảm giá hằng ngày kích cầu mua sắm 16:00 20-08-2024',	'NORMAL',	NULL,	'BLOCK',	'2024-08-20 16:00:00',	'2024-08-20 17:00:00',	'2024-08-24 08:50:04',	'system',	NULL,	NULL),
('3c20f280-94d5-4db7-9572-f3c5cecaef71',	'Daily Sale 03:00 10-08-2024',	'Chương trình giảm giá hằng ngày kích cầu mua sắm 03:00 10-08-2024',	'NORMAL',	NULL,	'BLOCK',	'2024-08-10 03:00:00',	'2024-08-10 04:00:00',	'2024-08-23 23:23:16',	'system',	NULL,	NULL),
('3cf45c90-4c6b-4857-9ef1-b37e69626322',	'Daily Sale 12:00 09-08-2024',	'Chương trình giảm giá hằng ngày kích cầu mua sắm 12:00 09-08-2024',	'NORMAL',	NULL,	'BLOCK',	'2024-08-09 12:00:00',	'2024-08-09 13:00:00',	'2024-08-24 00:23:12',	'system',	NULL,	NULL),
('3cfaf7f9-0699-4208-9a65-226e25799565',	'Daily Sale 01:00 23-08-2024',	'Chương trình giảm giá hằng ngày kích cầu mua sắm 01:00 23-08-2024',	'NORMAL',	NULL,	'BLOCK',	'2024-08-23 01:00:00',	'2024-08-23 02:00:00',	'2024-08-24 08:50:16',	'system',	NULL,	NULL),
('3d43daf4-09f9-42e4-8bc7-42b9a7f22a38',	'Daily Sale 08:00 07-08-2024',	'Chương trình giảm giá hằng ngày kích cầu mua sắm 08:00 07-08-2024',	'NORMAL',	NULL,	'BLOCK',	'2024-08-07 08:00:00',	'2024-08-07 09:00:00',	'2024-08-23 23:23:08',	'system',	NULL,	NULL),
('3dae36b2-c261-426c-8ef9-93bbcbe99ada',	'Daily Sale 15:00 09-08-2024',	'Chương trình giảm giá hằng ngày kích cầu mua sắm 15:00 09-08-2024',	'NORMAL',	NULL,	'BLOCK',	'2024-08-09 15:00:00',	'2024-08-09 16:00:00',	'2024-08-24 00:23:12',	'system',	NULL,	NULL),
('3e0dea6d-5c41-4419-a31d-dca351c7ff74',	'Daily Sale 18:00 06-08-2024',	'Chương trình giảm giá hằng ngày kích cầu mua sắm 18:00 06-08-2024',	'NORMAL',	NULL,	'BLOCK',	'2024-08-06 18:00:00',	'2024-08-06 19:00:00',	'2024-08-24 00:23:04',	'system',	NULL,	NULL),
('3e2da0e9-9df6-472c-8662-8c46ec6c3780',	'Daily Sale 20:00 10-08-2024',	'Chương trình giảm giá hằng ngày kích cầu mua sắm 20:00 10-08-2024',	'NORMAL',	NULL,	'BLOCK',	'2024-08-10 20:00:00',	'2024-08-10 21:00:00',	'2024-08-23 23:23:16',	'system',	NULL,	NULL),
('3e483106-bd3e-4d29-9d43-764f414b89d3',	'Daily Sale 09:00 10-08-2024',	'Chương trình giảm giá hằng ngày kích cầu mua sắm 09:00 10-08-2024',	'NORMAL',	NULL,	'BLOCK',	'2024-08-10 09:00:00',	'2024-08-10 10:00:00',	'2024-08-24 00:23:16',	'system',	NULL,	NULL),
('3f4b8650-2f14-4e49-ad17-5144f8c7fde0',	'Daily Sale 15:00 21-08-2024',	'Chương trình giảm giá hằng ngày kích cầu mua sắm 15:00 21-08-2024',	'NORMAL',	NULL,	'BLOCK',	'2024-08-21 15:00:00',	'2024-08-21 16:00:00',	'2024-08-24 08:50:08',	'system',	NULL,	NULL),
('3fe17d9d-c667-4b13-a9a2-c4104197ec7f',	'Daily Sale 21:00 19-08-2024',	'Chương trình giảm giá hằng ngày kích cầu mua sắm 21:00 19-08-2024',	'NORMAL',	NULL,	'BLOCK',	'2024-08-19 21:00:00',	'2024-08-19 22:00:00',	'2024-08-24 08:50:00',	'system',	NULL,	NULL),
('403f80ed-7f53-46e7-9739-7b15c918edec',	'Daily Sale 00:00 05-08-2024',	'Chương trình giảm giá hằng ngày kích cầu mua sắm 00:00 05-08-2024',	'NORMAL',	NULL,	'BLOCK',	'2024-08-05 00:00:00',	'2024-08-05 01:00:00',	'2024-08-24 00:23:00',	'system',	NULL,	NULL),
('4071c8d5-b8b5-4f0c-8bfc-7c6a67794f9a',	'Daily Sale 12:00 07-08-2024',	'Chương trình giảm giá hằng ngày kích cầu mua sắm 12:00 07-08-2024',	'NORMAL',	NULL,	'BLOCK',	'2024-08-07 12:00:00',	'2024-08-07 13:00:00',	'2024-08-24 00:23:08',	'system',	NULL,	NULL),
('40815de5-ecfb-48ba-9637-5f214ca98ee8',	'Daily Sale 16:00 05-08-2024',	'Chương trình giảm giá hằng ngày kích cầu mua sắm 16:00 05-08-2024',	'NORMAL',	NULL,	'BLOCK',	'2024-08-05 16:00:00',	'2024-08-05 17:00:00',	'2024-08-24 00:23:00',	'system',	NULL,	NULL),
('409ea72d-5707-4a79-a7d2-5535937636cb',	'Daily Sale 13:00 10-08-2024',	'Chương trình giảm giá hằng ngày kích cầu mua sắm 13:00 10-08-2024',	'NORMAL',	NULL,	'BLOCK',	'2024-08-10 13:00:00',	'2024-08-10 14:00:00',	'2024-08-24 00:23:16',	'system',	NULL,	NULL),
('40d409c9-68a1-414b-9b45-18d1f12e1a12',	'Daily Sale 12:00 09-08-2024',	'Chương trình giảm giá hằng ngày kích cầu mua sắm 12:00 09-08-2024',	'NORMAL',	NULL,	'BLOCK',	'2024-08-09 12:00:00',	'2024-08-09 13:00:00',	'2024-08-24 00:23:12',	'system',	NULL,	NULL),
('40e71b19-2cb5-4eda-84b0-bb567292c6d9',	'Daily Sale 15:00 05-08-2024',	'Chương trình giảm giá hằng ngày kích cầu mua sắm 15:00 05-08-2024',	'NORMAL',	NULL,	'BLOCK',	'2024-08-05 15:00:00',	'2024-08-05 16:00:00',	'2024-08-24 00:23:00',	'system',	NULL,	NULL),
('411fef31-9cbe-4646-a9db-67bccc005a37',	'Daily Sale 15:00 10-08-2024',	'Chương trình giảm giá hằng ngày kích cầu mua sắm 15:00 10-08-2024',	'NORMAL',	NULL,	'BLOCK',	'2024-08-10 15:00:00',	'2024-08-10 16:00:00',	'2024-08-24 00:23:16',	'system',	NULL,	NULL),
('4132386e-5078-4802-a11b-f92abf129c1f',	'Daily Sale 14:00 09-08-2024',	'Chương trình giảm giá hằng ngày kích cầu mua sắm 14:00 09-08-2024',	'NORMAL',	NULL,	'BLOCK',	'2024-08-09 14:00:00',	'2024-08-09 15:00:00',	'2024-08-23 23:23:12',	'system',	NULL,	NULL),
('413dc8de-b6ce-4551-aa5e-038cfbe1f671',	'Daily Sale 05:00 19-08-2024',	'Chương trình giảm giá hằng ngày kích cầu mua sắm 05:00 19-08-2024',	'NORMAL',	NULL,	'BLOCK',	'2024-08-19 05:00:00',	'2024-08-19 06:00:00',	'2024-08-24 08:50:00',	'system',	NULL,	NULL),
('424cc7d0-78e6-4ec6-a85d-e714296e36d6',	'Daily Sale 04:00 06-08-2024',	'Chương trình giảm giá hằng ngày kích cầu mua sắm 04:00 06-08-2024',	'NORMAL',	NULL,	'BLOCK',	'2024-08-06 04:00:00',	'2024-08-06 05:00:00',	'2024-08-24 00:23:04',	'system',	NULL,	NULL),
('43ec6b1a-6113-4270-822a-f0bc86249ddf',	'Siêu sale hằng tháng 00:00 08-08-2024',	'Đại tiệc siêu sale hằng tháng 00:00 08-08-2024',	'SPEACIAL',	NULL,	'BLOCK',	'2024-08-08 00:00:00',	'2024-08-08 01:00:00',	'2024-08-23 23:23:12',	'system',	NULL,	NULL),
('43feaf32-dedc-4a12-8cc4-c82b52ceb75c',	'Daily Sale 16:00 05-08-2024',	'Chương trình giảm giá hằng ngày kích cầu mua sắm 16:00 05-08-2024',	'NORMAL',	NULL,	'BLOCK',	'2024-08-05 16:00:00',	'2024-08-05 17:00:00',	'2024-08-23 23:23:00',	'system',	NULL,	NULL),
('44b06b2c-dbd0-45a9-9f60-dd84131c1fe6',	'Daily Sale 22:00 09-08-2024',	'Chương trình giảm giá hằng ngày kích cầu mua sắm 22:00 09-08-2024',	'NORMAL',	NULL,	'BLOCK',	'2024-08-09 22:00:00',	'2024-08-09 23:00:00',	'2024-08-24 00:23:12',	'system',	NULL,	NULL),
('451d1857-a487-45d9-bb66-545fdeabf8c8',	'Daily Sale 16:00 10-08-2024',	'Chương trình giảm giá hằng ngày kích cầu mua sắm 16:00 10-08-2024',	'NORMAL',	NULL,	'BLOCK',	'2024-08-10 16:00:00',	'2024-08-10 17:00:00',	'2024-08-24 00:23:16',	'system',	NULL,	NULL),
('45546823-4f26-4544-9cae-56f7dd9a7859',	'Daily Sale 21:00 10-08-2024',	'Chương trình giảm giá hằng ngày kích cầu mua sắm 21:00 10-08-2024',	'NORMAL',	NULL,	'BLOCK',	'2024-08-10 21:00:00',	'2024-08-10 22:00:00',	'2024-08-24 00:23:16',	'system',	NULL,	NULL),
('456eba8a-db11-4cae-ad2b-b53a1db6e88f',	'Daily Sale 03:00 05-08-2024',	'Chương trình giảm giá hằng ngày kích cầu mua sắm 03:00 05-08-2024',	'NORMAL',	NULL,	'BLOCK',	'2024-08-05 03:00:00',	'2024-08-05 04:00:00',	'2024-08-24 00:23:00',	'system',	NULL,	NULL),
('457ae1ec-2234-4c1c-9383-6d503ebf0f9f',	'Daily Sale 14:00 22-08-2024',	'Chương trình giảm giá hằng ngày kích cầu mua sắm 14:00 22-08-2024',	'NORMAL',	NULL,	'BLOCK',	'2024-08-22 14:00:00',	'2024-08-22 15:00:00',	'2024-08-24 08:50:12',	'system',	NULL,	NULL),
('45879c53-6754-4178-b854-d03f4307eacf',	'Daily Sale 04:00 09-08-2024',	'Chương trình giảm giá hằng ngày kích cầu mua sắm 04:00 09-08-2024',	'NORMAL',	NULL,	'BLOCK',	'2024-08-09 04:00:00',	'2024-08-09 05:00:00',	'2024-08-24 00:23:12',	'system',	NULL,	NULL),
('458c5c4f-b99c-4d41-bb23-cfabe4790d22',	'Daily Sale 13:00 23-08-2024',	'Chương trình giảm giá hằng ngày kích cầu mua sắm 13:00 23-08-2024',	'NORMAL',	NULL,	'BLOCK',	'2024-08-23 13:00:00',	'2024-08-23 14:00:00',	'2024-08-24 08:50:16',	'system',	NULL,	NULL),
('45ea35e7-a764-4ef4-831d-27fba607a90f',	'Daily Sale 00:00 09-08-2024',	'Chương trình giảm giá hằng ngày kích cầu mua sắm 00:00 09-08-2024',	'NORMAL',	NULL,	'BLOCK',	'2024-08-09 00:00:00',	'2024-08-09 01:00:00',	'2024-08-24 00:23:12',	'system',	NULL,	NULL),
('468ed8ed-7030-4d87-8948-ce587fbdf95a',	'Daily Sale 09:00 06-08-2024',	'Chương trình giảm giá hằng ngày kích cầu mua sắm 09:00 06-08-2024',	'NORMAL',	NULL,	'BLOCK',	'2024-08-06 09:00:00',	'2024-08-06 10:00:00',	'2024-08-24 00:23:04',	'system',	NULL,	NULL),
('4754503e-52e4-4d5a-a943-aca85814c331',	'Siêu sale hằng tháng 22:00 07-08-2024',	'Đại tiệc siêu sale hằng tháng 22:00 07-08-2024',	'SPEACIAL',	NULL,	'BLOCK',	'2024-08-07 22:00:00',	'2024-08-07 23:00:00',	'2024-08-23 23:23:08',	'system',	NULL,	NULL),
('47f1f9bd-522a-4bc4-92de-c1d12ad734e9',	'Daily Sale 01:00 11-08-2024',	'Chương trình giảm giá hằng ngày kích cầu mua sắm 01:00 11-08-2024',	'NORMAL',	NULL,	'BLOCK',	'2024-08-11 01:00:00',	'2024-08-11 02:00:00',	'2024-08-24 00:23:20',	'system',	NULL,	NULL),
('48b94be5-787b-425a-978e-05839fb2b581',	'Daily Sale 17:00 09-08-2024',	'Chương trình giảm giá hằng ngày kích cầu mua sắm 17:00 09-08-2024',	'NORMAL',	NULL,	'BLOCK',	'2024-08-09 17:00:00',	'2024-08-09 18:00:00',	'2024-08-23 23:23:12',	'system',	NULL,	NULL),
('48e11c9b-cb5e-4222-9a0d-7584948381dd',	'Daily Sale 22:00 21-08-2024',	'Chương trình giảm giá hằng ngày kích cầu mua sắm 22:00 21-08-2024',	'NORMAL',	NULL,	'BLOCK',	'2024-08-21 22:00:00',	'2024-08-21 23:00:00',	'2024-08-24 08:50:08',	'system',	NULL,	NULL),
('4a2af692-5acc-41a1-bb46-d42397b022a3',	'Daily Sale 22:00 05-08-2024',	'Chương trình giảm giá hằng ngày kích cầu mua sắm 22:00 05-08-2024',	'NORMAL',	NULL,	'BLOCK',	'2024-08-05 22:00:00',	'2024-08-05 23:00:00',	'2024-08-23 23:23:00',	'system',	NULL,	NULL),
('4a9a2669-45e2-4edd-8902-85e6b3f05c05',	'Daily Sale 22:00 10-08-2024',	'Chương trình giảm giá hằng ngày kích cầu mua sắm 22:00 10-08-2024',	'NORMAL',	NULL,	'BLOCK',	'2024-08-10 22:00:00',	'2024-08-10 23:00:00',	'2024-08-24 00:23:16',	'system',	NULL,	NULL),
('4b38bcb2-9b59-4f7d-9dd9-2a8c036171c4',	'Daily Sale 21:00 06-08-2024',	'Chương trình giảm giá hằng ngày kích cầu mua sắm 21:00 06-08-2024',	'NORMAL',	NULL,	'BLOCK',	'2024-08-06 21:00:00',	'2024-08-06 22:00:00',	'2024-08-23 23:23:04',	'system',	NULL,	NULL),
('4bf81f3b-a318-4e85-bd6b-7cdd42371b58',	'Daily Sale 02:00 24-08-2024',	'Chương trình giảm giá hằng ngày kích cầu mua sắm 02:00 24-08-2024',	'NORMAL',	NULL,	'BLOCK',	'2024-08-24 02:00:00',	'2024-08-24 03:00:00',	'2024-08-24 08:50:20',	'system',	NULL,	NULL),
('4c69103e-6308-44b8-83ef-42ae721b6d2d',	'Daily Sale 05:00 06-08-2024',	'Chương trình giảm giá hằng ngày kích cầu mua sắm 05:00 06-08-2024',	'NORMAL',	NULL,	'BLOCK',	'2024-08-06 05:00:00',	'2024-08-06 06:00:00',	'2024-08-24 00:23:04',	'system',	NULL,	NULL),
('4c6aa668-d8c3-4ac7-9bd0-7f2379215a30',	'Daily Sale 02:00 19-08-2024',	'Chương trình giảm giá hằng ngày kích cầu mua sắm 02:00 19-08-2024',	'NORMAL',	NULL,	'BLOCK',	'2024-08-19 02:00:00',	'2024-08-19 03:00:00',	'2024-08-24 08:50:00',	'system',	NULL,	NULL),
('4c8a4d30-4a52-4a59-9080-03ce44c9d20b',	'Daily Sale 10:00 07-08-2024',	'Chương trình giảm giá hằng ngày kích cầu mua sắm 10:00 07-08-2024',	'NORMAL',	NULL,	'BLOCK',	'2024-08-07 10:00:00',	'2024-08-07 11:00:00',	'2024-08-24 00:23:08',	'system',	NULL,	NULL),
('4c94cd4d-2a13-419a-9f70-8e195611c482',	'Daily Sale 17:00 11-08-2024',	'Chương trình giảm giá hằng ngày kích cầu mua sắm 17:00 11-08-2024',	'NORMAL',	NULL,	'BLOCK',	'2024-08-11 17:00:00',	'2024-08-11 18:00:00',	'2024-08-24 00:23:20',	'system',	NULL,	NULL),
('4cc4e922-16ce-4361-ba48-bfa310f003e0',	'Daily Sale 01:00 07-08-2024',	'Chương trình giảm giá hằng ngày kích cầu mua sắm 01:00 07-08-2024',	'NORMAL',	NULL,	'BLOCK',	'2024-08-07 01:00:00',	'2024-08-07 02:00:00',	'2024-08-24 00:23:08',	'system',	NULL,	NULL),
('4d51d418-6513-4a5e-8e7e-44348ba75e9b',	'Daily Sale 16:00 22-08-2024',	'Chương trình giảm giá hằng ngày kích cầu mua sắm 16:00 22-08-2024',	'NORMAL',	NULL,	'BLOCK',	'2024-08-22 16:00:00',	'2024-08-22 17:00:00',	'2024-08-24 08:50:12',	'system',	NULL,	NULL),
('4d5f9221-141f-4999-8752-f8e29b3a911b',	'Daily Sale 12:00 06-08-2024',	'Chương trình giảm giá hằng ngày kích cầu mua sắm 12:00 06-08-2024',	'NORMAL',	NULL,	'BLOCK',	'2024-08-06 12:00:00',	'2024-08-06 13:00:00',	'2024-08-24 00:23:04',	'system',	NULL,	NULL),
('4e7f4346-e290-425a-81a5-d1d07d0186d0',	'Siêu sale hằng tháng 18:00 07-08-2024',	'Đại tiệc siêu sale hằng tháng 18:00 07-08-2024',	'SPEACIAL',	NULL,	'BLOCK',	'2024-08-07 18:00:00',	'2024-08-07 19:00:00',	'2024-08-24 00:23:08',	'system',	NULL,	NULL),
('4e86e785-75b6-4cb2-8c49-50384620ce9a',	'Daily Sale 05:00 10-08-2024',	'Chương trình giảm giá hằng ngày kích cầu mua sắm 05:00 10-08-2024',	'NORMAL',	NULL,	'BLOCK',	'2024-08-10 05:00:00',	'2024-08-10 06:00:00',	'2024-08-24 00:23:16',	'system',	NULL,	NULL),
('4ea89035-8b66-4b80-9f5e-916b24997219',	'Daily Sale 02:00 06-08-2024',	'Chương trình giảm giá hằng ngày kích cầu mua sắm 02:00 06-08-2024',	'NORMAL',	NULL,	'BLOCK',	'2024-08-06 02:00:00',	'2024-08-06 03:00:00',	'2024-08-23 23:23:04',	'system',	NULL,	NULL),
('4ebf8cc9-8313-46e9-9a3b-e78cfc031958',	'Daily Sale 09:00 09-08-2024',	'Chương trình giảm giá hằng ngày kích cầu mua sắm 09:00 09-08-2024',	'NORMAL',	NULL,	'BLOCK',	'2024-08-09 09:00:00',	'2024-08-09 10:00:00',	'2024-08-24 00:23:12',	'system',	NULL,	NULL),
('4f23bbbf-0ccc-4f60-b432-287f1c2b33d0',	'Daily Sale 12:00 21-08-2024',	'Chương trình giảm giá hằng ngày kích cầu mua sắm 12:00 21-08-2024',	'NORMAL',	NULL,	'BLOCK',	'2024-08-21 12:00:00',	'2024-08-21 13:00:00',	'2024-08-24 08:50:08',	'system',	NULL,	NULL),
('4f60448f-4cf8-4ebc-835c-89c07f0c69c4',	'Daily Sale 00:00 06-08-2024',	'Chương trình giảm giá hằng ngày kích cầu mua sắm 00:00 06-08-2024',	'NORMAL',	NULL,	'BLOCK',	'2024-08-06 00:00:00',	'2024-08-06 01:00:00',	'2024-08-23 23:23:04',	'system',	NULL,	NULL),
('501269a7-459f-4a66-b06a-c0d21a9a9b86',	'Daily Sale 04:00 07-08-2024',	'Chương trình giảm giá hằng ngày kích cầu mua sắm 04:00 07-08-2024',	'NORMAL',	NULL,	'BLOCK',	'2024-08-07 04:00:00',	'2024-08-07 05:00:00',	'2024-08-23 23:23:08',	'system',	NULL,	NULL),
('5075ab3c-f803-4e3d-80c7-89102616fc73',	'Daily Sale 10:00 05-08-2024',	'Chương trình giảm giá hằng ngày kích cầu mua sắm 10:00 05-08-2024',	'NORMAL',	NULL,	'BLOCK',	'2024-08-05 10:00:00',	'2024-08-05 11:00:00',	'2024-08-24 00:23:00',	'system',	NULL,	NULL),
('509a82c0-5999-49d4-af41-57b326c588ca',	'Daily Sale 23:00 20-08-2024',	'Chương trình giảm giá hằng ngày kích cầu mua sắm 23:00 20-08-2024',	'NORMAL',	NULL,	'BLOCK',	'2024-08-20 23:00:00',	'2024-08-21 00:00:00',	'2024-08-24 08:50:04',	'system',	NULL,	NULL),
('50a82627-5b60-464e-b212-f871820b5880',	'Daily Sale 10:00 19-08-2024',	'Chương trình giảm giá hằng ngày kích cầu mua sắm 10:00 19-08-2024',	'NORMAL',	NULL,	'BLOCK',	'2024-08-19 10:00:00',	'2024-08-19 11:00:00',	'2024-08-24 08:50:00',	'system',	NULL,	NULL),
('50f095b0-67d5-4686-9c88-d8140ad3a59f',	'Daily Sale 21:00 21-08-2024',	'Chương trình giảm giá hằng ngày kích cầu mua sắm 21:00 21-08-2024',	'NORMAL',	NULL,	'BLOCK',	'2024-08-21 21:00:00',	'2024-08-21 22:00:00',	'2024-08-24 08:50:08',	'system',	NULL,	NULL),
('518c00ea-ff18-4d92-9617-b15bfaa9a464',	'Daily Sale 23:00 05-08-2024',	'Chương trình giảm giá hằng ngày kích cầu mua sắm 23:00 05-08-2024',	'NORMAL',	NULL,	'BLOCK',	'2024-08-05 23:00:00',	'2024-08-06 00:00:00',	'2024-08-24 00:23:00',	'system',	NULL,	NULL),
('51f50edc-72a3-4e7f-962c-8a70e197ad00',	'Daily Sale 00:00 20-08-2024',	'Chương trình giảm giá hằng ngày kích cầu mua sắm 00:00 20-08-2024',	'NORMAL',	NULL,	'BLOCK',	'2024-08-20 00:00:00',	'2024-08-20 01:00:00',	'2024-08-24 08:50:04',	'system',	NULL,	NULL),
('51f7ca14-8d82-4b29-aded-c0c52c643d69',	'Daily Sale 07:00 19-08-2024',	'Chương trình giảm giá hằng ngày kích cầu mua sắm 07:00 19-08-2024',	'NORMAL',	NULL,	'BLOCK',	'2024-08-19 07:00:00',	'2024-08-19 08:00:00',	'2024-08-24 08:50:00',	'system',	NULL,	NULL),
('524aee76-c096-452b-ab21-9efdcbdb7956',	'Daily Sale 19:00 20-08-2024',	'Chương trình giảm giá hằng ngày kích cầu mua sắm 19:00 20-08-2024',	'NORMAL',	NULL,	'BLOCK',	'2024-08-20 19:00:00',	'2024-08-20 20:00:00',	'2024-08-24 08:50:04',	'system',	NULL,	NULL),
('53840d1a-177f-4772-84ca-0271f351f133',	'Daily Sale 03:00 06-08-2024',	'Chương trình giảm giá hằng ngày kích cầu mua sắm 03:00 06-08-2024',	'NORMAL',	NULL,	'BLOCK',	'2024-08-06 03:00:00',	'2024-08-06 04:00:00',	'2024-08-24 00:23:04',	'system',	NULL,	NULL),
('548b87a6-b46a-4a63-aa98-0e20f850f233',	'Daily Sale 13:00 11-08-2024',	'Chương trình giảm giá hằng ngày kích cầu mua sắm 13:00 11-08-2024',	'NORMAL',	NULL,	'BLOCK',	'2024-08-11 13:00:00',	'2024-08-11 14:00:00',	'2024-08-24 00:23:20',	'system',	NULL,	NULL),
('54ef4666-d151-46fe-80b7-814d722b76fd',	'Daily Sale 05:00 25-08-2024',	'Chương trình giảm giá hằng ngày kích cầu mua sắm 05:00 25-08-2024',	'NORMAL',	NULL,	'BLOCK',	'2024-08-25 05:00:00',	'2024-08-25 06:00:00',	'2024-08-24 08:50:24',	'system',	NULL,	NULL),
('55f9ad67-a543-464b-a2a4-7c336979f841',	'Siêu sale hằng tháng 20:00 07-08-2024',	'Đại tiệc siêu sale hằng tháng 20:00 07-08-2024',	'SPEACIAL',	NULL,	'BLOCK',	'2024-08-07 20:00:00',	'2024-08-07 21:00:00',	'2024-08-24 00:23:08',	'system',	NULL,	NULL),
('56630745-6a23-4ec8-afa3-cb7912adb6cc',	'Daily Sale 20:00 25-08-2024',	'Chương trình giảm giá hằng ngày kích cầu mua sắm 20:00 25-08-2024',	'NORMAL',	NULL,	'BLOCK',	'2024-08-25 20:00:00',	'2024-08-25 21:00:00',	'2024-08-24 08:50:24',	'system',	NULL,	NULL),
('5663aa44-6bd0-4263-a530-c27b5f07ede1',	'Daily Sale 02:00 11-08-2024',	'Chương trình giảm giá hằng ngày kích cầu mua sắm 02:00 11-08-2024',	'NORMAL',	NULL,	'BLOCK',	'2024-08-11 02:00:00',	'2024-08-11 03:00:00',	'2024-08-24 00:23:20',	'system',	NULL,	NULL),
('56ca530e-3285-4579-9c3d-26d3cd939575',	'Daily Sale 15:00 06-08-2024',	'Chương trình giảm giá hằng ngày kích cầu mua sắm 15:00 06-08-2024',	'NORMAL',	NULL,	'BLOCK',	'2024-08-06 15:00:00',	'2024-08-06 16:00:00',	'2024-08-24 00:23:04',	'system',	NULL,	NULL),
('579a4275-b1ec-4caf-8359-a939e10c9a0e',	'Daily Sale 21:00 24-08-2024',	'Chương trình giảm giá hằng ngày kích cầu mua sắm 21:00 24-08-2024',	'NORMAL',	NULL,	'BLOCK',	'2024-08-24 21:00:00',	'2024-08-24 22:00:00',	'2024-08-24 08:50:20',	'system',	NULL,	NULL),
('57c576ca-3a13-4982-a04a-a526a4aacaf9',	'Daily Sale 01:00 09-08-2024',	'Chương trình giảm giá hằng ngày kích cầu mua sắm 01:00 09-08-2024',	'NORMAL',	NULL,	'BLOCK',	'2024-08-09 01:00:00',	'2024-08-09 02:00:00',	'2024-08-24 00:23:12',	'system',	NULL,	NULL),
('57cba734-0fce-48b7-b703-4ba78645ced7',	'Daily Sale 04:00 10-08-2024',	'Chương trình giảm giá hằng ngày kích cầu mua sắm 04:00 10-08-2024',	'NORMAL',	NULL,	'BLOCK',	'2024-08-10 04:00:00',	'2024-08-10 05:00:00',	'2024-08-24 00:23:16',	'system',	NULL,	NULL),
('59108052-5d09-4f52-a71d-f3d84fa6545f',	'Daily Sale 09:00 05-08-2024',	'Chương trình giảm giá hằng ngày kích cầu mua sắm 09:00 05-08-2024',	'NORMAL',	NULL,	'BLOCK',	'2024-08-05 09:00:00',	'2024-08-05 10:00:00',	'2024-08-24 00:23:00',	'system',	NULL,	NULL),
('5a0bd13d-4d4c-47e3-b8b9-0d000203a129',	'Siêu sale hằng tháng 21:00 07-08-2024',	'Đại tiệc siêu sale hằng tháng 21:00 07-08-2024',	'SPEACIAL',	NULL,	'BLOCK',	'2024-08-07 21:00:00',	'2024-08-07 22:00:00',	'2024-08-24 00:23:08',	'system',	NULL,	NULL),
('5a6bc9e8-b68c-446e-86ca-378c6efbce71',	'Daily Sale 02:00 06-08-2024',	'Chương trình giảm giá hằng ngày kích cầu mua sắm 02:00 06-08-2024',	'NORMAL',	NULL,	'BLOCK',	'2024-08-06 02:00:00',	'2024-08-06 03:00:00',	'2024-08-24 00:23:04',	'system',	NULL,	NULL),
('5add4be3-4ed5-4845-bfdf-436e0a5dfdff',	'Daily Sale 05:00 05-08-2024',	'Chương trình giảm giá hằng ngày kích cầu mua sắm 05:00 05-08-2024',	'NORMAL',	NULL,	'BLOCK',	'2024-08-05 05:00:00',	'2024-08-05 06:00:00',	'2024-08-24 00:23:00',	'system',	NULL,	NULL),
('5af3c27c-1a6f-4915-b5e8-c09bb2b7d250',	'Siêu sale hằng tháng 17:00 07-08-2024',	'Đại tiệc siêu sale hằng tháng 17:00 07-08-2024',	'SPEACIAL',	NULL,	'BLOCK',	'2024-08-07 17:00:00',	'2024-08-07 18:00:00',	'2024-08-23 23:23:08',	'system',	NULL,	NULL),
('5baa7dab-f862-43eb-9937-8adfb94f7990',	'Siêu sale hằng tháng 19:00 07-08-2024',	'Đại tiệc siêu sale hằng tháng 19:00 07-08-2024',	'SPEACIAL',	NULL,	'BLOCK',	'2024-08-07 19:00:00',	'2024-08-07 20:00:00',	'2024-08-24 00:23:08',	'system',	NULL,	NULL),
('5bc02a40-9aa2-4155-952d-1332690d91a3',	'Daily Sale 10:00 07-08-2024',	'Chương trình giảm giá hằng ngày kích cầu mua sắm 10:00 07-08-2024',	'NORMAL',	NULL,	'BLOCK',	'2024-08-07 10:00:00',	'2024-08-07 11:00:00',	'2024-08-23 23:23:08',	'system',	NULL,	NULL),
('5bc4ef7e-8885-4cc5-95c4-1291f0307d5c',	'Daily Sale 00:00 05-08-2024',	'Chương trình giảm giá hằng ngày kích cầu mua sắm 00:00 05-08-2024',	'NORMAL',	NULL,	'BLOCK',	'2024-08-05 00:00:00',	'2024-08-05 01:00:00',	'2024-08-24 00:23:00',	'system',	NULL,	NULL),
('5c1c6cc9-8b7e-4468-addb-b32e68b9b3d0',	'Daily Sale 06:00 10-08-2024',	'Chương trình giảm giá hằng ngày kích cầu mua sắm 06:00 10-08-2024',	'NORMAL',	NULL,	'BLOCK',	'2024-08-10 06:00:00',	'2024-08-10 07:00:00',	'2024-08-24 00:23:16',	'system',	NULL,	NULL),
('5d48ca06-997f-43a5-9785-aada7fb7c5ea',	'Daily Sale 15:00 05-08-2024',	'Chương trình giảm giá hằng ngày kích cầu mua sắm 15:00 05-08-2024',	'NORMAL',	NULL,	'BLOCK',	'2024-08-05 15:00:00',	'2024-08-05 16:00:00',	'2024-08-24 00:23:00',	'system',	NULL,	NULL),
('5e00c975-eb53-4085-8081-a8261130fdce',	'Daily Sale 08:00 25-08-2024',	'Chương trình giảm giá hằng ngày kích cầu mua sắm 08:00 25-08-2024',	'NORMAL',	NULL,	'BLOCK',	'2024-08-25 08:00:00',	'2024-08-25 09:00:00',	'2024-08-24 08:50:24',	'system',	NULL,	NULL),
('5e24229d-69b2-4459-a5f7-6a6c77fe501c',	'Daily Sale 20:00 24-08-2024',	'Chương trình giảm giá hằng ngày kích cầu mua sắm 20:00 24-08-2024',	'NORMAL',	NULL,	'ACTIVE',	'2024-08-24 20:00:00',	'2024-08-24 21:00:00',	'2024-08-24 08:50:20',	'system',	'2024-08-24 13:00:00',	'system'),
('5f780b68-47f8-4ff8-9287-a7fcc27fa8aa',	'Daily Sale 16:00 06-08-2024',	'Chương trình giảm giá hằng ngày kích cầu mua sắm 16:00 06-08-2024',	'NORMAL',	NULL,	'BLOCK',	'2024-08-06 16:00:00',	'2024-08-06 17:00:00',	'2024-08-24 00:23:04',	'system',	NULL,	NULL),
('5f97ecaf-3096-4d89-9520-f5b7f3eb347c',	'Daily Sale 18:00 24-08-2024',	'Chương trình giảm giá hằng ngày kích cầu mua sắm 18:00 24-08-2024',	'NORMAL',	NULL,	'BLOCK',	'2024-08-24 18:00:00',	'2024-08-24 19:00:00',	'2024-08-24 08:50:20',	'system',	'2024-08-24 12:00:00',	'system'),
('608b59e3-5939-4749-a0c8-39864b785862',	'Daily Sale 17:00 22-08-2024',	'Chương trình giảm giá hằng ngày kích cầu mua sắm 17:00 22-08-2024',	'NORMAL',	NULL,	'BLOCK',	'2024-08-22 17:00:00',	'2024-08-22 18:00:00',	'2024-08-24 08:50:12',	'system',	NULL,	NULL),
('611a5bbc-001e-42c9-a50e-ea51c5ff8c52',	'Daily Sale 16:00 11-08-2024',	'Chương trình giảm giá hằng ngày kích cầu mua sắm 16:00 11-08-2024',	'NORMAL',	NULL,	'BLOCK',	'2024-08-11 16:00:00',	'2024-08-11 17:00:00',	'2024-08-24 00:23:20',	'system',	NULL,	NULL),
('61217cf2-ac36-4da0-88b9-cecce3262aaa',	'Daily Sale 08:00 05-08-2024',	'Chương trình giảm giá hằng ngày kích cầu mua sắm 08:00 05-08-2024',	'NORMAL',	NULL,	'BLOCK',	'2024-08-05 08:00:00',	'2024-08-05 09:00:00',	'2024-08-24 00:23:00',	'system',	NULL,	NULL),
('6148e52c-0274-4d81-a812-6635ee1775cb',	'Daily Sale 12:00 11-08-2024',	'Chương trình giảm giá hằng ngày kích cầu mua sắm 12:00 11-08-2024',	'NORMAL',	NULL,	'BLOCK',	'2024-08-11 12:00:00',	'2024-08-11 13:00:00',	'2024-08-23 23:23:20',	'system',	NULL,	NULL),
('614ac8b1-bb9a-4535-8236-cdbd5d3bb695',	'Daily Sale 03:00 06-08-2024',	'Chương trình giảm giá hằng ngày kích cầu mua sắm 03:00 06-08-2024',	'NORMAL',	NULL,	'BLOCK',	'2024-08-06 03:00:00',	'2024-08-06 04:00:00',	'2024-08-23 23:23:04',	'system',	NULL,	NULL),
('618f7227-81f0-4a1a-8d83-a74b1ff1080e',	'Daily Sale 07:00 07-08-2024',	'Chương trình giảm giá hằng ngày kích cầu mua sắm 07:00 07-08-2024',	'NORMAL',	NULL,	'BLOCK',	'2024-08-07 07:00:00',	'2024-08-07 08:00:00',	'2024-08-24 00:23:08',	'system',	NULL,	NULL),
('61d5126e-44ca-4cc7-a1a9-972e4e545e95',	'Daily Sale 13:00 06-08-2024',	'Chương trình giảm giá hằng ngày kích cầu mua sắm 13:00 06-08-2024',	'NORMAL',	NULL,	'BLOCK',	'2024-08-06 13:00:00',	'2024-08-06 14:00:00',	'2024-08-24 00:23:04',	'system',	NULL,	NULL),
('6281d45d-d12f-499f-9cb0-187d024d0eeb',	'Daily Sale 14:00 11-08-2024',	'Chương trình giảm giá hằng ngày kích cầu mua sắm 14:00 11-08-2024',	'NORMAL',	NULL,	'BLOCK',	'2024-08-11 14:00:00',	'2024-08-11 15:00:00',	'2024-08-24 00:23:20',	'system',	NULL,	NULL),
('63286a8f-0380-46f9-afdd-4b98d4914466',	'Daily Sale 14:00 06-08-2024',	'Chương trình giảm giá hằng ngày kích cầu mua sắm 14:00 06-08-2024',	'NORMAL',	NULL,	'BLOCK',	'2024-08-06 14:00:00',	'2024-08-06 15:00:00',	'2024-08-24 00:23:04',	'system',	NULL,	NULL),
('638f3701-7769-46b5-90e0-24afecd0e9c3',	'Daily Sale 08:00 09-08-2024',	'Chương trình giảm giá hằng ngày kích cầu mua sắm 08:00 09-08-2024',	'NORMAL',	NULL,	'BLOCK',	'2024-08-09 08:00:00',	'2024-08-09 09:00:00',	'2024-08-24 00:23:12',	'system',	NULL,	NULL),
('646d324c-6286-4a52-8190-3b90e30b0f4f',	'Daily Sale 11:00 05-08-2024',	'Chương trình giảm giá hằng ngày kích cầu mua sắm 11:00 05-08-2024',	'NORMAL',	NULL,	'BLOCK',	'2024-08-05 11:00:00',	'2024-08-05 12:00:00',	'2024-08-24 00:23:00',	'system',	NULL,	NULL),
('65645c24-fc4b-4702-b736-d92bdaf0fbbf',	'Daily Sale 02:00 05-08-2024',	'Chương trình giảm giá hằng ngày kích cầu mua sắm 02:00 05-08-2024',	'NORMAL',	NULL,	'BLOCK',	'2024-08-05 02:00:00',	'2024-08-05 03:00:00',	'2024-08-24 00:23:00',	'system',	NULL,	NULL),
('65b48ab8-70a8-4d29-a1d9-74eef620435c',	'Daily Sale 11:00 24-08-2024',	'Chương trình giảm giá hằng ngày kích cầu mua sắm 11:00 24-08-2024',	'NORMAL',	NULL,	'BLOCK',	'2024-08-24 11:00:00',	'2024-08-24 12:00:00',	'2024-08-24 08:50:20',	'system',	NULL,	NULL),
('66104327-f133-4a6e-8942-5a633c00e972',	'Daily Sale 07:00 05-08-2024',	'Chương trình giảm giá hằng ngày kích cầu mua sắm 07:00 05-08-2024',	'NORMAL',	NULL,	'BLOCK',	'2024-08-05 07:00:00',	'2024-08-05 08:00:00',	'2024-08-23 23:23:00',	'system',	NULL,	NULL),
('66203b42-3ad8-4a76-a2a8-3a8028d6a2c8',	'Daily Sale 11:00 07-08-2024',	'Chương trình giảm giá hằng ngày kích cầu mua sắm 11:00 07-08-2024',	'NORMAL',	NULL,	'BLOCK',	'2024-08-07 11:00:00',	'2024-08-07 12:00:00',	'2024-08-24 00:23:08',	'system',	NULL,	NULL),
('66aeea94-580b-4ae4-befa-94d58a1df620',	'Daily Sale 22:00 11-08-2024',	'Chương trình giảm giá hằng ngày kích cầu mua sắm 22:00 11-08-2024',	'NORMAL',	NULL,	'BLOCK',	'2024-08-11 22:00:00',	'2024-08-11 23:00:00',	'2024-08-24 00:23:20',	'system',	NULL,	NULL),
('66be178c-1987-4d4c-b2ff-722fe1ae9a12',	'Daily Sale 07:00 11-08-2024',	'Chương trình giảm giá hằng ngày kích cầu mua sắm 07:00 11-08-2024',	'NORMAL',	NULL,	'BLOCK',	'2024-08-11 07:00:00',	'2024-08-11 08:00:00',	'2024-08-24 00:23:20',	'system',	NULL,	NULL),
('67080f17-1eeb-4767-84ab-a13ddf48453c',	'Daily Sale 22:00 10-08-2024',	'Chương trình giảm giá hằng ngày kích cầu mua sắm 22:00 10-08-2024',	'NORMAL',	NULL,	'BLOCK',	'2024-08-10 22:00:00',	'2024-08-10 23:00:00',	'2024-08-23 23:23:16',	'system',	NULL,	NULL),
('67143c30-e696-45ea-8b17-97b5e65fe4ce',	'Daily Sale 06:00 05-08-2024',	'Chương trình giảm giá hằng ngày kích cầu mua sắm 06:00 05-08-2024',	'NORMAL',	NULL,	'BLOCK',	'2024-08-05 06:00:00',	'2024-08-05 07:00:00',	'2024-08-23 23:23:00',	'system',	NULL,	NULL),
('6724804e-7acc-49dc-ae1f-52120e8321f7',	'Daily Sale 10:00 10-08-2024',	'Chương trình giảm giá hằng ngày kích cầu mua sắm 10:00 10-08-2024',	'NORMAL',	NULL,	'BLOCK',	'2024-08-10 10:00:00',	'2024-08-10 11:00:00',	'2024-08-24 00:23:16',	'system',	NULL,	NULL),
('676bd2f0-e19f-487f-8d88-a68ca1736c6d',	'Daily Sale 16:00 09-08-2024',	'Chương trình giảm giá hằng ngày kích cầu mua sắm 16:00 09-08-2024',	'NORMAL',	NULL,	'BLOCK',	'2024-08-09 16:00:00',	'2024-08-09 17:00:00',	'2024-08-24 00:23:12',	'system',	NULL,	NULL),
('678d62f6-7155-42e8-a820-b0e4816e1965',	'Daily Sale 06:00 25-08-2024',	'Chương trình giảm giá hằng ngày kích cầu mua sắm 06:00 25-08-2024',	'NORMAL',	NULL,	'BLOCK',	'2024-08-25 06:00:00',	'2024-08-25 07:00:00',	'2024-08-24 08:50:24',	'system',	NULL,	NULL),
('679a01cd-4745-4d6b-9b6e-5c9bd9b70cb4',	'Daily Sale 13:00 24-08-2024',	'Chương trình giảm giá hằng ngày kích cầu mua sắm 13:00 24-08-2024',	'NORMAL',	NULL,	'BLOCK',	'2024-08-24 13:00:00',	'2024-08-24 14:00:00',	'2024-08-24 08:50:20',	'system',	NULL,	NULL),
('67e176dd-a6fd-4207-8d2f-3e3f59b8846f',	'Daily Sale 10:00 09-08-2024',	'Chương trình giảm giá hằng ngày kích cầu mua sắm 10:00 09-08-2024',	'NORMAL',	NULL,	'BLOCK',	'2024-08-09 10:00:00',	'2024-08-09 11:00:00',	'2024-08-24 00:23:12',	'system',	NULL,	NULL),
('68964df8-dd95-425f-a9c0-a00ea23d652a',	'Daily Sale 19:00 06-08-2024',	'Chương trình giảm giá hằng ngày kích cầu mua sắm 19:00 06-08-2024',	'NORMAL',	NULL,	'BLOCK',	'2024-08-06 19:00:00',	'2024-08-06 20:00:00',	'2024-08-24 00:23:04',	'system',	NULL,	NULL),
('68bd66e7-b910-4711-9a0a-78b604de8b10',	'Siêu sale hằng tháng 22:00 07-08-2024',	'Đại tiệc siêu sale hằng tháng 22:00 07-08-2024',	'SPEACIAL',	NULL,	'BLOCK',	'2024-08-07 22:00:00',	'2024-08-07 23:00:00',	'2024-08-24 00:23:08',	'system',	NULL,	NULL),
('6992fa8e-02dc-4956-954c-f4aa9f09708e',	'Daily Sale 01:00 21-08-2024',	'Chương trình giảm giá hằng ngày kích cầu mua sắm 01:00 21-08-2024',	'NORMAL',	NULL,	'BLOCK',	'2024-08-21 01:00:00',	'2024-08-21 02:00:00',	'2024-08-24 08:50:08',	'system',	NULL,	NULL),
('6a2528fe-30cb-4150-839b-9e267389b531',	'Daily Sale 07:00 05-08-2024',	'Chương trình giảm giá hằng ngày kích cầu mua sắm 07:00 05-08-2024',	'NORMAL',	NULL,	'BLOCK',	'2024-08-05 07:00:00',	'2024-08-05 08:00:00',	'2024-08-24 00:23:00',	'system',	NULL,	NULL),
('6a85e0e2-f19a-4238-91ca-96f1708906ed',	'Daily Sale 18:00 11-08-2024',	'Chương trình giảm giá hằng ngày kích cầu mua sắm 18:00 11-08-2024',	'NORMAL',	NULL,	'BLOCK',	'2024-08-11 18:00:00',	'2024-08-11 19:00:00',	'2024-08-24 00:23:20',	'system',	NULL,	NULL),
('6abaa9b2-3970-404e-8bc5-3664c746be4e',	'Daily Sale 23:00 21-08-2024',	'Chương trình giảm giá hằng ngày kích cầu mua sắm 23:00 21-08-2024',	'NORMAL',	NULL,	'BLOCK',	'2024-08-21 23:00:00',	'2024-08-22 00:00:00',	'2024-08-24 08:50:08',	'system',	NULL,	NULL),
('6ae3ac45-e228-49aa-8c06-e91d5339c491',	'Daily Sale 19:00 11-08-2024',	'Chương trình giảm giá hằng ngày kích cầu mua sắm 19:00 11-08-2024',	'NORMAL',	NULL,	'BLOCK',	'2024-08-11 19:00:00',	'2024-08-11 20:00:00',	'2024-08-24 00:23:20',	'system',	NULL,	NULL),
('6afa2683-036d-4852-a0ff-7aa84e30b08b',	'Daily Sale 10:00 06-08-2024',	'Chương trình giảm giá hằng ngày kích cầu mua sắm 10:00 06-08-2024',	'NORMAL',	NULL,	'BLOCK',	'2024-08-06 10:00:00',	'2024-08-06 11:00:00',	'2024-08-23 23:23:04',	'system',	NULL,	NULL),
('6b0ada7f-e8a1-48a0-b4ed-45715b8ee740',	'Daily Sale 03:00 22-08-2024',	'Chương trình giảm giá hằng ngày kích cầu mua sắm 03:00 22-08-2024',	'NORMAL',	NULL,	'BLOCK',	'2024-08-22 03:00:00',	'2024-08-22 04:00:00',	'2024-08-24 08:50:12',	'system',	NULL,	NULL),
('6b3de10c-f30f-4189-8ac3-ab4a3b7a934c',	'Daily Sale 17:00 06-08-2024',	'Chương trình giảm giá hằng ngày kích cầu mua sắm 17:00 06-08-2024',	'NORMAL',	NULL,	'BLOCK',	'2024-08-06 17:00:00',	'2024-08-06 18:00:00',	'2024-08-23 23:23:04',	'system',	NULL,	NULL),
('6c31853d-5379-4e0f-a8fb-00cb2de05b20',	'Daily Sale 13:00 22-08-2024',	'Chương trình giảm giá hằng ngày kích cầu mua sắm 13:00 22-08-2024',	'NORMAL',	NULL,	'BLOCK',	'2024-08-22 13:00:00',	'2024-08-22 14:00:00',	'2024-08-24 08:50:12',	'system',	NULL,	NULL),
('6d535fc7-ef0a-4938-962a-bf25b4128ec7',	'Daily Sale 15:00 05-08-2024',	'Chương trình giảm giá hằng ngày kích cầu mua sắm 15:00 05-08-2024',	'NORMAL',	NULL,	'BLOCK',	'2024-08-05 15:00:00',	'2024-08-05 16:00:00',	'2024-08-23 23:23:00',	'system',	NULL,	NULL),
('6dad894b-2413-4d2f-b6af-69f7e50a3600',	'Daily Sale 14:00 11-08-2024',	'Chương trình giảm giá hằng ngày kích cầu mua sắm 14:00 11-08-2024',	'NORMAL',	NULL,	'BLOCK',	'2024-08-11 14:00:00',	'2024-08-11 15:00:00',	'2024-08-23 23:23:20',	'system',	NULL,	NULL),
('6dbe9d6a-8c84-43fb-b634-a7fe34afe5f1',	'Daily Sale 23:00 09-08-2024',	'Chương trình giảm giá hằng ngày kích cầu mua sắm 23:00 09-08-2024',	'NORMAL',	NULL,	'BLOCK',	'2024-08-09 23:00:00',	'2024-08-10 00:00:00',	'2024-08-24 00:23:16',	'system',	NULL,	NULL),
('6dcd1a3a-b226-4e13-938d-f157ebd69579',	'Daily Sale 14:00 25-08-2024',	'Chương trình giảm giá hằng ngày kích cầu mua sắm 14:00 25-08-2024',	'NORMAL',	NULL,	'BLOCK',	'2024-08-25 14:00:00',	'2024-08-25 15:00:00',	'2024-08-24 08:50:24',	'system',	NULL,	NULL),
('6eebe96b-cd77-4a74-a306-5e2da9ce2625',	'Daily Sale 19:00 06-08-2024',	'Chương trình giảm giá hằng ngày kích cầu mua sắm 19:00 06-08-2024',	'NORMAL',	NULL,	'BLOCK',	'2024-08-06 19:00:00',	'2024-08-06 20:00:00',	'2024-08-24 00:23:04',	'system',	NULL,	NULL),
('6f908704-fc49-4461-afc4-dc36ecb30cc8',	'Daily Sale 08:00 20-08-2024',	'Chương trình giảm giá hằng ngày kích cầu mua sắm 08:00 20-08-2024',	'NORMAL',	NULL,	'BLOCK',	'2024-08-20 08:00:00',	'2024-08-20 09:00:00',	'2024-08-24 08:50:04',	'system',	NULL,	NULL),
('6f954839-4060-4fd9-8fd9-a5750a01b2dd',	'Siêu sale hằng tháng 23:00 07-08-2024',	'Đại tiệc siêu sale hằng tháng 23:00 07-08-2024',	'SPEACIAL',	NULL,	'BLOCK',	'2024-08-07 23:00:00',	'2024-08-08 00:00:00',	'2024-08-23 23:23:08',	'system',	NULL,	NULL),
('6fd3a397-0ed1-4d44-88ab-f5381d4644d7',	'Daily Sale 17:00 09-08-2024',	'Chương trình giảm giá hằng ngày kích cầu mua sắm 17:00 09-08-2024',	'NORMAL',	NULL,	'BLOCK',	'2024-08-09 17:00:00',	'2024-08-09 18:00:00',	'2024-08-24 00:23:12',	'system',	NULL,	NULL),
('7095033f-b790-45da-bfb9-58b586b4b5ca',	'Daily Sale 01:00 20-08-2024',	'Chương trình giảm giá hằng ngày kích cầu mua sắm 01:00 20-08-2024',	'NORMAL',	NULL,	'BLOCK',	'2024-08-20 01:00:00',	'2024-08-20 02:00:00',	'2024-08-24 08:50:04',	'system',	NULL,	NULL),
('71032b0f-665d-446e-88f0-96c58a508d35',	'Daily Sale 04:00 09-08-2024',	'Chương trình giảm giá hằng ngày kích cầu mua sắm 04:00 09-08-2024',	'NORMAL',	NULL,	'BLOCK',	'2024-08-09 04:00:00',	'2024-08-09 05:00:00',	'2024-08-24 00:23:12',	'system',	NULL,	NULL),
('71703f71-dc54-4bec-9a85-94749cb1cabb',	'Daily Sale 17:00 05-08-2024',	'Chương trình giảm giá hằng ngày kích cầu mua sắm 17:00 05-08-2024',	'NORMAL',	NULL,	'BLOCK',	'2024-08-05 17:00:00',	'2024-08-05 18:00:00',	'2024-08-24 00:23:00',	'system',	NULL,	NULL),
('717d4b2b-e3ec-4401-a6dd-73b8726b84da',	'Daily Sale 09:00 11-08-2024',	'Chương trình giảm giá hằng ngày kích cầu mua sắm 09:00 11-08-2024',	'NORMAL',	NULL,	'BLOCK',	'2024-08-11 09:00:00',	'2024-08-11 10:00:00',	'2024-08-24 00:23:20',	'system',	NULL,	NULL),
('71b769c9-4959-4716-bc18-63f21242002b',	'Daily Sale 05:00 11-08-2024',	'Chương trình giảm giá hằng ngày kích cầu mua sắm 05:00 11-08-2024',	'NORMAL',	NULL,	'BLOCK',	'2024-08-11 05:00:00',	'2024-08-11 06:00:00',	'2024-08-24 00:23:20',	'system',	NULL,	NULL),
('71cc59a4-693f-4f99-a77e-e5f5f9c967f2',	'Daily Sale 12:00 10-08-2024',	'Chương trình giảm giá hằng ngày kích cầu mua sắm 12:00 10-08-2024',	'NORMAL',	NULL,	'BLOCK',	'2024-08-10 12:00:00',	'2024-08-10 13:00:00',	'2024-08-24 00:23:16',	'system',	NULL,	NULL),
('71e76de2-fffb-4555-96a5-230116c5a9e3',	'Daily Sale 08:00 10-08-2024',	'Chương trình giảm giá hằng ngày kích cầu mua sắm 08:00 10-08-2024',	'NORMAL',	NULL,	'BLOCK',	'2024-08-10 08:00:00',	'2024-08-10 09:00:00',	'2024-08-23 23:23:16',	'system',	NULL,	NULL),
('728acc89-a286-4f0d-abb2-5b03fb02f4f8',	'Daily Sale 11:00 09-08-2024',	'Chương trình giảm giá hằng ngày kích cầu mua sắm 11:00 09-08-2024',	'NORMAL',	NULL,	'BLOCK',	'2024-08-09 11:00:00',	'2024-08-09 12:00:00',	'2024-08-24 00:23:12',	'system',	NULL,	NULL),
('729606d7-b302-4ad0-a475-a410c6c1caa6',	'Daily Sale 01:00 24-08-2024',	'Chương trình giảm giá hằng ngày kích cầu mua sắm 01:00 24-08-2024',	'NORMAL',	NULL,	'BLOCK',	'2024-08-24 01:00:00',	'2024-08-24 02:00:00',	'2024-08-24 08:50:20',	'system',	NULL,	NULL),
('72c2dd63-a26b-4893-a59e-8cf07c0b9fe3',	'Daily Sale 02:00 09-08-2024',	'Chương trình giảm giá hằng ngày kích cầu mua sắm 02:00 09-08-2024',	'NORMAL',	NULL,	'BLOCK',	'2024-08-09 02:00:00',	'2024-08-09 03:00:00',	'2024-08-24 00:23:12',	'system',	NULL,	NULL),
('7344cc55-c515-4bb8-adc7-364a376bb62a',	'Daily Sale 22:00 25-08-2024',	'Chương trình giảm giá hằng ngày kích cầu mua sắm 22:00 25-08-2024',	'NORMAL',	NULL,	'BLOCK',	'2024-08-25 22:00:00',	'2024-08-25 23:00:00',	'2024-08-24 08:50:24',	'system',	NULL,	NULL),
('73d508d4-6a29-4ce5-9325-7fbbb50a4b86',	'Siêu sale hằng tháng 20:00 07-08-2024',	'Đại tiệc siêu sale hằng tháng 20:00 07-08-2024',	'SPEACIAL',	NULL,	'BLOCK',	'2024-08-07 20:00:00',	'2024-08-07 21:00:00',	'2024-08-24 00:23:08',	'system',	NULL,	NULL),
('74485202-3841-40af-9eaa-232c0ed2a868',	'Daily Sale 20:00 21-08-2024',	'Chương trình giảm giá hằng ngày kích cầu mua sắm 20:00 21-08-2024',	'NORMAL',	NULL,	'BLOCK',	'2024-08-21 20:00:00',	'2024-08-21 21:00:00',	'2024-08-24 08:50:08',	'system',	NULL,	NULL),
('7612ac05-f1e9-476d-a8ae-d878becc75df',	'Daily Sale 16:00 10-08-2024',	'Chương trình giảm giá hằng ngày kích cầu mua sắm 16:00 10-08-2024',	'NORMAL',	NULL,	'BLOCK',	'2024-08-10 16:00:00',	'2024-08-10 17:00:00',	'2024-08-24 00:23:16',	'system',	NULL,	NULL),
('76944837-8a02-474f-a1ae-27c10a174c77',	'Daily Sale 12:00 05-08-2024',	'Chương trình giảm giá hằng ngày kích cầu mua sắm 12:00 05-08-2024',	'NORMAL',	NULL,	'BLOCK',	'2024-08-05 12:00:00',	'2024-08-05 13:00:00',	'2024-08-24 00:23:00',	'system',	NULL,	NULL),
('7701f3b1-9e47-4468-b930-f2d4220b5c92',	'Siêu sale hằng tháng 17:00 07-08-2024',	'Đại tiệc siêu sale hằng tháng 17:00 07-08-2024',	'SPEACIAL',	NULL,	'BLOCK',	'2024-08-07 17:00:00',	'2024-08-07 18:00:00',	'2024-08-24 00:23:08',	'system',	NULL,	NULL),
('775ae8aa-34b6-41dc-9eeb-df1744c00c33',	'Siêu sale hằng tháng 19:00 07-08-2024',	'Đại tiệc siêu sale hằng tháng 19:00 07-08-2024',	'SPEACIAL',	NULL,	'BLOCK',	'2024-08-07 19:00:00',	'2024-08-07 20:00:00',	'2024-08-24 00:23:08',	'system',	NULL,	NULL),
('77ac3e80-ec8f-45d9-b13a-54cf69c21eae',	'Daily Sale 10:00 23-08-2024',	'Chương trình giảm giá hằng ngày kích cầu mua sắm 10:00 23-08-2024',	'NORMAL',	NULL,	'BLOCK',	'2024-08-23 10:00:00',	'2024-08-23 11:00:00',	'2024-08-24 08:50:16',	'system',	NULL,	NULL),
('785ab07e-77bf-43b0-be88-e3e7ed8fc606',	'Daily Sale 09:00 24-08-2024',	'Chương trình giảm giá hằng ngày kích cầu mua sắm 09:00 24-08-2024',	'NORMAL',	NULL,	'BLOCK',	'2024-08-24 09:00:00',	'2024-08-24 10:00:00',	'2024-08-24 08:50:20',	'system',	NULL,	NULL),
('787e8a32-1a53-4ccc-b2c2-bb267e0c76d2',	'Daily Sale 20:00 05-08-2024',	'Chương trình giảm giá hằng ngày kích cầu mua sắm 20:00 05-08-2024',	'NORMAL',	NULL,	'BLOCK',	'2024-08-05 20:00:00',	'2024-08-05 21:00:00',	'2024-08-24 00:23:00',	'system',	NULL,	NULL),
('789842d1-1f10-453e-bd2b-58631828fe53',	'Daily Sale 11:00 11-08-2024',	'Chương trình giảm giá hằng ngày kích cầu mua sắm 11:00 11-08-2024',	'NORMAL',	NULL,	'BLOCK',	'2024-08-11 11:00:00',	'2024-08-11 12:00:00',	'2024-08-24 00:23:20',	'system',	NULL,	NULL),
('7a75bad5-b202-43f6-87c4-596903ac7713',	'Daily Sale 05:00 07-08-2024',	'Chương trình giảm giá hằng ngày kích cầu mua sắm 05:00 07-08-2024',	'NORMAL',	NULL,	'BLOCK',	'2024-08-07 05:00:00',	'2024-08-07 06:00:00',	'2024-08-24 00:23:08',	'system',	NULL,	NULL),
('7b437e7b-f863-461a-ab5c-0ef497e096f8',	'Siêu sale hằng tháng 18:00 07-08-2024',	'Đại tiệc siêu sale hằng tháng 18:00 07-08-2024',	'SPEACIAL',	NULL,	'BLOCK',	'2024-08-07 18:00:00',	'2024-08-07 19:00:00',	'2024-08-23 23:23:08',	'system',	NULL,	NULL),
('7bbb4e1c-8e3f-4d54-b596-40fd6422e44c',	'Siêu sale hằng tháng 19:00 07-08-2024',	'Đại tiệc siêu sale hằng tháng 19:00 07-08-2024',	'SPEACIAL',	NULL,	'BLOCK',	'2024-08-07 19:00:00',	'2024-08-07 20:00:00',	'2024-08-23 23:23:08',	'system',	NULL,	NULL),
('7becb643-16db-4bc7-b122-6d408c8c3981',	'Daily Sale 15:00 10-08-2024',	'Chương trình giảm giá hằng ngày kích cầu mua sắm 15:00 10-08-2024',	'NORMAL',	NULL,	'BLOCK',	'2024-08-10 15:00:00',	'2024-08-10 16:00:00',	'2024-08-23 23:23:16',	'system',	NULL,	NULL),
('7c24abeb-0f97-4812-973a-185e9348dd2b',	'Daily Sale 11:00 05-08-2024',	'Chương trình giảm giá hằng ngày kích cầu mua sắm 11:00 05-08-2024',	'NORMAL',	NULL,	'BLOCK',	'2024-08-05 11:00:00',	'2024-08-05 12:00:00',	'2024-08-23 23:23:00',	'system',	NULL,	NULL),
('7c9b13b3-3899-4efa-84f2-43335ff6afe2',	'Daily Sale 04:00 10-08-2024',	'Chương trình giảm giá hằng ngày kích cầu mua sắm 04:00 10-08-2024',	'NORMAL',	NULL,	'BLOCK',	'2024-08-10 04:00:00',	'2024-08-10 05:00:00',	'2024-08-23 23:23:16',	'system',	NULL,	NULL),
('7cf59958-efbc-4f18-b2d4-43141797c584',	'Daily Sale 23:00 06-08-2024',	'Chương trình giảm giá hằng ngày kích cầu mua sắm 23:00 06-08-2024',	'NORMAL',	NULL,	'BLOCK',	'2024-08-06 23:00:00',	'2024-08-07 00:00:00',	'2024-08-23 23:23:04',	'system',	NULL,	NULL),
('7d04193a-74b4-498f-a347-232ce506b3ad',	'Daily Sale 21:00 06-08-2024',	'Chương trình giảm giá hằng ngày kích cầu mua sắm 21:00 06-08-2024',	'NORMAL',	NULL,	'BLOCK',	'2024-08-06 21:00:00',	'2024-08-06 22:00:00',	'2024-08-24 00:23:04',	'system',	NULL,	NULL),
('7d7c3b45-9ed4-426c-952f-73fc6e5d90ec',	'Daily Sale 09:00 23-08-2024',	'Chương trình giảm giá hằng ngày kích cầu mua sắm 09:00 23-08-2024',	'NORMAL',	NULL,	'BLOCK',	'2024-08-23 09:00:00',	'2024-08-23 10:00:00',	'2024-08-24 08:50:16',	'system',	NULL,	NULL),
('7e5af351-882e-433f-93ce-7457f89c4361',	'Daily Sale 03:00 07-08-2024',	'Chương trình giảm giá hằng ngày kích cầu mua sắm 03:00 07-08-2024',	'NORMAL',	NULL,	'BLOCK',	'2024-08-07 03:00:00',	'2024-08-07 04:00:00',	'2024-08-24 00:23:08',	'system',	NULL,	NULL),
('7e7784d8-9cdb-49ea-a5e0-d8f961e05498',	'Daily Sale 06:00 23-08-2024',	'Chương trình giảm giá hằng ngày kích cầu mua sắm 06:00 23-08-2024',	'NORMAL',	NULL,	'BLOCK',	'2024-08-23 06:00:00',	'2024-08-23 07:00:00',	'2024-08-24 08:50:16',	'system',	NULL,	NULL),
('7e95144a-17c2-4245-a49b-93ddd6ffb22b',	'Daily Sale 09:00 05-08-2024',	'Chương trình giảm giá hằng ngày kích cầu mua sắm 09:00 05-08-2024',	'NORMAL',	NULL,	'BLOCK',	'2024-08-05 09:00:00',	'2024-08-05 10:00:00',	'2024-08-23 23:23:00',	'system',	NULL,	NULL),
('80bc039c-773d-42c8-a5f6-d566f74a065b',	'Daily Sale 01:00 06-08-2024',	'Chương trình giảm giá hằng ngày kích cầu mua sắm 01:00 06-08-2024',	'NORMAL',	NULL,	'BLOCK',	'2024-08-06 01:00:00',	'2024-08-06 02:00:00',	'2024-08-23 23:23:04',	'system',	NULL,	NULL),
('81ca58bc-f699-411b-a6a6-bcffc23bb44d',	'Daily Sale 09:00 21-08-2024',	'Chương trình giảm giá hằng ngày kích cầu mua sắm 09:00 21-08-2024',	'NORMAL',	NULL,	'BLOCK',	'2024-08-21 09:00:00',	'2024-08-21 10:00:00',	'2024-08-24 08:50:08',	'system',	NULL,	NULL),
('81f2f22b-4166-447f-bd78-b3a3dd5bfeac',	'Daily Sale 05:00 22-08-2024',	'Chương trình giảm giá hằng ngày kích cầu mua sắm 05:00 22-08-2024',	'NORMAL',	NULL,	'BLOCK',	'2024-08-22 05:00:00',	'2024-08-22 06:00:00',	'2024-08-24 08:50:12',	'system',	NULL,	NULL),
('820ad9a2-58b1-4f8a-a032-edd2f73a3e36',	'Daily Sale 16:00 21-08-2024',	'Chương trình giảm giá hằng ngày kích cầu mua sắm 16:00 21-08-2024',	'NORMAL',	NULL,	'BLOCK',	'2024-08-21 16:00:00',	'2024-08-21 17:00:00',	'2024-08-24 08:50:08',	'system',	NULL,	NULL),
('83324be0-df71-4af0-8540-f479dd8caa5e',	'Daily Sale 11:00 21-08-2024',	'Chương trình giảm giá hằng ngày kích cầu mua sắm 11:00 21-08-2024',	'NORMAL',	NULL,	'BLOCK',	'2024-08-21 11:00:00',	'2024-08-21 12:00:00',	'2024-08-24 08:50:08',	'system',	NULL,	NULL),
('835ef150-708b-45b8-8625-17e47b759614',	'Daily Sale 12:00 25-08-2024',	'Chương trình giảm giá hằng ngày kích cầu mua sắm 12:00 25-08-2024',	'NORMAL',	NULL,	'BLOCK',	'2024-08-25 12:00:00',	'2024-08-25 13:00:00',	'2024-08-24 08:50:24',	'system',	NULL,	NULL),
('83801582-61eb-4237-82dd-f8c84cd368d5',	'Daily Sale 07:00 24-08-2024',	'Chương trình giảm giá hằng ngày kích cầu mua sắm 07:00 24-08-2024',	'NORMAL',	NULL,	'BLOCK',	'2024-08-24 07:00:00',	'2024-08-24 08:00:00',	'2024-08-24 08:50:20',	'system',	NULL,	NULL),
('845d46e5-e910-4657-895e-879efd86fb90',	'Daily Sale 04:00 05-08-2024',	'Chương trình giảm giá hằng ngày kích cầu mua sắm 04:00 05-08-2024',	'NORMAL',	NULL,	'BLOCK',	'2024-08-05 04:00:00',	'2024-08-05 05:00:00',	'2024-08-23 23:23:00',	'system',	NULL,	NULL),
('84711ab3-e9fa-47c7-96b6-1d3dc3ba95ad',	'Daily Sale 01:00 10-08-2024',	'Chương trình giảm giá hằng ngày kích cầu mua sắm 01:00 10-08-2024',	'NORMAL',	NULL,	'BLOCK',	'2024-08-10 01:00:00',	'2024-08-10 02:00:00',	'2024-08-24 00:23:16',	'system',	NULL,	NULL),
('847aa3e9-5ecc-4828-b26f-1f9f09b6841c',	'Daily Sale 11:00 10-08-2024',	'Chương trình giảm giá hằng ngày kích cầu mua sắm 11:00 10-08-2024',	'NORMAL',	NULL,	'BLOCK',	'2024-08-10 11:00:00',	'2024-08-10 12:00:00',	'2024-08-24 00:23:16',	'system',	NULL,	NULL),
('84e03901-4531-4de0-b2da-519e3c328ad1',	'Daily Sale 11:00 19-08-2024',	'Chương trình giảm giá hằng ngày kích cầu mua sắm 11:00 19-08-2024',	'NORMAL',	NULL,	'BLOCK',	'2024-08-19 11:00:00',	'2024-08-19 12:00:00',	'2024-08-24 08:50:00',	'system',	NULL,	NULL),
('8517b3e2-b148-4963-99d1-6d0ab68a70b4',	'Daily Sale 06:00 11-08-2024',	'Chương trình giảm giá hằng ngày kích cầu mua sắm 06:00 11-08-2024',	'NORMAL',	NULL,	'BLOCK',	'2024-08-11 06:00:00',	'2024-08-11 07:00:00',	'2024-08-24 00:23:20',	'system',	NULL,	NULL),
('8564bd80-a6c8-4c04-a6fc-d57e4fedee5d',	'Daily Sale 15:00 07-08-2024',	'Chương trình giảm giá hằng ngày kích cầu mua sắm 15:00 07-08-2024',	'NORMAL',	NULL,	'BLOCK',	'2024-08-07 15:00:00',	'2024-08-07 16:00:00',	'2024-08-24 00:23:08',	'system',	NULL,	NULL),
('85659195-e9e4-49ce-ae23-ebd12370316b',	'Daily Sale 13:00 11-08-2024',	'Chương trình giảm giá hằng ngày kích cầu mua sắm 13:00 11-08-2024',	'NORMAL',	NULL,	'BLOCK',	'2024-08-11 13:00:00',	'2024-08-11 14:00:00',	'2024-08-23 23:23:20',	'system',	NULL,	NULL),
('85705ceb-1e3c-496e-9e30-1a49a3c79937',	'Daily Sale 09:00 10-08-2024',	'Chương trình giảm giá hằng ngày kích cầu mua sắm 09:00 10-08-2024',	'NORMAL',	NULL,	'BLOCK',	'2024-08-10 09:00:00',	'2024-08-10 10:00:00',	'2024-08-24 00:23:16',	'system',	NULL,	NULL),
('86d09ba8-2e13-4198-819b-8f38694b0e6f',	'Daily Sale 00:00 07-08-2024',	'Chương trình giảm giá hằng ngày kích cầu mua sắm 00:00 07-08-2024',	'NORMAL',	NULL,	'BLOCK',	'2024-08-07 00:00:00',	'2024-08-07 01:00:00',	'2024-08-24 00:23:08',	'system',	NULL,	NULL),
('86d21932-45ef-4c35-9904-a9454710b801',	'Daily Sale 06:00 07-08-2024',	'Chương trình giảm giá hằng ngày kích cầu mua sắm 06:00 07-08-2024',	'NORMAL',	NULL,	'BLOCK',	'2024-08-07 06:00:00',	'2024-08-07 07:00:00',	'2024-08-24 00:23:08',	'system',	NULL,	NULL),
('873d9575-ad2f-4b60-b084-dadddf108866',	'Daily Sale 12:00 10-08-2024',	'Chương trình giảm giá hằng ngày kích cầu mua sắm 12:00 10-08-2024',	'NORMAL',	NULL,	'BLOCK',	'2024-08-10 12:00:00',	'2024-08-10 13:00:00',	'2024-08-23 23:23:16',	'system',	NULL,	NULL),
('874ef575-d769-422b-8d72-73fb6ae43e1b',	'Daily Sale 14:00 24-08-2024',	'Chương trình giảm giá hằng ngày kích cầu mua sắm 14:00 24-08-2024',	'NORMAL',	NULL,	'BLOCK',	'2024-08-24 14:00:00',	'2024-08-24 15:00:00',	'2024-08-24 08:50:20',	'system',	NULL,	NULL),
('89aa1835-d647-4a37-b74d-b6392846e977',	'Daily Sale 13:00 06-08-2024',	'Chương trình giảm giá hằng ngày kích cầu mua sắm 13:00 06-08-2024',	'NORMAL',	NULL,	'BLOCK',	'2024-08-06 13:00:00',	'2024-08-06 14:00:00',	'2024-08-23 23:23:04',	'system',	NULL,	NULL),
('89c56040-c106-418b-8058-c23923233502',	'Daily Sale 13:00 09-08-2024',	'Chương trình giảm giá hằng ngày kích cầu mua sắm 13:00 09-08-2024',	'NORMAL',	NULL,	'BLOCK',	'2024-08-09 13:00:00',	'2024-08-09 14:00:00',	'2024-08-24 00:23:12',	'system',	NULL,	NULL),
('89efc84d-11df-45e7-8b8f-376f504cd241',	'Daily Sale 21:00 05-08-2024',	'Chương trình giảm giá hằng ngày kích cầu mua sắm 21:00 05-08-2024',	'NORMAL',	NULL,	'BLOCK',	'2024-08-05 21:00:00',	'2024-08-05 22:00:00',	'2024-08-24 00:23:00',	'system',	NULL,	NULL),
('8a00b03f-8003-45f4-84d1-4d658a69b064',	'Daily Sale 19:00 23-08-2024',	'Chương trình giảm giá hằng ngày kích cầu mua sắm 19:00 23-08-2024',	'NORMAL',	NULL,	'BLOCK',	'2024-08-23 19:00:00',	'2024-08-23 20:00:00',	'2024-08-24 08:50:16',	'system',	NULL,	NULL),
('8a3d0d61-796c-437a-af0f-5c836b0dab7d',	'Daily Sale 02:00 05-08-2024',	'Chương trình giảm giá hằng ngày kích cầu mua sắm 02:00 05-08-2024',	'NORMAL',	NULL,	'BLOCK',	'2024-08-05 02:00:00',	'2024-08-05 03:00:00',	'2024-08-23 23:23:00',	'system',	NULL,	NULL),
('8ab27901-4013-41be-a163-3caaf265f247',	'Daily Sale 11:00 25-08-2024',	'Chương trình giảm giá hằng ngày kích cầu mua sắm 11:00 25-08-2024',	'NORMAL',	NULL,	'BLOCK',	'2024-08-25 11:00:00',	'2024-08-25 12:00:00',	'2024-08-24 08:50:24',	'system',	NULL,	NULL),
('8b52f6fb-622d-4040-9f58-4da33848f28b',	'Daily Sale 06:00 22-08-2024',	'Chương trình giảm giá hằng ngày kích cầu mua sắm 06:00 22-08-2024',	'NORMAL',	NULL,	'BLOCK',	'2024-08-22 06:00:00',	'2024-08-22 07:00:00',	'2024-08-24 08:50:12',	'system',	NULL,	NULL),
('8c72478d-b856-4cf9-84ea-5f5356e10b79',	'Siêu sale hằng tháng 18:00 07-08-2024',	'Đại tiệc siêu sale hằng tháng 18:00 07-08-2024',	'SPEACIAL',	NULL,	'BLOCK',	'2024-08-07 18:00:00',	'2024-08-07 19:00:00',	'2024-08-24 00:23:08',	'system',	NULL,	NULL),
('8c93d619-98cb-4ef7-886f-5cf3248f9bfb',	'Daily Sale 21:00 10-08-2024',	'Chương trình giảm giá hằng ngày kích cầu mua sắm 21:00 10-08-2024',	'NORMAL',	NULL,	'BLOCK',	'2024-08-10 21:00:00',	'2024-08-10 22:00:00',	'2024-08-23 23:23:16',	'system',	NULL,	NULL),
('8e9e5820-a53a-4717-ab57-a9656c15bfb5',	'Daily Sale 06:00 20-08-2024',	'Chương trình giảm giá hằng ngày kích cầu mua sắm 06:00 20-08-2024',	'NORMAL',	NULL,	'BLOCK',	'2024-08-20 06:00:00',	'2024-08-20 07:00:00',	'2024-08-24 08:50:04',	'system',	NULL,	NULL),
('8ed38c7a-e122-4b31-bc69-080b4eaba2cb',	'Daily Sale 08:00 07-08-2024',	'Chương trình giảm giá hằng ngày kích cầu mua sắm 08:00 07-08-2024',	'NORMAL',	NULL,	'BLOCK',	'2024-08-07 08:00:00',	'2024-08-07 09:00:00',	'2024-08-24 00:23:08',	'system',	NULL,	NULL),
('8f000024-5657-4d6b-bb88-b47c251b1f25',	'Daily Sale 07:00 06-08-2024',	'Chương trình giảm giá hằng ngày kích cầu mua sắm 07:00 06-08-2024',	'NORMAL',	NULL,	'BLOCK',	'2024-08-06 07:00:00',	'2024-08-06 08:00:00',	'2024-08-23 23:23:04',	'system',	NULL,	NULL),
('8f58b77f-abdc-45a2-a9e4-dca3f6156373',	'Daily Sale 01:00 09-08-2024',	'Chương trình giảm giá hằng ngày kích cầu mua sắm 01:00 09-08-2024',	'NORMAL',	NULL,	'BLOCK',	'2024-08-09 01:00:00',	'2024-08-09 02:00:00',	'2024-08-24 00:23:12',	'system',	NULL,	NULL),
('8f63df6e-06f1-4e91-8857-a83fb5e342ed',	'Daily Sale 16:00 23-08-2024',	'Chương trình giảm giá hằng ngày kích cầu mua sắm 16:00 23-08-2024',	'NORMAL',	NULL,	'BLOCK',	'2024-08-23 16:00:00',	'2024-08-23 17:00:00',	'2024-08-24 08:50:16',	'system',	NULL,	NULL),
('8f805720-acf8-4dac-9f82-abccb49a3d37',	'Daily Sale 00:00 11-08-2024',	'Chương trình giảm giá hằng ngày kích cầu mua sắm 00:00 11-08-2024',	'NORMAL',	NULL,	'BLOCK',	'2024-08-11 00:00:00',	'2024-08-11 01:00:00',	'2024-08-24 00:23:20',	'system',	NULL,	NULL),
('8f97accf-faf5-4b0a-8ecd-338a8a5e5d68',	'Daily Sale 03:00 09-08-2024',	'Chương trình giảm giá hằng ngày kích cầu mua sắm 03:00 09-08-2024',	'NORMAL',	NULL,	'BLOCK',	'2024-08-09 03:00:00',	'2024-08-09 04:00:00',	'2024-08-24 00:23:12',	'system',	NULL,	NULL),
('908b2702-136a-4173-a5d6-7b4d407a19f5',	'Daily Sale 10:00 10-08-2024',	'Chương trình giảm giá hằng ngày kích cầu mua sắm 10:00 10-08-2024',	'NORMAL',	NULL,	'BLOCK',	'2024-08-10 10:00:00',	'2024-08-10 11:00:00',	'2024-08-23 23:23:16',	'system',	NULL,	NULL),
('914ed5e1-3a98-4be5-b8f9-c1b1d26b353d',	'Daily Sale 10:00 09-08-2024',	'Chương trình giảm giá hằng ngày kích cầu mua sắm 10:00 09-08-2024',	'NORMAL',	NULL,	'BLOCK',	'2024-08-09 10:00:00',	'2024-08-09 11:00:00',	'2024-08-24 00:23:12',	'system',	NULL,	NULL),
('923d3614-458d-4d81-b717-4f77f70a49ac',	'Daily Sale 13:00 10-08-2024',	'Chương trình giảm giá hằng ngày kích cầu mua sắm 13:00 10-08-2024',	'NORMAL',	NULL,	'BLOCK',	'2024-08-10 13:00:00',	'2024-08-10 14:00:00',	'2024-08-24 00:23:16',	'system',	NULL,	NULL),
('92eeee81-fb64-42f1-ac76-02c3b496350b',	'Daily Sale 19:00 10-08-2024',	'Chương trình giảm giá hằng ngày kích cầu mua sắm 19:00 10-08-2024',	'NORMAL',	NULL,	'BLOCK',	'2024-08-10 19:00:00',	'2024-08-10 20:00:00',	'2024-08-24 00:23:16',	'system',	NULL,	NULL),
('9349be60-6829-48ba-bcfc-e4609a394c0f',	'Daily Sale 05:00 24-08-2024',	'Chương trình giảm giá hằng ngày kích cầu mua sắm 05:00 24-08-2024',	'NORMAL',	NULL,	'BLOCK',	'2024-08-24 05:00:00',	'2024-08-24 06:00:00',	'2024-08-24 08:50:20',	'system',	NULL,	NULL),
('937edb65-48a2-4054-9f7c-2e0b93ca11ad',	'Daily Sale 02:00 11-08-2024',	'Chương trình giảm giá hằng ngày kích cầu mua sắm 02:00 11-08-2024',	'NORMAL',	NULL,	'BLOCK',	'2024-08-11 02:00:00',	'2024-08-11 03:00:00',	'2024-08-24 00:23:20',	'system',	NULL,	NULL),
('939d2993-2f04-4b31-b56c-e9cdef8bbcee',	'Daily Sale 03:00 09-08-2024',	'Chương trình giảm giá hằng ngày kích cầu mua sắm 03:00 09-08-2024',	'NORMAL',	NULL,	'BLOCK',	'2024-08-09 03:00:00',	'2024-08-09 04:00:00',	'2024-08-24 00:23:12',	'system',	NULL,	NULL),
('93c11041-6236-4f5c-85de-be0b88a7637a',	'Daily Sale 21:00 06-08-2024',	'Chương trình giảm giá hằng ngày kích cầu mua sắm 21:00 06-08-2024',	'NORMAL',	NULL,	'BLOCK',	'2024-08-06 21:00:00',	'2024-08-06 22:00:00',	'2024-08-24 00:23:04',	'system',	NULL,	NULL),
('93f0f572-4ff0-4c38-bec5-c649c3f592b6',	'Daily Sale 01:00 06-08-2024',	'Chương trình giảm giá hằng ngày kích cầu mua sắm 01:00 06-08-2024',	'NORMAL',	NULL,	'BLOCK',	'2024-08-06 01:00:00',	'2024-08-06 02:00:00',	'2024-08-24 00:23:04',	'system',	NULL,	NULL),
('93f925b3-c705-4458-8af4-b9b2b21655b6',	'Daily Sale 22:00 09-08-2024',	'Chương trình giảm giá hằng ngày kích cầu mua sắm 22:00 09-08-2024',	'NORMAL',	NULL,	'BLOCK',	'2024-08-09 22:00:00',	'2024-08-09 23:00:00',	'2024-08-24 00:23:12',	'system',	NULL,	NULL),
('94772402-b9ab-4257-a242-64566d920f22',	'Daily Sale 23:00 10-08-2024',	'Chương trình giảm giá hằng ngày kích cầu mua sắm 23:00 10-08-2024',	'NORMAL',	NULL,	'BLOCK',	'2024-08-10 23:00:00',	'2024-08-11 00:00:00',	'2024-08-23 23:23:20',	'system',	NULL,	NULL),
('954858a3-7795-4812-bd89-31c2e42b60ff',	'Daily Sale 18:00 11-08-2024',	'Chương trình giảm giá hằng ngày kích cầu mua sắm 18:00 11-08-2024',	'NORMAL',	NULL,	'BLOCK',	'2024-08-11 18:00:00',	'2024-08-11 19:00:00',	'2024-08-23 23:23:20',	'system',	NULL,	NULL),
('95e4deea-8aaa-435d-b792-0f0be64c4834',	'Daily Sale 17:00 19-08-2024',	'Chương trình giảm giá hằng ngày kích cầu mua sắm 17:00 19-08-2024',	'NORMAL',	NULL,	'BLOCK',	'2024-08-19 17:00:00',	'2024-08-19 18:00:00',	'2024-08-24 08:50:00',	'system',	NULL,	NULL),
('963d5a6a-e67c-4b82-b7d0-e96ff01b0ea4',	'Daily Sale 08:00 23-08-2024',	'Chương trình giảm giá hằng ngày kích cầu mua sắm 08:00 23-08-2024',	'NORMAL',	NULL,	'BLOCK',	'2024-08-23 08:00:00',	'2024-08-23 09:00:00',	'2024-08-24 08:50:16',	'system',	NULL,	NULL),
('968dd182-50b9-46f0-aa12-f1e649387345',	'Daily Sale 08:00 07-08-2024',	'Chương trình giảm giá hằng ngày kích cầu mua sắm 08:00 07-08-2024',	'NORMAL',	NULL,	'BLOCK',	'2024-08-07 08:00:00',	'2024-08-07 09:00:00',	'2024-08-24 00:23:08',	'system',	NULL,	NULL),
('975c6287-be7d-4889-9d87-83d7c708af0d',	'Daily Sale 10:00 05-08-2024',	'Chương trình giảm giá hằng ngày kích cầu mua sắm 10:00 05-08-2024',	'NORMAL',	NULL,	'BLOCK',	'2024-08-05 10:00:00',	'2024-08-05 11:00:00',	'2024-08-24 00:23:00',	'system',	NULL,	NULL),
('979a2554-be69-475d-9bb4-d47b3080def8',	'Daily Sale 03:00 07-08-2024',	'Chương trình giảm giá hằng ngày kích cầu mua sắm 03:00 07-08-2024',	'NORMAL',	NULL,	'BLOCK',	'2024-08-07 03:00:00',	'2024-08-07 04:00:00',	'2024-08-24 00:23:08',	'system',	NULL,	NULL),
('984d0ebe-42cd-4336-9e9b-fa6e7c8c7c7c',	'Daily Sale 16:00 09-08-2024',	'Chương trình giảm giá hằng ngày kích cầu mua sắm 16:00 09-08-2024',	'NORMAL',	NULL,	'BLOCK',	'2024-08-09 16:00:00',	'2024-08-09 17:00:00',	'2024-08-23 23:23:12',	'system',	NULL,	NULL),
('98542103-88af-4ff3-a60d-bd2715a6d22b',	'Daily Sale 01:00 09-08-2024',	'Chương trình giảm giá hằng ngày kích cầu mua sắm 01:00 09-08-2024',	'NORMAL',	NULL,	'BLOCK',	'2024-08-09 01:00:00',	'2024-08-09 02:00:00',	'2024-08-23 23:23:12',	'system',	NULL,	NULL),
('9890ef92-e50d-49f6-b621-ab9381425af2',	'Daily Sale 14:00 07-08-2024',	'Chương trình giảm giá hằng ngày kích cầu mua sắm 14:00 07-08-2024',	'NORMAL',	NULL,	'BLOCK',	'2024-08-07 14:00:00',	'2024-08-07 15:00:00',	'2024-08-24 00:23:08',	'system',	NULL,	NULL),
('9891ba0e-b6bb-4af7-bdbc-5f39a6297cdc',	'Daily Sale 15:00 25-08-2024',	'Chương trình giảm giá hằng ngày kích cầu mua sắm 15:00 25-08-2024',	'NORMAL',	NULL,	'BLOCK',	'2024-08-25 15:00:00',	'2024-08-25 16:00:00',	'2024-08-24 08:50:24',	'system',	NULL,	NULL),
('98bac9de-0825-4243-9c78-f7c23bbe2d79',	'Daily Sale 05:00 05-08-2024',	'Chương trình giảm giá hằng ngày kích cầu mua sắm 05:00 05-08-2024',	'NORMAL',	NULL,	'BLOCK',	'2024-08-05 05:00:00',	'2024-08-05 06:00:00',	'2024-08-23 23:23:00',	'system',	NULL,	NULL),
('990c37d6-a4f5-410c-b8c2-526c54d477ad',	'Daily Sale 00:00 09-08-2024',	'Chương trình giảm giá hằng ngày kích cầu mua sắm 00:00 09-08-2024',	'NORMAL',	NULL,	'BLOCK',	'2024-08-09 00:00:00',	'2024-08-09 01:00:00',	'2024-08-23 23:23:12',	'system',	NULL,	NULL),
('993d3b9c-d6a1-4cb3-b5bd-a51454385d4a',	'Daily Sale 19:00 10-08-2024',	'Chương trình giảm giá hằng ngày kích cầu mua sắm 19:00 10-08-2024',	'NORMAL',	NULL,	'BLOCK',	'2024-08-10 19:00:00',	'2024-08-10 20:00:00',	'2024-08-23 23:23:16',	'system',	NULL,	NULL),
('997cb086-035a-4b2a-af55-610213935e16',	'Daily Sale 00:00 09-08-2024',	'Chương trình giảm giá hằng ngày kích cầu mua sắm 00:00 09-08-2024',	'NORMAL',	NULL,	'BLOCK',	'2024-08-09 00:00:00',	'2024-08-09 01:00:00',	'2024-08-24 00:23:12',	'system',	NULL,	NULL),
('99832a97-aa77-4001-8b02-23dd465892c0',	'Daily Sale 18:00 10-08-2024',	'Chương trình giảm giá hằng ngày kích cầu mua sắm 18:00 10-08-2024',	'NORMAL',	NULL,	'BLOCK',	'2024-08-10 18:00:00',	'2024-08-10 19:00:00',	'2024-08-24 00:23:16',	'system',	NULL,	NULL),
('99ed2da4-4a6e-4446-ad89-3d6b23174b9b',	'Daily Sale 12:00 11-08-2024',	'Chương trình giảm giá hằng ngày kích cầu mua sắm 12:00 11-08-2024',	'NORMAL',	NULL,	'BLOCK',	'2024-08-11 12:00:00',	'2024-08-11 13:00:00',	'2024-08-24 00:23:20',	'system',	NULL,	NULL),
('99eef471-755c-4347-9afa-8f10e5702664',	'Daily Sale 06:00 05-08-2024',	'Chương trình giảm giá hằng ngày kích cầu mua sắm 06:00 05-08-2024',	'NORMAL',	NULL,	'BLOCK',	'2024-08-05 06:00:00',	'2024-08-05 07:00:00',	'2024-08-24 00:23:00',	'system',	NULL,	NULL),
('9a40d719-494d-4633-84a0-52c7af879676',	'Daily Sale 13:00 07-08-2024',	'Chương trình giảm giá hằng ngày kích cầu mua sắm 13:00 07-08-2024',	'NORMAL',	NULL,	'BLOCK',	'2024-08-07 13:00:00',	'2024-08-07 14:00:00',	'2024-08-23 23:23:08',	'system',	NULL,	NULL),
('9bb71207-cb78-4eec-a149-a3b677a29524',	'Daily Sale 17:00 21-08-2024',	'Chương trình giảm giá hằng ngày kích cầu mua sắm 17:00 21-08-2024',	'NORMAL',	NULL,	'BLOCK',	'2024-08-21 17:00:00',	'2024-08-21 18:00:00',	'2024-08-24 08:50:08',	'system',	NULL,	NULL),
('9bee556a-af4e-46e7-b934-893969cf835c',	'Daily Sale 00:00 10-08-2024',	'Chương trình giảm giá hằng ngày kích cầu mua sắm 00:00 10-08-2024',	'NORMAL',	NULL,	'BLOCK',	'2024-08-10 00:00:00',	'2024-08-10 01:00:00',	'2024-08-24 00:23:16',	'system',	NULL,	NULL),
('9bfae94b-3d9a-4508-91e8-283268408e19',	'Daily Sale 08:00 24-08-2024',	'Chương trình giảm giá hằng ngày kích cầu mua sắm 08:00 24-08-2024',	'NORMAL',	NULL,	'BLOCK',	'2024-08-24 08:00:00',	'2024-08-24 09:00:00',	'2024-08-24 08:50:20',	'system',	NULL,	NULL),
('9c36b7cd-511a-407d-8a09-fac44bb5ecee',	'Daily Sale 21:00 09-08-2024',	'Chương trình giảm giá hằng ngày kích cầu mua sắm 21:00 09-08-2024',	'NORMAL',	NULL,	'BLOCK',	'2024-08-09 21:00:00',	'2024-08-09 22:00:00',	'2024-08-24 00:23:12',	'system',	NULL,	NULL),
('9cff28b1-f769-4f3c-88be-d9c30e0be40a',	'Daily Sale 12:00 19-08-2024',	'Chương trình giảm giá hằng ngày kích cầu mua sắm 12:00 19-08-2024',	'NORMAL',	NULL,	'BLOCK',	'2024-08-19 12:00:00',	'2024-08-19 13:00:00',	'2024-08-24 08:50:00',	'system',	NULL,	NULL),
('9d62badc-ba07-4b9a-8fa7-ba98aad31660',	'Daily Sale 02:00 09-08-2024',	'Chương trình giảm giá hằng ngày kích cầu mua sắm 02:00 09-08-2024',	'NORMAL',	NULL,	'BLOCK',	'2024-08-09 02:00:00',	'2024-08-09 03:00:00',	'2024-08-24 00:23:12',	'system',	NULL,	NULL),
('9da64fd9-fa19-452d-8c9d-962b46af85cb',	'Daily Sale 11:00 07-08-2024',	'Chương trình giảm giá hằng ngày kích cầu mua sắm 11:00 07-08-2024',	'NORMAL',	NULL,	'BLOCK',	'2024-08-07 11:00:00',	'2024-08-07 12:00:00',	'2024-08-24 00:23:08',	'system',	NULL,	NULL),
('9db1c385-2e9e-490c-a5ee-4c3d0e4e873d',	'Daily Sale 20:00 06-08-2024',	'Chương trình giảm giá hằng ngày kích cầu mua sắm 20:00 06-08-2024',	'NORMAL',	NULL,	'BLOCK',	'2024-08-06 20:00:00',	'2024-08-06 21:00:00',	'2024-08-24 00:23:04',	'system',	NULL,	NULL),
('9dea17dc-9fd9-422a-80bf-3fa16cb7601b',	'Daily Sale 11:00 06-08-2024',	'Chương trình giảm giá hằng ngày kích cầu mua sắm 11:00 06-08-2024',	'NORMAL',	NULL,	'BLOCK',	'2024-08-06 11:00:00',	'2024-08-06 12:00:00',	'2024-08-24 00:23:04',	'system',	NULL,	NULL),
('9e3bacc8-f5a7-4c47-bc24-21362a8530ae',	'Daily Sale 05:00 09-08-2024',	'Chương trình giảm giá hằng ngày kích cầu mua sắm 05:00 09-08-2024',	'NORMAL',	NULL,	'BLOCK',	'2024-08-09 05:00:00',	'2024-08-09 06:00:00',	'2024-08-24 00:23:12',	'system',	NULL,	NULL),
('9eb0896e-3a9d-462e-acf4-9217a677de61',	'Siêu sale hằng tháng 00:00 08-08-2024',	'Đại tiệc siêu sale hằng tháng 00:00 08-08-2024',	'SPEACIAL',	NULL,	'BLOCK',	'2024-08-08 00:00:00',	'2024-08-08 01:00:00',	'2024-08-24 00:23:12',	'system',	NULL,	NULL),
('9eb65a34-be24-4e7b-940c-dbf550f52c5d',	'Daily Sale 08:00 05-08-2024',	'Chương trình giảm giá hằng ngày kích cầu mua sắm 08:00 05-08-2024',	'NORMAL',	NULL,	'BLOCK',	'2024-08-05 08:00:00',	'2024-08-05 09:00:00',	'2024-08-23 23:23:00',	'system',	NULL,	NULL),
('9f2e8b0e-472e-4307-bb62-42d0ada87917',	'Daily Sale 20:00 20-08-2024',	'Chương trình giảm giá hằng ngày kích cầu mua sắm 20:00 20-08-2024',	'NORMAL',	NULL,	'BLOCK',	'2024-08-20 20:00:00',	'2024-08-20 21:00:00',	'2024-08-24 08:50:04',	'system',	NULL,	NULL),
('9f4a3add-6c6c-48cc-af4c-74dde9338d60',	'Daily Sale 16:00 24-08-2024',	'Chương trình giảm giá hằng ngày kích cầu mua sắm 16:00 24-08-2024',	'NORMAL',	NULL,	'BLOCK',	'2024-08-24 16:00:00',	'2024-08-24 17:00:00',	'2024-08-24 08:50:20',	'system',	'2024-08-24 10:00:00',	'system'),
('9f80ae37-49d2-43fb-a6d5-53d1ef02c6d3',	'Daily Sale 15:00 06-08-2024',	'Chương trình giảm giá hằng ngày kích cầu mua sắm 15:00 06-08-2024',	'NORMAL',	NULL,	'BLOCK',	'2024-08-06 15:00:00',	'2024-08-06 16:00:00',	'2024-08-23 23:23:04',	'system',	NULL,	NULL),
('9f9941d0-59dc-46e1-8b72-183be24cdbc1',	'Daily Sale 22:00 06-08-2024',	'Chương trình giảm giá hằng ngày kích cầu mua sắm 22:00 06-08-2024',	'NORMAL',	NULL,	'BLOCK',	'2024-08-06 22:00:00',	'2024-08-06 23:00:00',	'2024-08-24 00:23:04',	'system',	NULL,	NULL),
('9fefc931-0763-4d21-866d-d9e1dbefba95',	'Siêu sale hằng tháng 20:00 07-08-2024',	'Đại tiệc siêu sale hằng tháng 20:00 07-08-2024',	'SPEACIAL',	NULL,	'BLOCK',	'2024-08-07 20:00:00',	'2024-08-07 21:00:00',	'2024-08-23 23:23:08',	'system',	NULL,	NULL),
('a10a87ff-f724-4732-9092-dbe1f790cb75',	'Daily Sale 07:00 07-08-2024',	'Chương trình giảm giá hằng ngày kích cầu mua sắm 07:00 07-08-2024',	'NORMAL',	NULL,	'BLOCK',	'2024-08-07 07:00:00',	'2024-08-07 08:00:00',	'2024-08-23 23:23:08',	'system',	NULL,	NULL),
('a134f21b-fd3d-4cfd-8f8f-dd771f9570c3',	'Daily Sale 23:00 05-08-2024',	'Chương trình giảm giá hằng ngày kích cầu mua sắm 23:00 05-08-2024',	'NORMAL',	NULL,	'BLOCK',	'2024-08-05 23:00:00',	'2024-08-06 00:00:00',	'2024-08-23 23:23:00',	'system',	NULL,	NULL),
('a1835d99-c321-4286-982b-6971e6baad74',	'Daily Sale 06:00 11-08-2024',	'Chương trình giảm giá hằng ngày kích cầu mua sắm 06:00 11-08-2024',	'NORMAL',	NULL,	'BLOCK',	'2024-08-11 06:00:00',	'2024-08-11 07:00:00',	'2024-08-24 00:23:20',	'system',	NULL,	NULL),
('a183ad0c-316b-41d7-ad52-50c088bc7552',	'Daily Sale 07:00 05-08-2024',	'Chương trình giảm giá hằng ngày kích cầu mua sắm 07:00 05-08-2024',	'NORMAL',	NULL,	'BLOCK',	'2024-08-05 07:00:00',	'2024-08-05 08:00:00',	'2024-08-24 00:23:00',	'system',	NULL,	NULL),
('a194d7f8-5c8d-4b09-a8ca-18a13d4ba68e',	'Daily Sale 03:00 10-08-2024',	'Chương trình giảm giá hằng ngày kích cầu mua sắm 03:00 10-08-2024',	'NORMAL',	NULL,	'BLOCK',	'2024-08-10 03:00:00',	'2024-08-10 04:00:00',	'2024-08-24 00:23:16',	'system',	NULL,	NULL),
('a1c8ebf8-5c6a-4236-8367-3d370e2d519b',	'Daily Sale 14:00 05-08-2024',	'Chương trình giảm giá hằng ngày kích cầu mua sắm 14:00 05-08-2024',	'NORMAL',	NULL,	'BLOCK',	'2024-08-05 14:00:00',	'2024-08-05 15:00:00',	'2024-08-24 00:23:00',	'system',	NULL,	NULL),
('a1e8e23a-b577-4a61-94ad-ca1c9e2ba3a0',	'Daily Sale 05:00 11-08-2024',	'Chương trình giảm giá hằng ngày kích cầu mua sắm 05:00 11-08-2024',	'NORMAL',	NULL,	'BLOCK',	'2024-08-11 05:00:00',	'2024-08-11 06:00:00',	'2024-08-24 00:23:20',	'system',	NULL,	NULL),
('a206664a-ddb7-4838-aa1d-dee084318f76',	'Daily Sale 22:00 09-08-2024',	'Chương trình giảm giá hằng ngày kích cầu mua sắm 22:00 09-08-2024',	'NORMAL',	NULL,	'BLOCK',	'2024-08-09 22:00:00',	'2024-08-09 23:00:00',	'2024-08-23 23:23:12',	'system',	NULL,	NULL),
('a2e0a1d5-d460-45ff-a11c-b3332bf39ed9',	'Daily Sale 17:00 11-08-2024',	'Chương trình giảm giá hằng ngày kích cầu mua sắm 17:00 11-08-2024',	'NORMAL',	NULL,	'BLOCK',	'2024-08-11 17:00:00',	'2024-08-11 18:00:00',	'2024-08-24 00:23:20',	'system',	NULL,	NULL),
('a2e42992-1db9-4599-97f6-e2da7360f9fe',	'Daily Sale 15:00 09-08-2024',	'Chương trình giảm giá hằng ngày kích cầu mua sắm 15:00 09-08-2024',	'NORMAL',	NULL,	'BLOCK',	'2024-08-09 15:00:00',	'2024-08-09 16:00:00',	'2024-08-23 23:23:12',	'system',	NULL,	NULL),
('a3023b07-5e17-4090-a71e-9cbe70e2dfeb',	'Daily Sale 17:00 20-08-2024',	'Chương trình giảm giá hằng ngày kích cầu mua sắm 17:00 20-08-2024',	'NORMAL',	NULL,	'BLOCK',	'2024-08-20 17:00:00',	'2024-08-20 18:00:00',	'2024-08-24 08:50:04',	'system',	NULL,	NULL),
('a30f9055-ee34-4225-a3b9-43aa157624d4',	'Daily Sale 05:00 20-08-2024',	'Chương trình giảm giá hằng ngày kích cầu mua sắm 05:00 20-08-2024',	'NORMAL',	NULL,	'BLOCK',	'2024-08-20 05:00:00',	'2024-08-20 06:00:00',	'2024-08-24 08:50:04',	'system',	NULL,	NULL),
('a4323af4-39b3-47cc-a704-6c9cb1d8c342',	'Daily Sale 00:00 19-08-2024',	'Chương trình giảm giá hằng ngày kích cầu mua sắm 00:00 19-08-2024',	'NORMAL',	NULL,	'BLOCK',	'2024-08-19 00:00:00',	'2024-08-19 01:00:00',	'2024-08-24 08:50:00',	'system',	NULL,	NULL),
('a46c52ec-4930-42fc-8a62-5b41b764cfbb',	'Daily Sale 07:00 09-08-2024',	'Chương trình giảm giá hằng ngày kích cầu mua sắm 07:00 09-08-2024',	'NORMAL',	NULL,	'BLOCK',	'2024-08-09 07:00:00',	'2024-08-09 08:00:00',	'2024-08-24 00:23:12',	'system',	NULL,	NULL),
('a46f199c-b7de-4690-88c5-4f9cd9d1ff13',	'Daily Sale 20:00 10-08-2024',	'Chương trình giảm giá hằng ngày kích cầu mua sắm 20:00 10-08-2024',	'NORMAL',	NULL,	'BLOCK',	'2024-08-10 20:00:00',	'2024-08-10 21:00:00',	'2024-08-24 00:23:16',	'system',	NULL,	NULL),
('a4745e74-65c6-4463-b551-aa7a61ec90c1',	'Daily Sale 14:00 21-08-2024',	'Chương trình giảm giá hằng ngày kích cầu mua sắm 14:00 21-08-2024',	'NORMAL',	NULL,	'BLOCK',	'2024-08-21 14:00:00',	'2024-08-21 15:00:00',	'2024-08-24 08:50:08',	'system',	NULL,	NULL),
('a5122aa2-fdce-482e-9807-12845ddf54cb',	'Daily Sale 15:00 07-08-2024',	'Chương trình giảm giá hằng ngày kích cầu mua sắm 15:00 07-08-2024',	'NORMAL',	NULL,	'BLOCK',	'2024-08-07 15:00:00',	'2024-08-07 16:00:00',	'2024-08-23 23:23:08',	'system',	NULL,	NULL),
('a6a60da3-bd47-4a1f-9c44-d3d999777504',	'Daily Sale 02:00 23-08-2024',	'Chương trình giảm giá hằng ngày kích cầu mua sắm 02:00 23-08-2024',	'NORMAL',	NULL,	'BLOCK',	'2024-08-23 02:00:00',	'2024-08-23 03:00:00',	'2024-08-24 08:50:16',	'system',	NULL,	NULL),
('a71d6764-01d0-4559-ac27-bbb42b3fb9ad',	'Daily Sale 13:00 25-08-2024',	'Chương trình giảm giá hằng ngày kích cầu mua sắm 13:00 25-08-2024',	'NORMAL',	NULL,	'BLOCK',	'2024-08-25 13:00:00',	'2024-08-25 14:00:00',	'2024-08-24 08:50:24',	'system',	NULL,	NULL),
('a7a386d2-5405-4fee-9ee2-a05eb9d3798a',	'Daily Sale 02:00 10-08-2024',	'Chương trình giảm giá hằng ngày kích cầu mua sắm 02:00 10-08-2024',	'NORMAL',	NULL,	'BLOCK',	'2024-08-10 02:00:00',	'2024-08-10 03:00:00',	'2024-08-23 23:23:16',	'system',	NULL,	NULL),
('a836e3ea-8f74-4ffa-8cf3-c803ed3ea096',	'Daily Sale 22:00 19-08-2024',	'Chương trình giảm giá hằng ngày kích cầu mua sắm 22:00 19-08-2024',	'NORMAL',	NULL,	'BLOCK',	'2024-08-19 22:00:00',	'2024-08-19 23:00:00',	'2024-08-24 08:50:00',	'system',	NULL,	NULL),
('a839875d-dee0-4044-95a4-9950b38e5366',	'Daily Sale 21:00 05-08-2024',	'Chương trình giảm giá hằng ngày kích cầu mua sắm 21:00 05-08-2024',	'NORMAL',	NULL,	'BLOCK',	'2024-08-05 21:00:00',	'2024-08-05 22:00:00',	'2024-08-23 23:23:00',	'system',	NULL,	NULL),
('a89dab0f-f8a0-41a9-b696-d7ad78cea05c',	'Daily Sale 15:00 11-08-2024',	'Chương trình giảm giá hằng ngày kích cầu mua sắm 15:00 11-08-2024',	'NORMAL',	NULL,	'BLOCK',	'2024-08-11 15:00:00',	'2024-08-11 16:00:00',	'2024-08-23 23:23:20',	'system',	NULL,	NULL),
('a9312d17-9bd6-4cb5-90a3-7fa4de7b8797',	'Daily Sale 04:00 11-08-2024',	'Chương trình giảm giá hằng ngày kích cầu mua sắm 04:00 11-08-2024',	'NORMAL',	NULL,	'BLOCK',	'2024-08-11 04:00:00',	'2024-08-11 05:00:00',	'2024-08-23 23:23:20',	'system',	NULL,	NULL),
('a95d0044-6c21-4385-af6c-c916cd2bf276',	'Daily Sale 10:00 25-08-2024',	'Chương trình giảm giá hằng ngày kích cầu mua sắm 10:00 25-08-2024',	'NORMAL',	NULL,	'BLOCK',	'2024-08-25 10:00:00',	'2024-08-25 11:00:00',	'2024-08-24 08:50:24',	'system',	NULL,	NULL),
('a9c7fe1b-3f02-4088-aefc-ba625714d425',	'Daily Sale 09:00 06-08-2024',	'Chương trình giảm giá hằng ngày kích cầu mua sắm 09:00 06-08-2024',	'NORMAL',	NULL,	'BLOCK',	'2024-08-06 09:00:00',	'2024-08-06 10:00:00',	'2024-08-24 00:23:04',	'system',	NULL,	NULL),
('a9ce105b-d7f7-44c4-8e69-e53464853e80',	'Daily Sale 11:00 06-08-2024',	'Chương trình giảm giá hằng ngày kích cầu mua sắm 11:00 06-08-2024',	'NORMAL',	NULL,	'BLOCK',	'2024-08-06 11:00:00',	'2024-08-06 12:00:00',	'2024-08-24 00:23:04',	'system',	NULL,	NULL),
('a9f8299c-0fe4-4dba-a768-0c92ce514e8d',	'Daily Sale 08:00 22-08-2024',	'Chương trình giảm giá hằng ngày kích cầu mua sắm 08:00 22-08-2024',	'NORMAL',	NULL,	'BLOCK',	'2024-08-22 08:00:00',	'2024-08-22 09:00:00',	'2024-08-24 08:50:12',	'system',	NULL,	NULL),
('aa2f1c6a-3008-4d00-b094-d7fc0d3442ab',	'Daily Sale 04:00 20-08-2024',	'Chương trình giảm giá hằng ngày kích cầu mua sắm 04:00 20-08-2024',	'NORMAL',	NULL,	'BLOCK',	'2024-08-20 04:00:00',	'2024-08-20 05:00:00',	'2024-08-24 08:50:04',	'system',	NULL,	NULL),
('aab4c4ce-0993-46bd-ae9b-4282a8e44881',	'Daily Sale 04:00 11-08-2024',	'Chương trình giảm giá hằng ngày kích cầu mua sắm 04:00 11-08-2024',	'NORMAL',	NULL,	'BLOCK',	'2024-08-11 04:00:00',	'2024-08-11 05:00:00',	'2024-08-24 00:23:20',	'system',	NULL,	NULL),
('ab9d3b0d-615b-419c-b2cf-3566fd45d4c4',	'Daily Sale 14:00 11-08-2024',	'Chương trình giảm giá hằng ngày kích cầu mua sắm 14:00 11-08-2024',	'NORMAL',	NULL,	'BLOCK',	'2024-08-11 14:00:00',	'2024-08-11 15:00:00',	'2024-08-24 00:23:20',	'system',	NULL,	NULL),
('ac7b8e5e-dde9-46ca-b152-0d181151ce7f',	'Daily Sale 19:00 09-08-2024',	'Chương trình giảm giá hằng ngày kích cầu mua sắm 19:00 09-08-2024',	'NORMAL',	NULL,	'BLOCK',	'2024-08-09 19:00:00',	'2024-08-09 20:00:00',	'2024-08-23 23:23:12',	'system',	NULL,	NULL),
('ae48ab13-c429-4558-b252-b90ef879a673',	'Daily Sale 19:00 25-08-2024',	'Chương trình giảm giá hằng ngày kích cầu mua sắm 19:00 25-08-2024',	'NORMAL',	NULL,	'BLOCK',	'2024-08-25 19:00:00',	'2024-08-25 20:00:00',	'2024-08-24 08:50:24',	'system',	NULL,	NULL),
('aeb2b40f-e968-4c27-b57d-e3d22f76561e',	'Daily Sale 23:00 19-08-2024',	'Chương trình giảm giá hằng ngày kích cầu mua sắm 23:00 19-08-2024',	'NORMAL',	NULL,	'BLOCK',	'2024-08-19 23:00:00',	'2024-08-20 00:00:00',	'2024-08-24 08:50:00',	'system',	NULL,	NULL),
('aeb458f6-3f71-406b-862e-96bc5f2d41fa',	'Daily Sale 18:00 22-08-2024',	'Chương trình giảm giá hằng ngày kích cầu mua sắm 18:00 22-08-2024',	'NORMAL',	NULL,	'BLOCK',	'2024-08-22 18:00:00',	'2024-08-22 19:00:00',	'2024-08-24 08:50:12',	'system',	NULL,	NULL),
('b09fc753-f00a-4583-98e1-a1815d2da902',	'Daily Sale 13:00 19-08-2024',	'Chương trình giảm giá hằng ngày kích cầu mua sắm 13:00 19-08-2024',	'NORMAL',	NULL,	'BLOCK',	'2024-08-19 13:00:00',	'2024-08-19 14:00:00',	'2024-08-24 08:50:00',	'system',	NULL,	NULL),
('b0ad9562-f9c1-49c9-8f08-a2be1b95c51f',	'Daily Sale 20:00 06-08-2024',	'Chương trình giảm giá hằng ngày kích cầu mua sắm 20:00 06-08-2024',	'NORMAL',	NULL,	'BLOCK',	'2024-08-06 20:00:00',	'2024-08-06 21:00:00',	'2024-08-24 00:23:04',	'system',	NULL,	NULL),
('b0b73469-fa47-4940-8484-f5cf016b7643',	'Daily Sale 03:00 10-08-2024',	'Chương trình giảm giá hằng ngày kích cầu mua sắm 03:00 10-08-2024',	'NORMAL',	NULL,	'BLOCK',	'2024-08-10 03:00:00',	'2024-08-10 04:00:00',	'2024-08-24 00:23:16',	'system',	NULL,	NULL),
('b108d364-1343-4fdf-a4bd-702c4a9be04b',	'Daily Sale 07:00 20-08-2024',	'Chương trình giảm giá hằng ngày kích cầu mua sắm 07:00 20-08-2024',	'NORMAL',	NULL,	'BLOCK',	'2024-08-20 07:00:00',	'2024-08-20 08:00:00',	'2024-08-24 08:50:04',	'system',	NULL,	NULL),
('b10917e1-c36b-4eb5-9467-b68d690462c4',	'Daily Sale 04:00 11-08-2024',	'Chương trình giảm giá hằng ngày kích cầu mua sắm 04:00 11-08-2024',	'NORMAL',	NULL,	'BLOCK',	'2024-08-11 04:00:00',	'2024-08-11 05:00:00',	'2024-08-24 00:23:20',	'system',	NULL,	NULL),
('b10fd879-d3ed-4d2d-865f-30c5d4e1db34',	'Daily Sale 06:00 11-08-2024',	'Chương trình giảm giá hằng ngày kích cầu mua sắm 06:00 11-08-2024',	'NORMAL',	NULL,	'BLOCK',	'2024-08-11 06:00:00',	'2024-08-11 07:00:00',	'2024-08-23 23:23:20',	'system',	NULL,	NULL),
('b127f7d7-d099-4f4a-9b24-69991875ce6a',	'Daily Sale 08:00 10-08-2024',	'Chương trình giảm giá hằng ngày kích cầu mua sắm 08:00 10-08-2024',	'NORMAL',	NULL,	'BLOCK',	'2024-08-10 08:00:00',	'2024-08-10 09:00:00',	'2024-08-24 00:23:16',	'system',	NULL,	NULL),
('b16b6242-cd5e-4fea-ac23-e8cd31f4acf1',	'Daily Sale 08:00 09-08-2024',	'Chương trình giảm giá hằng ngày kích cầu mua sắm 08:00 09-08-2024',	'NORMAL',	NULL,	'BLOCK',	'2024-08-09 08:00:00',	'2024-08-09 09:00:00',	'2024-08-24 00:23:12',	'system',	NULL,	NULL),
('b23ce4e6-134b-40af-84b3-40573c310c8d',	'Daily Sale 15:00 22-08-2024',	'Chương trình giảm giá hằng ngày kích cầu mua sắm 15:00 22-08-2024',	'NORMAL',	NULL,	'BLOCK',	'2024-08-22 15:00:00',	'2024-08-22 16:00:00',	'2024-08-24 08:50:12',	'system',	NULL,	NULL),
('b3c0fb23-c05c-4b8d-a9c3-309206d9c9d5',	'Daily Sale 04:00 05-08-2024',	'Chương trình giảm giá hằng ngày kích cầu mua sắm 04:00 05-08-2024',	'NORMAL',	NULL,	'BLOCK',	'2024-08-05 04:00:00',	'2024-08-05 05:00:00',	'2024-08-24 00:23:00',	'system',	NULL,	NULL),
('b4464e3e-292f-48a9-8e20-534fa6cd8029',	'Daily Sale 23:00 24-08-2024',	'Chương trình giảm giá hằng ngày kích cầu mua sắm 23:00 24-08-2024',	'NORMAL',	NULL,	'BLOCK',	'2024-08-24 23:00:00',	'2024-08-25 00:00:00',	'2024-08-24 08:50:20',	'system',	NULL,	NULL),
('b4794146-9c22-4eab-b913-361e293e657d',	'Daily Sale 18:00 23-08-2024',	'Chương trình giảm giá hằng ngày kích cầu mua sắm 18:00 23-08-2024',	'NORMAL',	NULL,	'BLOCK',	'2024-08-23 18:00:00',	'2024-08-23 19:00:00',	'2024-08-24 08:50:16',	'system',	NULL,	NULL),
('b4b704fd-4191-4a85-92f6-0f872af5efb2',	'Daily Sale 16:00 09-08-2024',	'Chương trình giảm giá hằng ngày kích cầu mua sắm 16:00 09-08-2024',	'NORMAL',	NULL,	'BLOCK',	'2024-08-09 16:00:00',	'2024-08-09 17:00:00',	'2024-08-24 00:23:12',	'system',	NULL,	NULL),
('b4c20e01-7161-4e8c-9dbb-203903701a91',	'Daily Sale 03:00 20-08-2024',	'Chương trình giảm giá hằng ngày kích cầu mua sắm 03:00 20-08-2024',	'NORMAL',	NULL,	'BLOCK',	'2024-08-20 03:00:00',	'2024-08-20 04:00:00',	'2024-08-24 08:50:04',	'system',	NULL,	NULL),
('b4c61d3a-a7b0-4a5a-b2cf-b42bcd3dbd4c',	'Daily Sale 00:00 10-08-2024',	'Chương trình giảm giá hằng ngày kích cầu mua sắm 00:00 10-08-2024',	'NORMAL',	NULL,	'BLOCK',	'2024-08-10 00:00:00',	'2024-08-10 01:00:00',	'2024-08-24 00:23:16',	'system',	NULL,	NULL),
('b4d3751b-61e9-4e9b-bf19-bff961b1d940',	'Daily Sale 19:00 19-08-2024',	'Chương trình giảm giá hằng ngày kích cầu mua sắm 19:00 19-08-2024',	'NORMAL',	NULL,	'BLOCK',	'2024-08-19 19:00:00',	'2024-08-19 20:00:00',	'2024-08-24 08:50:00',	'system',	NULL,	NULL),
('b655c5f8-fd9b-424f-9f2b-d242725100af',	'Daily Sale 09:00 09-08-2024',	'Chương trình giảm giá hằng ngày kích cầu mua sắm 09:00 09-08-2024',	'NORMAL',	NULL,	'BLOCK',	'2024-08-09 09:00:00',	'2024-08-09 10:00:00',	'2024-08-23 23:23:12',	'system',	NULL,	NULL),
('b71946fc-87e7-4ef5-9b6e-cdf985b4947c',	'Daily Sale 10:00 05-08-2024',	'Chương trình giảm giá hằng ngày kích cầu mua sắm 10:00 05-08-2024',	'NORMAL',	NULL,	'BLOCK',	'2024-08-05 10:00:00',	'2024-08-05 11:00:00',	'2024-08-23 23:23:00',	'system',	NULL,	NULL),
('b755a68b-c989-4385-808d-d093d62f0483',	'Daily Sale 14:00 10-08-2024',	'Chương trình giảm giá hằng ngày kích cầu mua sắm 14:00 10-08-2024',	'NORMAL',	NULL,	'BLOCK',	'2024-08-10 14:00:00',	'2024-08-10 15:00:00',	'2024-08-24 00:23:16',	'system',	NULL,	NULL),
('b7cf5375-d33d-4485-8f93-3e10b0d14d7a',	'Daily Sale 21:00 09-08-2024',	'Chương trình giảm giá hằng ngày kích cầu mua sắm 21:00 09-08-2024',	'NORMAL',	NULL,	'BLOCK',	'2024-08-09 21:00:00',	'2024-08-09 22:00:00',	'2024-08-24 00:23:12',	'system',	NULL,	NULL),
('b7fb4d80-8fde-407c-8ef4-021584b03ed2',	'Daily Sale 10:00 06-08-2024',	'Chương trình giảm giá hằng ngày kích cầu mua sắm 10:00 06-08-2024',	'NORMAL',	NULL,	'BLOCK',	'2024-08-06 10:00:00',	'2024-08-06 11:00:00',	'2024-08-24 00:23:04',	'system',	NULL,	NULL),
('b902b532-0a70-4b24-bf1b-258b55fbd6fc',	'Daily Sale 04:00 07-08-2024',	'Chương trình giảm giá hằng ngày kích cầu mua sắm 04:00 07-08-2024',	'NORMAL',	NULL,	'BLOCK',	'2024-08-07 04:00:00',	'2024-08-07 05:00:00',	'2024-08-24 00:23:08',	'system',	NULL,	NULL),
('b9217cd7-ea74-4948-81ab-e1a1ec191d29',	'Daily Sale 00:00 07-08-2024',	'Chương trình giảm giá hằng ngày kích cầu mua sắm 00:00 07-08-2024',	'NORMAL',	NULL,	'BLOCK',	'2024-08-07 00:00:00',	'2024-08-07 01:00:00',	'2024-08-23 23:23:08',	'system',	NULL,	NULL),
('b9298449-68f5-4c1e-9599-f7c9d38f30d8',	'Daily Sale 21:00 23-08-2024',	'Chương trình giảm giá hằng ngày kích cầu mua sắm 21:00 23-08-2024',	'NORMAL',	NULL,	'BLOCK',	'2024-08-23 21:00:00',	'2024-08-23 22:00:00',	'2024-08-24 08:50:16',	'system',	NULL,	NULL),
('b9ef07c6-098c-48df-a519-8df98dbaeabd',	'Daily Sale 17:00 05-08-2024',	'Chương trình giảm giá hằng ngày kích cầu mua sắm 17:00 05-08-2024',	'NORMAL',	NULL,	'BLOCK',	'2024-08-05 17:00:00',	'2024-08-05 18:00:00',	'2024-08-23 23:23:00',	'system',	NULL,	NULL),
('ba1084e1-fd5d-49ae-b085-557974e313cf',	'Daily Sale 14:00 10-08-2024',	'Chương trình giảm giá hằng ngày kích cầu mua sắm 14:00 10-08-2024',	'NORMAL',	NULL,	'BLOCK',	'2024-08-10 14:00:00',	'2024-08-10 15:00:00',	'2024-08-23 23:23:16',	'system',	NULL,	NULL),
('ba28b47b-ebc8-4b18-a225-155a27a81485',	'Daily Sale 23:00 25-08-2024',	'Chương trình giảm giá hằng ngày kích cầu mua sắm 23:00 25-08-2024',	'NORMAL',	NULL,	'BLOCK',	'2024-08-25 23:00:00',	'2024-08-26 00:00:00',	'2024-08-24 08:50:24',	'system',	NULL,	NULL),
('ba83c267-5c35-4b28-9ab1-ab0836e8b5f8',	'Daily Sale 18:00 05-08-2024',	'Chương trình giảm giá hằng ngày kích cầu mua sắm 18:00 05-08-2024',	'NORMAL',	NULL,	'BLOCK',	'2024-08-05 18:00:00',	'2024-08-05 19:00:00',	'2024-08-24 00:23:00',	'system',	NULL,	NULL),
('ba865a55-6e70-483e-9b39-5ddcd5af0bab',	'Daily Sale 06:00 07-08-2024',	'Chương trình giảm giá hằng ngày kích cầu mua sắm 06:00 07-08-2024',	'NORMAL',	NULL,	'BLOCK',	'2024-08-07 06:00:00',	'2024-08-07 07:00:00',	'2024-08-23 23:23:08',	'system',	NULL,	NULL),
('bad2067a-3e23-4b76-9aba-aebcfdb0e234',	'Daily Sale 08:00 10-08-2024',	'Chương trình giảm giá hằng ngày kích cầu mua sắm 08:00 10-08-2024',	'NORMAL',	NULL,	'BLOCK',	'2024-08-10 08:00:00',	'2024-08-10 09:00:00',	'2024-08-24 00:23:16',	'system',	NULL,	NULL),
('bb310e8a-7ba0-432f-8fa3-7868ef1a169b',	'Daily Sale 09:00 07-08-2024',	'Chương trình giảm giá hằng ngày kích cầu mua sắm 09:00 07-08-2024',	'NORMAL',	NULL,	'BLOCK',	'2024-08-07 09:00:00',	'2024-08-07 10:00:00',	'2024-08-24 00:23:08',	'system',	NULL,	NULL),
('bb807579-ebc3-47da-830e-2ff111c91c0f',	'Daily Sale 04:00 07-08-2024',	'Chương trình giảm giá hằng ngày kích cầu mua sắm 04:00 07-08-2024',	'NORMAL',	NULL,	'BLOCK',	'2024-08-07 04:00:00',	'2024-08-07 05:00:00',	'2024-08-24 00:23:08',	'system',	NULL,	NULL),
('bbc118c1-6e23-4a01-b688-0072ed7cf652',	'Daily Sale 04:00 06-08-2024',	'Chương trình giảm giá hằng ngày kích cầu mua sắm 04:00 06-08-2024',	'NORMAL',	NULL,	'BLOCK',	'2024-08-06 04:00:00',	'2024-08-06 05:00:00',	'2024-08-24 00:23:04',	'system',	NULL,	NULL),
('bca29581-0c22-48f1-bbe4-2ce7ddebe50b',	'Daily Sale 07:00 10-08-2024',	'Chương trình giảm giá hằng ngày kích cầu mua sắm 07:00 10-08-2024',	'NORMAL',	NULL,	'BLOCK',	'2024-08-10 07:00:00',	'2024-08-10 08:00:00',	'2024-08-23 23:23:16',	'system',	NULL,	NULL),
('bcfc685d-059b-4597-85cf-100974742693',	'Daily Sale 21:00 25-08-2024',	'Chương trình giảm giá hằng ngày kích cầu mua sắm 21:00 25-08-2024',	'NORMAL',	NULL,	'BLOCK',	'2024-08-25 21:00:00',	'2024-08-25 22:00:00',	'2024-08-24 08:50:24',	'system',	NULL,	NULL),
('bea8199d-7631-42eb-a3ca-5d4e73edc60f',	'Daily Sale 18:00 25-08-2024',	'Chương trình giảm giá hằng ngày kích cầu mua sắm 18:00 25-08-2024',	'NORMAL',	NULL,	'BLOCK',	'2024-08-25 18:00:00',	'2024-08-25 19:00:00',	'2024-08-24 08:50:24',	'system',	NULL,	NULL),
('bed632b2-5df5-41e3-bb56-2533fca5790b',	'Daily Sale 17:00 06-08-2024',	'Chương trình giảm giá hằng ngày kích cầu mua sắm 17:00 06-08-2024',	'NORMAL',	NULL,	'BLOCK',	'2024-08-06 17:00:00',	'2024-08-06 18:00:00',	'2024-08-24 00:23:04',	'system',	NULL,	NULL),
('bf151283-5379-4860-a10c-6f4453873e48',	'Daily Sale 19:00 11-08-2024',	'Chương trình giảm giá hằng ngày kích cầu mua sắm 19:00 11-08-2024',	'NORMAL',	NULL,	'BLOCK',	'2024-08-11 19:00:00',	'2024-08-11 20:00:00',	'2024-08-23 23:23:20',	'system',	NULL,	NULL),
('bf573b10-9f6c-4564-8764-64d168f55745',	'Daily Sale 07:00 21-08-2024',	'Chương trình giảm giá hằng ngày kích cầu mua sắm 07:00 21-08-2024',	'NORMAL',	NULL,	'BLOCK',	'2024-08-21 07:00:00',	'2024-08-21 08:00:00',	'2024-08-24 08:50:08',	'system',	NULL,	NULL),
('bfaea7e4-2963-4b46-9d62-ef45405156ae',	'Daily Sale 13:00 05-08-2024',	'Chương trình giảm giá hằng ngày kích cầu mua sắm 13:00 05-08-2024',	'NORMAL',	NULL,	'BLOCK',	'2024-08-05 13:00:00',	'2024-08-05 14:00:00',	'2024-08-24 00:23:00',	'system',	NULL,	NULL),
('bfb8a18a-547f-40c7-82d4-fc0512344691',	'Daily Sale 09:00 09-08-2024',	'Chương trình giảm giá hằng ngày kích cầu mua sắm 09:00 09-08-2024',	'NORMAL',	NULL,	'BLOCK',	'2024-08-09 09:00:00',	'2024-08-09 10:00:00',	'2024-08-24 00:23:12',	'system',	NULL,	NULL),
('c01572c6-66ec-4cb3-b06f-12985e0a5164',	'Daily Sale 01:00 22-08-2024',	'Chương trình giảm giá hằng ngày kích cầu mua sắm 01:00 22-08-2024',	'NORMAL',	NULL,	'BLOCK',	'2024-08-22 01:00:00',	'2024-08-22 02:00:00',	'2024-08-24 08:50:12',	'system',	NULL,	NULL),
('c0287192-95c9-4f5f-b2d9-febc7ece1a0e',	'Daily Sale 21:00 22-08-2024',	'Chương trình giảm giá hằng ngày kích cầu mua sắm 21:00 22-08-2024',	'NORMAL',	NULL,	'BLOCK',	'2024-08-22 21:00:00',	'2024-08-22 22:00:00',	'2024-08-24 08:50:12',	'system',	NULL,	NULL),
('c02bcc8c-17f0-4875-9729-07ef20dd64bf',	'Daily Sale 08:00 21-08-2024',	'Chương trình giảm giá hằng ngày kích cầu mua sắm 08:00 21-08-2024',	'NORMAL',	NULL,	'BLOCK',	'2024-08-21 08:00:00',	'2024-08-21 09:00:00',	'2024-08-24 08:50:08',	'system',	NULL,	NULL),
('c0cf47fd-04bd-4d4e-94a5-48be70ea2a39',	'Daily Sale 01:00 25-08-2024',	'Chương trình giảm giá hằng ngày kích cầu mua sắm 01:00 25-08-2024',	'NORMAL',	NULL,	'BLOCK',	'2024-08-25 01:00:00',	'2024-08-25 02:00:00',	'2024-08-24 08:50:24',	'system',	NULL,	NULL),
('c15e5a73-3a37-4018-a081-bc0546019321',	'Daily Sale 11:00 09-08-2024',	'Chương trình giảm giá hằng ngày kích cầu mua sắm 11:00 09-08-2024',	'NORMAL',	NULL,	'BLOCK',	'2024-08-09 11:00:00',	'2024-08-09 12:00:00',	'2024-08-24 00:23:12',	'system',	NULL,	NULL),
('c1f64e9a-843a-4cbc-b699-7ab7a9f5417e',	'Daily Sale 05:00 21-08-2024',	'Chương trình giảm giá hằng ngày kích cầu mua sắm 05:00 21-08-2024',	'NORMAL',	NULL,	'BLOCK',	'2024-08-21 05:00:00',	'2024-08-21 06:00:00',	'2024-08-24 08:50:08',	'system',	NULL,	NULL),
('c25c5fa5-2b6f-4bbd-9396-0e0694db3191',	'Daily Sale 22:00 11-08-2024',	'Chương trình giảm giá hằng ngày kích cầu mua sắm 22:00 11-08-2024',	'NORMAL',	NULL,	'BLOCK',	'2024-08-11 22:00:00',	'2024-08-11 23:00:00',	'2024-08-24 00:23:20',	'system',	NULL,	NULL),
('c46c788d-6c78-4d7a-b4af-d8f89782a0dd',	'Daily Sale 13:00 05-08-2024',	'Chương trình giảm giá hằng ngày kích cầu mua sắm 13:00 05-08-2024',	'NORMAL',	NULL,	'BLOCK',	'2024-08-05 13:00:00',	'2024-08-05 14:00:00',	'2024-08-24 00:23:00',	'system',	NULL,	NULL),
('c481ffb7-46ec-4f7b-ad14-8799cdf0347a',	'Daily Sale 21:00 09-08-2024',	'Chương trình giảm giá hằng ngày kích cầu mua sắm 21:00 09-08-2024',	'NORMAL',	NULL,	'BLOCK',	'2024-08-09 21:00:00',	'2024-08-09 22:00:00',	'2024-08-23 23:23:12',	'system',	NULL,	NULL),
('c501ad8a-e9e4-4ead-8147-6f15c5ddc32a',	'Daily Sale 01:00 07-08-2024',	'Chương trình giảm giá hằng ngày kích cầu mua sắm 01:00 07-08-2024',	'NORMAL',	NULL,	'BLOCK',	'2024-08-07 01:00:00',	'2024-08-07 02:00:00',	'2024-08-23 23:23:08',	'system',	NULL,	NULL),
('c58afe06-f2a3-4adb-b8d1-92cde2d8967a',	'Daily Sale 06:00 06-08-2024',	'Chương trình giảm giá hằng ngày kích cầu mua sắm 06:00 06-08-2024',	'NORMAL',	NULL,	'BLOCK',	'2024-08-06 06:00:00',	'2024-08-06 07:00:00',	'2024-08-24 00:23:04',	'system',	NULL,	NULL),
('c60081e8-d9da-4276-8304-a2f604ea4a0b',	'Daily Sale 10:00 20-08-2024',	'Chương trình giảm giá hằng ngày kích cầu mua sắm 10:00 20-08-2024',	'NORMAL',	NULL,	'BLOCK',	'2024-08-20 10:00:00',	'2024-08-20 11:00:00',	'2024-08-24 08:50:04',	'system',	NULL,	NULL),
('c66affe5-8e7a-444d-a20c-4952fe83072c',	'Daily Sale 07:00 22-08-2024',	'Chương trình giảm giá hằng ngày kích cầu mua sắm 07:00 22-08-2024',	'NORMAL',	NULL,	'BLOCK',	'2024-08-22 07:00:00',	'2024-08-22 08:00:00',	'2024-08-24 08:50:12',	'system',	NULL,	NULL),
('c6ac8b82-9e79-4918-a47e-e3d977207734',	'Daily Sale 03:00 21-08-2024',	'Chương trình giảm giá hằng ngày kích cầu mua sắm 03:00 21-08-2024',	'NORMAL',	NULL,	'BLOCK',	'2024-08-21 03:00:00',	'2024-08-21 04:00:00',	'2024-08-24 08:50:08',	'system',	NULL,	NULL),
('c72d483c-736d-4380-9b19-7d4c455d3d34',	'Daily Sale 06:00 10-08-2024',	'Chương trình giảm giá hằng ngày kích cầu mua sắm 06:00 10-08-2024',	'NORMAL',	NULL,	'BLOCK',	'2024-08-10 06:00:00',	'2024-08-10 07:00:00',	'2024-08-23 23:23:16',	'system',	NULL,	NULL),
('c7540866-c840-4fbe-9630-ce818acb4cdd',	'Daily Sale 20:00 19-08-2024',	'Chương trình giảm giá hằng ngày kích cầu mua sắm 20:00 19-08-2024',	'NORMAL',	NULL,	'BLOCK',	'2024-08-19 20:00:00',	'2024-08-19 21:00:00',	'2024-08-24 08:50:00',	'system',	NULL,	NULL),
('c7824f2b-453e-4029-8424-7029084dc91d',	'Siêu sale hằng tháng 21:00 07-08-2024',	'Đại tiệc siêu sale hằng tháng 21:00 07-08-2024',	'SPEACIAL',	NULL,	'BLOCK',	'2024-08-07 21:00:00',	'2024-08-07 22:00:00',	'2024-08-24 00:23:08',	'system',	NULL,	NULL),
('c88898f5-664a-40f6-9249-7179c414bc2d',	'Daily Sale 21:00 05-08-2024',	'Chương trình giảm giá hằng ngày kích cầu mua sắm 21:00 05-08-2024',	'NORMAL',	NULL,	'BLOCK',	'2024-08-05 21:00:00',	'2024-08-05 22:00:00',	'2024-08-24 00:23:00',	'system',	NULL,	NULL),
('c93445e2-f29f-4cea-8122-2eb8baa7f87d',	'Daily Sale 03:00 05-08-2024',	'Chương trình giảm giá hằng ngày kích cầu mua sắm 03:00 05-08-2024',	'NORMAL',	NULL,	'BLOCK',	'2024-08-05 03:00:00',	'2024-08-05 04:00:00',	'2024-08-23 23:23:00',	'system',	NULL,	NULL),
('c9424a3e-ca6d-4779-85db-8d983911ec4d',	'Daily Sale 10:00 24-08-2024',	'Chương trình giảm giá hằng ngày kích cầu mua sắm 10:00 24-08-2024',	'NORMAL',	NULL,	'BLOCK',	'2024-08-24 10:00:00',	'2024-08-24 11:00:00',	'2024-08-24 08:50:20',	'system',	NULL,	NULL),
('c99900b6-32b3-4d1d-b383-5648d9ee007a',	'Daily Sale 00:00 07-08-2024',	'Chương trình giảm giá hằng ngày kích cầu mua sắm 00:00 07-08-2024',	'NORMAL',	NULL,	'BLOCK',	'2024-08-07 00:00:00',	'2024-08-07 01:00:00',	'2024-08-24 00:23:08',	'system',	NULL,	NULL),
('c9c316de-42e5-4dfb-80f5-ef3ea71d9693',	'Daily Sale 18:00 10-08-2024',	'Chương trình giảm giá hằng ngày kích cầu mua sắm 18:00 10-08-2024',	'NORMAL',	NULL,	'BLOCK',	'2024-08-10 18:00:00',	'2024-08-10 19:00:00',	'2024-08-23 23:23:16',	'system',	NULL,	NULL),
('ca19067e-3951-4514-981d-d60b72e8682a',	'Daily Sale 14:00 09-08-2024',	'Chương trình giảm giá hằng ngày kích cầu mua sắm 14:00 09-08-2024',	'NORMAL',	NULL,	'BLOCK',	'2024-08-09 14:00:00',	'2024-08-09 15:00:00',	'2024-08-24 00:23:12',	'system',	NULL,	NULL),
('ca4d36f2-fa87-4b1f-a7c4-9f2c2b45c80e',	'Daily Sale 18:00 21-08-2024',	'Chương trình giảm giá hằng ngày kích cầu mua sắm 18:00 21-08-2024',	'NORMAL',	NULL,	'BLOCK',	'2024-08-21 18:00:00',	'2024-08-21 19:00:00',	'2024-08-24 08:50:08',	'system',	NULL,	NULL),
('cb1faa07-eae3-4fb6-85e5-3025e8c875a4',	'Daily Sale 03:00 24-08-2024',	'Chương trình giảm giá hằng ngày kích cầu mua sắm 03:00 24-08-2024',	'NORMAL',	NULL,	'BLOCK',	'2024-08-24 03:00:00',	'2024-08-24 04:00:00',	'2024-08-24 08:50:20',	'system',	NULL,	NULL),
('cbf69317-4eec-4b4e-ae04-ae88da32b53f',	'Daily Sale 18:00 10-08-2024',	'Chương trình giảm giá hằng ngày kích cầu mua sắm 18:00 10-08-2024',	'NORMAL',	NULL,	'BLOCK',	'2024-08-10 18:00:00',	'2024-08-10 19:00:00',	'2024-08-24 00:23:16',	'system',	NULL,	NULL),
('cc132798-43e7-4602-bea1-d7030252881c',	'Daily Sale 04:00 10-08-2024',	'Chương trình giảm giá hằng ngày kích cầu mua sắm 04:00 10-08-2024',	'NORMAL',	NULL,	'BLOCK',	'2024-08-10 04:00:00',	'2024-08-10 05:00:00',	'2024-08-24 00:23:16',	'system',	NULL,	NULL),
('ccf9e0b9-9127-4727-b7cb-6d6e5b019d11',	'Daily Sale 12:00 07-08-2024',	'Chương trình giảm giá hằng ngày kích cầu mua sắm 12:00 07-08-2024',	'NORMAL',	NULL,	'BLOCK',	'2024-08-07 12:00:00',	'2024-08-07 13:00:00',	'2024-08-23 23:23:08',	'system',	NULL,	NULL),
('cd02aa6d-9695-4054-aacf-fe58587bebb7',	'Daily Sale 02:00 05-08-2024',	'Chương trình giảm giá hằng ngày kích cầu mua sắm 02:00 05-08-2024',	'NORMAL',	NULL,	'BLOCK',	'2024-08-05 02:00:00',	'2024-08-05 03:00:00',	'2024-08-24 00:23:00',	'system',	NULL,	NULL),
('cd14bd72-5269-402e-8643-2c4665350331',	'Daily Sale 15:00 10-08-2024',	'Chương trình giảm giá hằng ngày kích cầu mua sắm 15:00 10-08-2024',	'NORMAL',	NULL,	'BLOCK',	'2024-08-10 15:00:00',	'2024-08-10 16:00:00',	'2024-08-24 00:23:16',	'system',	NULL,	NULL),
('ce0177e8-1816-41ba-9826-f259d8b9f5fd',	'Daily Sale 10:00 07-08-2024',	'Chương trình giảm giá hằng ngày kích cầu mua sắm 10:00 07-08-2024',	'NORMAL',	NULL,	'BLOCK',	'2024-08-07 10:00:00',	'2024-08-07 11:00:00',	'2024-08-24 00:23:08',	'system',	NULL,	NULL),
('ce566868-b6b1-4d0a-ae70-30f7b62ae61d',	'Daily Sale 16:00 25-08-2024',	'Chương trình giảm giá hằng ngày kích cầu mua sắm 16:00 25-08-2024',	'NORMAL',	NULL,	'BLOCK',	'2024-08-25 16:00:00',	'2024-08-25 17:00:00',	'2024-08-24 08:50:24',	'system',	NULL,	NULL),
('ce58ccea-6877-4f61-8208-9ac3b036a70d',	'Daily Sale 16:00 05-08-2024',	'Chương trình giảm giá hằng ngày kích cầu mua sắm 16:00 05-08-2024',	'NORMAL',	NULL,	'BLOCK',	'2024-08-05 16:00:00',	'2024-08-05 17:00:00',	'2024-08-24 00:23:00',	'system',	NULL,	NULL),
('ce854f6d-8e7d-4255-95c7-08bac9eef08b',	'Daily Sale 22:00 11-08-2024',	'Chương trình giảm giá hằng ngày kích cầu mua sắm 22:00 11-08-2024',	'NORMAL',	NULL,	'BLOCK',	'2024-08-11 22:00:00',	'2024-08-11 23:00:00',	'2024-08-23 23:23:20',	'system',	NULL,	NULL),
('ce8bfe23-bc3b-42cb-9d63-172b3a7499b6',	'Daily Sale 21:00 20-08-2024',	'Chương trình giảm giá hằng ngày kích cầu mua sắm 21:00 20-08-2024',	'NORMAL',	NULL,	'BLOCK',	'2024-08-20 21:00:00',	'2024-08-20 22:00:00',	'2024-08-24 08:50:04',	'system',	NULL,	NULL),
('cea540b4-b717-4764-ba8c-2afe539a5ed2',	'Daily Sale 05:00 23-08-2024',	'Chương trình giảm giá hằng ngày kích cầu mua sắm 05:00 23-08-2024',	'NORMAL',	NULL,	'BLOCK',	'2024-08-23 05:00:00',	'2024-08-23 06:00:00',	'2024-08-24 08:50:16',	'system',	NULL,	NULL),
('cecc8e43-41cc-48f3-b2d9-90d0043d4944',	'Daily Sale 05:00 10-08-2024',	'Chương trình giảm giá hằng ngày kích cầu mua sắm 05:00 10-08-2024',	'NORMAL',	NULL,	'BLOCK',	'2024-08-10 05:00:00',	'2024-08-10 06:00:00',	'2024-08-23 23:23:16',	'system',	NULL,	NULL),
('d0109d23-c985-45b8-afcd-60e465f977ed',	'Daily Sale 08:00 11-08-2024',	'Chương trình giảm giá hằng ngày kích cầu mua sắm 08:00 11-08-2024',	'NORMAL',	NULL,	'BLOCK',	'2024-08-11 08:00:00',	'2024-08-11 09:00:00',	'2024-08-24 00:23:20',	'system',	NULL,	NULL),
('d021e213-7fc5-48bc-aa79-942922681147',	'Daily Sale 12:00 07-08-2024',	'Chương trình giảm giá hằng ngày kích cầu mua sắm 12:00 07-08-2024',	'NORMAL',	NULL,	'BLOCK',	'2024-08-07 12:00:00',	'2024-08-07 13:00:00',	'2024-08-24 00:23:08',	'system',	NULL,	NULL),
('d08fd190-abae-4b8a-96ec-b1a4da2ef20f',	'Daily Sale 12:00 20-08-2024',	'Chương trình giảm giá hằng ngày kích cầu mua sắm 12:00 20-08-2024',	'NORMAL',	NULL,	'BLOCK',	'2024-08-20 12:00:00',	'2024-08-20 13:00:00',	'2024-08-24 08:50:04',	'system',	NULL,	NULL),
('d0b0380e-c633-4530-b33a-015c69e1250a',	'Daily Sale 00:00 06-08-2024',	'Chương trình giảm giá hằng ngày kích cầu mua sắm 00:00 06-08-2024',	'NORMAL',	NULL,	'BLOCK',	'2024-08-06 00:00:00',	'2024-08-06 01:00:00',	'2024-08-24 00:23:04',	'system',	NULL,	NULL),
('d129d1fb-7903-406c-9213-e5d46de8a5d6',	'Daily Sale 04:00 22-08-2024',	'Chương trình giảm giá hằng ngày kích cầu mua sắm 04:00 22-08-2024',	'NORMAL',	NULL,	'BLOCK',	'2024-08-22 04:00:00',	'2024-08-22 05:00:00',	'2024-08-24 08:50:12',	'system',	NULL,	NULL),
('d17fe507-d5ff-483d-831b-0e79fc9f9ccb',	'Daily Sale 19:00 21-08-2024',	'Chương trình giảm giá hằng ngày kích cầu mua sắm 19:00 21-08-2024',	'NORMAL',	NULL,	'BLOCK',	'2024-08-21 19:00:00',	'2024-08-21 20:00:00',	'2024-08-24 08:50:08',	'system',	NULL,	NULL),
('d1be6feb-cc77-4e09-be75-c2d2acc7e40b',	'Daily Sale 01:00 06-08-2024',	'Chương trình giảm giá hằng ngày kích cầu mua sắm 01:00 06-08-2024',	'NORMAL',	NULL,	'BLOCK',	'2024-08-06 01:00:00',	'2024-08-06 02:00:00',	'2024-08-24 00:23:04',	'system',	NULL,	NULL),
('d213f0aa-060f-4e68-9a11-ce941e52b150',	'Daily Sale 03:00 07-08-2024',	'Chương trình giảm giá hằng ngày kích cầu mua sắm 03:00 07-08-2024',	'NORMAL',	NULL,	'BLOCK',	'2024-08-07 03:00:00',	'2024-08-07 04:00:00',	'2024-08-23 23:23:08',	'system',	NULL,	NULL),
('d31a2cfb-96c6-43d5-b1aa-0a4c4340af56',	'Daily Sale 17:00 09-08-2024',	'Chương trình giảm giá hằng ngày kích cầu mua sắm 17:00 09-08-2024',	'NORMAL',	NULL,	'BLOCK',	'2024-08-09 17:00:00',	'2024-08-09 18:00:00',	'2024-08-24 00:23:12',	'system',	NULL,	NULL),
('d34d1f6e-7a55-4883-958f-9bcf0fead062',	'Daily Sale 19:00 05-08-2024',	'Chương trình giảm giá hằng ngày kích cầu mua sắm 19:00 05-08-2024',	'NORMAL',	NULL,	'BLOCK',	'2024-08-05 19:00:00',	'2024-08-05 20:00:00',	'2024-08-24 00:23:00',	'system',	NULL,	NULL),
('d379e2f4-3de0-4fb2-825a-00f702fd338d',	'Daily Sale 13:00 07-08-2024',	'Chương trình giảm giá hằng ngày kích cầu mua sắm 13:00 07-08-2024',	'NORMAL',	NULL,	'BLOCK',	'2024-08-07 13:00:00',	'2024-08-07 14:00:00',	'2024-08-24 00:23:08',	'system',	NULL,	NULL),
('d3b11db0-f615-466a-bebc-944e010b45cd',	'Daily Sale 20:00 09-08-2024',	'Chương trình giảm giá hằng ngày kích cầu mua sắm 20:00 09-08-2024',	'NORMAL',	NULL,	'BLOCK',	'2024-08-09 20:00:00',	'2024-08-09 21:00:00',	'2024-08-24 00:23:12',	'system',	NULL,	NULL),
('d3eb4b1a-9238-452b-ae45-1ffff7f698bc',	'Daily Sale 01:00 07-08-2024',	'Chương trình giảm giá hằng ngày kích cầu mua sắm 01:00 07-08-2024',	'NORMAL',	NULL,	'BLOCK',	'2024-08-07 01:00:00',	'2024-08-07 02:00:00',	'2024-08-24 00:23:08',	'system',	NULL,	NULL),
('d405341b-bdf4-44ef-9455-6e5fce8f28b9',	'Daily Sale 23:00 11-08-2024',	'Chương trình giảm giá hằng ngày kích cầu mua sắm 23:00 11-08-2024',	'NORMAL',	NULL,	'BLOCK',	'2024-08-11 23:00:00',	'2024-08-12 00:00:00',	'2024-08-24 00:23:24',	'system',	NULL,	NULL),
('d4b02155-9c96-4445-b8fa-dc675772db84',	'Daily Sale 23:00 09-08-2024',	'Chương trình giảm giá hằng ngày kích cầu mua sắm 23:00 09-08-2024',	'NORMAL',	NULL,	'BLOCK',	'2024-08-09 23:00:00',	'2024-08-10 00:00:00',	'2024-08-24 00:23:16',	'system',	NULL,	NULL),
('d4c52434-c1c4-46b5-aa8a-35fd50afbd37',	'Daily Sale 02:00 21-08-2024',	'Chương trình giảm giá hằng ngày kích cầu mua sắm 02:00 21-08-2024',	'NORMAL',	NULL,	'BLOCK',	'2024-08-21 02:00:00',	'2024-08-21 03:00:00',	'2024-08-24 08:50:08',	'system',	NULL,	NULL),
('d52a6e23-4d23-48b0-a987-8c054956eebb',	'Daily Sale 11:00 09-08-2024',	'Chương trình giảm giá hằng ngày kích cầu mua sắm 11:00 09-08-2024',	'NORMAL',	NULL,	'BLOCK',	'2024-08-09 11:00:00',	'2024-08-09 12:00:00',	'2024-08-23 23:23:12',	'system',	NULL,	NULL),
('d5697a63-7dfe-4f26-811c-7a9168e131de',	'Daily Sale 10:00 06-08-2024',	'Chương trình giảm giá hằng ngày kích cầu mua sắm 10:00 06-08-2024',	'NORMAL',	NULL,	'BLOCK',	'2024-08-06 10:00:00',	'2024-08-06 11:00:00',	'2024-08-24 00:23:04',	'system',	NULL,	NULL),
('d5afd8f7-9f72-4669-b519-fd6c06c9a987',	'Daily Sale 01:00 10-08-2024',	'Chương trình giảm giá hằng ngày kích cầu mua sắm 01:00 10-08-2024',	'NORMAL',	NULL,	'BLOCK',	'2024-08-10 01:00:00',	'2024-08-10 02:00:00',	'2024-08-24 00:23:16',	'system',	NULL,	NULL),
('d5c24daa-a82f-4ede-810a-d6bca4bdb9c7',	'Daily Sale 00:00 23-08-2024',	'Chương trình giảm giá hằng ngày kích cầu mua sắm 00:00 23-08-2024',	'NORMAL',	NULL,	'BLOCK',	'2024-08-23 00:00:00',	'2024-08-23 01:00:00',	'2024-08-24 08:50:16',	'system',	NULL,	NULL),
('d5f6c0e7-4925-421d-8bdc-3c5790a9f358',	'Daily Sale 04:00 23-08-2024',	'Chương trình giảm giá hằng ngày kích cầu mua sắm 04:00 23-08-2024',	'NORMAL',	NULL,	'BLOCK',	'2024-08-23 04:00:00',	'2024-08-23 05:00:00',	'2024-08-24 08:50:16',	'system',	NULL,	NULL),
('d6451f11-8c05-4bf7-8d77-bbaf0f945a78',	'Daily Sale 00:00 21-08-2024',	'Chương trình giảm giá hằng ngày kích cầu mua sắm 00:00 21-08-2024',	'NORMAL',	NULL,	'BLOCK',	'2024-08-21 00:00:00',	'2024-08-21 01:00:00',	'2024-08-24 08:50:08',	'system',	NULL,	NULL),
('d6470e55-88dd-4118-a5f3-dfa654e6a4e7',	'Daily Sale 15:00 11-08-2024',	'Chương trình giảm giá hằng ngày kích cầu mua sắm 15:00 11-08-2024',	'NORMAL',	NULL,	'BLOCK',	'2024-08-11 15:00:00',	'2024-08-11 16:00:00',	'2024-08-24 00:23:20',	'system',	NULL,	NULL),
('d649b892-70d5-40a1-b937-270f9c06de65',	'Daily Sale 17:00 05-08-2024',	'Chương trình giảm giá hằng ngày kích cầu mua sắm 17:00 05-08-2024',	'NORMAL',	NULL,	'BLOCK',	'2024-08-05 17:00:00',	'2024-08-05 18:00:00',	'2024-08-24 00:23:00',	'system',	NULL,	NULL),
('d6647a48-f5a1-4143-ab12-51dc8c43b038',	'Daily Sale 13:00 10-08-2024',	'Chương trình giảm giá hằng ngày kích cầu mua sắm 13:00 10-08-2024',	'NORMAL',	NULL,	'BLOCK',	'2024-08-10 13:00:00',	'2024-08-10 14:00:00',	'2024-08-23 23:23:16',	'system',	NULL,	NULL),
('d6a0ebaa-71d0-4ccc-a9b9-21a2ff998cd7',	'Daily Sale 20:00 09-08-2024',	'Chương trình giảm giá hằng ngày kích cầu mua sắm 20:00 09-08-2024',	'NORMAL',	NULL,	'BLOCK',	'2024-08-09 20:00:00',	'2024-08-09 21:00:00',	'2024-08-23 23:23:12',	'system',	NULL,	NULL),
('d7148918-36a7-4d8d-9b9e-a2c8f4f16b40',	'Daily Sale 23:00 10-08-2024',	'Chương trình giảm giá hằng ngày kích cầu mua sắm 23:00 10-08-2024',	'NORMAL',	NULL,	'BLOCK',	'2024-08-10 23:00:00',	'2024-08-11 00:00:00',	'2024-08-24 00:23:20',	'system',	NULL,	NULL),
('d73d8ccb-dbde-41d2-8d79-09711ffbc67b',	'Daily Sale 12:00 10-08-2024',	'Chương trình giảm giá hằng ngày kích cầu mua sắm 12:00 10-08-2024',	'NORMAL',	NULL,	'BLOCK',	'2024-08-10 12:00:00',	'2024-08-10 13:00:00',	'2024-08-24 00:23:16',	'system',	NULL,	NULL),
('d7aa752f-9b16-465f-9661-3212b55c78bc',	'Daily Sale 12:00 23-08-2024',	'Chương trình giảm giá hằng ngày kích cầu mua sắm 12:00 23-08-2024',	'NORMAL',	NULL,	'BLOCK',	'2024-08-23 12:00:00',	'2024-08-23 13:00:00',	'2024-08-24 08:50:16',	'system',	NULL,	NULL),
('d7b4a904-32ff-484f-8b6f-8658a3876584',	'Daily Sale 15:00 24-08-2024',	'Chương trình giảm giá hằng ngày kích cầu mua sắm 15:00 24-08-2024',	'NORMAL',	NULL,	'BLOCK',	'2024-08-24 15:00:00',	'2024-08-24 16:00:00',	'2024-08-24 08:50:20',	'system',	NULL,	NULL),
('d7d30411-7a98-4d81-819d-ee101014bca1',	'Daily Sale 14:00 07-08-2024',	'Chương trình giảm giá hằng ngày kích cầu mua sắm 14:00 07-08-2024',	'NORMAL',	NULL,	'BLOCK',	'2024-08-07 14:00:00',	'2024-08-07 15:00:00',	'2024-08-23 23:23:08',	'system',	NULL,	NULL),
('d83752b5-32fc-4f71-b0a9-c5080a0b9dcf',	'Daily Sale 13:00 09-08-2024',	'Chương trình giảm giá hằng ngày kích cầu mua sắm 13:00 09-08-2024',	'NORMAL',	NULL,	'BLOCK',	'2024-08-09 13:00:00',	'2024-08-09 14:00:00',	'2024-08-23 23:23:12',	'system',	NULL,	NULL),
('d978ce50-39ee-45a3-8dcf-561a07a4a067',	'Daily Sale 20:00 23-08-2024',	'Chương trình giảm giá hằng ngày kích cầu mua sắm 20:00 23-08-2024',	'NORMAL',	NULL,	'BLOCK',	'2024-08-23 20:00:00',	'2024-08-23 21:00:00',	'2024-08-24 08:50:16',	'system',	NULL,	NULL),
('d9d093bb-3c76-4920-85f9-1f3e6303e07e',	'Daily Sale 07:00 23-08-2024',	'Chương trình giảm giá hằng ngày kích cầu mua sắm 07:00 23-08-2024',	'NORMAL',	NULL,	'BLOCK',	'2024-08-23 07:00:00',	'2024-08-23 08:00:00',	'2024-08-24 08:50:16',	'system',	NULL,	NULL),
('da84b703-da58-44f6-98a2-0c12689165c8',	'Daily Sale 01:00 05-08-2024',	'Chương trình giảm giá hằng ngày kích cầu mua sắm 01:00 05-08-2024',	'NORMAL',	NULL,	'BLOCK',	'2024-08-05 01:00:00',	'2024-08-05 02:00:00',	'2024-08-24 00:23:00',	'system',	NULL,	NULL),
('dac838f7-f300-4f83-a953-77eb761ef66e',	'Daily Sale 04:00 05-08-2024',	'Chương trình giảm giá hằng ngày kích cầu mua sắm 04:00 05-08-2024',	'NORMAL',	NULL,	'BLOCK',	'2024-08-05 04:00:00',	'2024-08-05 05:00:00',	'2024-08-24 00:23:00',	'system',	NULL,	NULL),
('db08e1dc-a737-4e3f-a6d9-f4eb8a733c9d',	'Daily Sale 22:00 24-08-2024',	'Chương trình giảm giá hằng ngày kích cầu mua sắm 22:00 24-08-2024',	'NORMAL',	NULL,	'BLOCK',	'2024-08-24 22:00:00',	'2024-08-24 23:00:00',	'2024-08-24 08:50:20',	'system',	NULL,	NULL),
('db6a896e-f64d-4fd2-b2e2-f798d728b346',	'Daily Sale 23:00 05-08-2024',	'Chương trình giảm giá hằng ngày kích cầu mua sắm 23:00 05-08-2024',	'NORMAL',	NULL,	'BLOCK',	'2024-08-05 23:00:00',	'2024-08-06 00:00:00',	'2024-08-24 00:23:00',	'system',	NULL,	NULL),
('db7102d0-1e0a-4399-8abb-2f7633190966',	'Daily Sale 10:00 22-08-2024',	'Chương trình giảm giá hằng ngày kích cầu mua sắm 10:00 22-08-2024',	'NORMAL',	NULL,	'BLOCK',	'2024-08-22 10:00:00',	'2024-08-22 11:00:00',	'2024-08-24 08:50:12',	'system',	NULL,	NULL),
('db8e377c-c36d-4ccb-a27e-4128ac8137c5',	'Daily Sale 06:00 21-08-2024',	'Chương trình giảm giá hằng ngày kích cầu mua sắm 06:00 21-08-2024',	'NORMAL',	NULL,	'BLOCK',	'2024-08-21 06:00:00',	'2024-08-21 07:00:00',	'2024-08-24 08:50:08',	'system',	NULL,	NULL),
('dbfec796-2196-45cf-9a17-14732812fea4',	'Daily Sale 09:00 05-08-2024',	'Chương trình giảm giá hằng ngày kích cầu mua sắm 09:00 05-08-2024',	'NORMAL',	NULL,	'BLOCK',	'2024-08-05 09:00:00',	'2024-08-05 10:00:00',	'2024-08-24 00:23:00',	'system',	NULL,	NULL),
('dc0e38c5-85df-4e6c-9db0-07c493fb88e5',	'Daily Sale 19:00 24-08-2024',	'Chương trình giảm giá hằng ngày kích cầu mua sắm 19:00 24-08-2024',	'NORMAL',	NULL,	'BLOCK',	'2024-08-24 19:00:00',	'2024-08-24 20:00:00',	'2024-08-24 08:50:20',	'system',	'2024-08-24 13:00:00',	'system'),
('de345b97-fa55-4e40-bdd8-b71dc471afdd',	'Daily Sale 02:00 20-08-2024',	'Chương trình giảm giá hằng ngày kích cầu mua sắm 02:00 20-08-2024',	'NORMAL',	NULL,	'BLOCK',	'2024-08-20 02:00:00',	'2024-08-20 03:00:00',	'2024-08-24 08:50:04',	'system',	NULL,	NULL),
('dfae0dce-0943-4bef-8c72-87c3593cee34',	'Daily Sale 00:00 11-08-2024',	'Chương trình giảm giá hằng ngày kích cầu mua sắm 00:00 11-08-2024',	'NORMAL',	NULL,	'BLOCK',	'2024-08-11 00:00:00',	'2024-08-11 01:00:00',	'2024-08-23 23:23:20',	'system',	NULL,	NULL),
('dfcf6d83-98eb-4f51-be8c-4121448acd7a',	'Daily Sale 09:00 11-08-2024',	'Chương trình giảm giá hằng ngày kích cầu mua sắm 09:00 11-08-2024',	'NORMAL',	NULL,	'BLOCK',	'2024-08-11 09:00:00',	'2024-08-11 10:00:00',	'2024-08-23 23:23:20',	'system',	NULL,	NULL),
('e098d8ef-47ad-4566-8428-683bcca10794',	'Daily Sale 02:00 11-08-2024',	'Chương trình giảm giá hằng ngày kích cầu mua sắm 02:00 11-08-2024',	'NORMAL',	NULL,	'BLOCK',	'2024-08-11 02:00:00',	'2024-08-11 03:00:00',	'2024-08-23 23:23:20',	'system',	NULL,	NULL),
('e11571bc-fcbb-43df-82d8-3a2b7460d4e0',	'Daily Sale 10:00 11-08-2024',	'Chương trình giảm giá hằng ngày kích cầu mua sắm 10:00 11-08-2024',	'NORMAL',	NULL,	'BLOCK',	'2024-08-11 10:00:00',	'2024-08-11 11:00:00',	'2024-08-24 00:23:20',	'system',	NULL,	NULL),
('e1488ae9-67ff-426b-aa5c-6373277cda43',	'Daily Sale 12:00 24-08-2024',	'Chương trình giảm giá hằng ngày kích cầu mua sắm 12:00 24-08-2024',	'NORMAL',	NULL,	'BLOCK',	'2024-08-24 12:00:00',	'2024-08-24 13:00:00',	'2024-08-24 08:50:20',	'system',	NULL,	NULL),
('e152dbb3-14dd-450b-b119-610c7c3dc75c',	'Daily Sale 05:00 09-08-2024',	'Chương trình giảm giá hằng ngày kích cầu mua sắm 05:00 09-08-2024',	'NORMAL',	NULL,	'BLOCK',	'2024-08-09 05:00:00',	'2024-08-09 06:00:00',	'2024-08-24 00:23:12',	'system',	NULL,	NULL),
('e29dbaf4-1952-42e6-ba13-0e6c443c41cc',	'Daily Sale 22:00 06-08-2024',	'Chương trình giảm giá hằng ngày kích cầu mua sắm 22:00 06-08-2024',	'NORMAL',	NULL,	'BLOCK',	'2024-08-06 22:00:00',	'2024-08-06 23:00:00',	'2024-08-23 23:23:04',	'system',	NULL,	NULL),
('e30ab413-317b-4a75-b629-e600f77cb7cf',	'Daily Sale 03:00 06-08-2024',	'Chương trình giảm giá hằng ngày kích cầu mua sắm 03:00 06-08-2024',	'NORMAL',	NULL,	'BLOCK',	'2024-08-06 03:00:00',	'2024-08-06 04:00:00',	'2024-08-24 00:23:04',	'system',	NULL,	NULL),
('e386fec1-2a22-4411-abc3-e3a31aac53e8',	'Siêu sale hằng tháng 23:00 07-08-2024',	'Đại tiệc siêu sale hằng tháng 23:00 07-08-2024',	'SPEACIAL',	NULL,	'BLOCK',	'2024-08-07 23:00:00',	'2024-08-08 00:00:00',	'2024-08-24 00:23:08',	'system',	NULL,	NULL),
('e3c2d4cb-552a-4b15-a7b1-ce241b7b77da',	'Daily Sale 03:00 05-08-2024',	'Chương trình giảm giá hằng ngày kích cầu mua sắm 03:00 05-08-2024',	'NORMAL',	NULL,	'BLOCK',	'2024-08-05 03:00:00',	'2024-08-05 04:00:00',	'2024-08-24 00:23:00',	'system',	NULL,	NULL),
('e40e5b38-e0a8-4d7c-a55c-98cccfe384b1',	'Daily Sale 17:00 06-08-2024',	'Chương trình giảm giá hằng ngày kích cầu mua sắm 17:00 06-08-2024',	'NORMAL',	NULL,	'BLOCK',	'2024-08-06 17:00:00',	'2024-08-06 18:00:00',	'2024-08-24 00:23:04',	'system',	NULL,	NULL),
('e44747bf-8927-4cec-9273-06eb24c5f866',	'Daily Sale 16:00 11-08-2024',	'Chương trình giảm giá hằng ngày kích cầu mua sắm 16:00 11-08-2024',	'NORMAL',	NULL,	'BLOCK',	'2024-08-11 16:00:00',	'2024-08-11 17:00:00',	'2024-08-24 00:23:20',	'system',	NULL,	NULL),
('e51efc5a-05f2-4b9b-b3ea-ab2461541f80',	'Daily Sale 17:00 10-08-2024',	'Chương trình giảm giá hằng ngày kích cầu mua sắm 17:00 10-08-2024',	'NORMAL',	NULL,	'BLOCK',	'2024-08-10 17:00:00',	'2024-08-10 18:00:00',	'2024-08-24 00:23:16',	'system',	NULL,	NULL),
('e5785d4e-142c-461b-919c-ceb1317768e8',	'Daily Sale 23:00 09-08-2024',	'Chương trình giảm giá hằng ngày kích cầu mua sắm 23:00 09-08-2024',	'NORMAL',	NULL,	'BLOCK',	'2024-08-09 23:00:00',	'2024-08-10 00:00:00',	'2024-08-23 23:23:16',	'system',	NULL,	NULL),
('e6352208-ca33-49cd-acdf-888203260f2d',	'Daily Sale 22:00 06-08-2024',	'Chương trình giảm giá hằng ngày kích cầu mua sắm 22:00 06-08-2024',	'NORMAL',	NULL,	'BLOCK',	'2024-08-06 22:00:00',	'2024-08-06 23:00:00',	'2024-08-24 00:23:04',	'system',	NULL,	NULL),
('e63d22d1-be60-4a61-943e-56f369e04b78',	'Daily Sale 07:00 11-08-2024',	'Chương trình giảm giá hằng ngày kích cầu mua sắm 07:00 11-08-2024',	'NORMAL',	NULL,	'BLOCK',	'2024-08-11 07:00:00',	'2024-08-11 08:00:00',	'2024-08-23 23:23:20',	'system',	NULL,	NULL),
('e806a01b-7f30-4abc-8b59-cedab19fb3ae',	'Daily Sale 12:00 05-08-2024',	'Chương trình giảm giá hằng ngày kích cầu mua sắm 12:00 05-08-2024',	'NORMAL',	NULL,	'BLOCK',	'2024-08-05 12:00:00',	'2024-08-05 13:00:00',	'2024-08-23 23:23:00',	'system',	NULL,	NULL),
('e80ce505-1c54-4b1d-9b87-ba6d711a1eac',	'Daily Sale 19:00 09-08-2024',	'Chương trình giảm giá hằng ngày kích cầu mua sắm 19:00 09-08-2024',	'NORMAL',	NULL,	'BLOCK',	'2024-08-09 19:00:00',	'2024-08-09 20:00:00',	'2024-08-24 00:23:12',	'system',	NULL,	NULL),
('e99f3554-2e96-4545-8d94-5e038bebaa7c',	'Daily Sale 15:00 06-08-2024',	'Chương trình giảm giá hằng ngày kích cầu mua sắm 15:00 06-08-2024',	'NORMAL',	NULL,	'BLOCK',	'2024-08-06 15:00:00',	'2024-08-06 16:00:00',	'2024-08-24 00:23:04',	'system',	NULL,	NULL),
('e9f2a2ed-d99b-435b-8bc8-2e6600eb5a7b',	'Daily Sale 17:00 10-08-2024',	'Chương trình giảm giá hằng ngày kích cầu mua sắm 17:00 10-08-2024',	'NORMAL',	NULL,	'BLOCK',	'2024-08-10 17:00:00',	'2024-08-10 18:00:00',	'2024-08-23 23:23:16',	'system',	NULL,	NULL),
('ea67f3e3-bc71-466a-ad7e-8028ba1aa006',	'Daily Sale 16:00 06-08-2024',	'Chương trình giảm giá hằng ngày kích cầu mua sắm 16:00 06-08-2024',	'NORMAL',	NULL,	'BLOCK',	'2024-08-06 16:00:00',	'2024-08-06 17:00:00',	'2024-08-24 00:23:04',	'system',	NULL,	NULL),
('eb431422-1dfe-45d5-8b46-3b1207a7189b',	'Daily Sale 06:00 07-08-2024',	'Chương trình giảm giá hằng ngày kích cầu mua sắm 06:00 07-08-2024',	'NORMAL',	NULL,	'BLOCK',	'2024-08-07 06:00:00',	'2024-08-07 07:00:00',	'2024-08-24 00:23:08',	'system',	NULL,	NULL),
('eb92b70c-d568-44d5-b514-3fd330c55d4d',	'Daily Sale 18:00 11-08-2024',	'Chương trình giảm giá hằng ngày kích cầu mua sắm 18:00 11-08-2024',	'NORMAL',	NULL,	'BLOCK',	'2024-08-11 18:00:00',	'2024-08-11 19:00:00',	'2024-08-24 00:23:20',	'system',	NULL,	NULL),
('ebb49e18-8e15-44cc-8f20-e162d50d5616',	'Daily Sale 10:00 21-08-2024',	'Chương trình giảm giá hằng ngày kích cầu mua sắm 10:00 21-08-2024',	'NORMAL',	NULL,	'BLOCK',	'2024-08-21 10:00:00',	'2024-08-21 11:00:00',	'2024-08-24 08:50:08',	'system',	NULL,	NULL),
('ec52de9a-3672-4d68-a694-2eea1b68981d',	'Daily Sale 21:00 10-08-2024',	'Chương trình giảm giá hằng ngày kích cầu mua sắm 21:00 10-08-2024',	'NORMAL',	NULL,	'BLOCK',	'2024-08-10 21:00:00',	'2024-08-10 22:00:00',	'2024-08-24 00:23:16',	'system',	NULL,	NULL),
('ec93a2d2-a268-47c1-8b4d-2c3b94edde73',	'Daily Sale 07:00 09-08-2024',	'Chương trình giảm giá hằng ngày kích cầu mua sắm 07:00 09-08-2024',	'NORMAL',	NULL,	'BLOCK',	'2024-08-09 07:00:00',	'2024-08-09 08:00:00',	'2024-08-24 00:23:12',	'system',	NULL,	NULL),
('ecd8cdc6-1cbb-46e8-964d-5e1d2d8e722c',	'Daily Sale 08:00 19-08-2024',	'Chương trình giảm giá hằng ngày kích cầu mua sắm 08:00 19-08-2024',	'NORMAL',	NULL,	'BLOCK',	'2024-08-19 08:00:00',	'2024-08-19 09:00:00',	'2024-08-24 08:50:00',	'system',	NULL,	NULL),
('ed349fe7-9f35-4a5b-8498-49e5f23e11ef',	'Daily Sale 06:00 24-08-2024',	'Chương trình giảm giá hằng ngày kích cầu mua sắm 06:00 24-08-2024',	'NORMAL',	NULL,	'BLOCK',	'2024-08-24 06:00:00',	'2024-08-24 07:00:00',	'2024-08-24 08:50:20',	'system',	NULL,	NULL),
('ed3bb8d5-270f-45ec-8688-f366b22b6a94',	'Daily Sale 04:00 06-08-2024',	'Chương trình giảm giá hằng ngày kích cầu mua sắm 04:00 06-08-2024',	'NORMAL',	NULL,	'BLOCK',	'2024-08-06 04:00:00',	'2024-08-06 05:00:00',	'2024-08-23 23:23:04',	'system',	NULL,	NULL),
('ed67dc63-fe9b-4892-991a-c36440888632',	'Daily Sale 02:00 10-08-2024',	'Chương trình giảm giá hằng ngày kích cầu mua sắm 02:00 10-08-2024',	'NORMAL',	NULL,	'BLOCK',	'2024-08-10 02:00:00',	'2024-08-10 03:00:00',	'2024-08-24 00:23:16',	'system',	NULL,	NULL),
('ed889376-c6c6-4483-8664-b55b3299474a',	'Daily Sale 18:00 09-08-2024',	'Chương trình giảm giá hằng ngày kích cầu mua sắm 18:00 09-08-2024',	'NORMAL',	NULL,	'BLOCK',	'2024-08-09 18:00:00',	'2024-08-09 19:00:00',	'2024-08-24 00:23:12',	'system',	NULL,	NULL),
('ee288d8f-cbe1-4740-a8fb-f13e81b00001',	'Daily Sale 15:00 11-08-2024',	'Chương trình giảm giá hằng ngày kích cầu mua sắm 15:00 11-08-2024',	'NORMAL',	NULL,	'BLOCK',	'2024-08-11 15:00:00',	'2024-08-11 16:00:00',	'2024-08-24 00:23:20',	'system',	NULL,	NULL),
('ee3c5975-8ae5-4ac3-8d79-38291171a5b2',	'Daily Sale 04:00 21-08-2024',	'Chương trình giảm giá hằng ngày kích cầu mua sắm 04:00 21-08-2024',	'NORMAL',	NULL,	'BLOCK',	'2024-08-21 04:00:00',	'2024-08-21 05:00:00',	'2024-08-24 08:50:08',	'system',	NULL,	NULL),
('eefafa4b-1e50-41f5-8288-c741ec8bd682',	'Daily Sale 03:00 11-08-2024',	'Chương trình giảm giá hằng ngày kích cầu mua sắm 03:00 11-08-2024',	'NORMAL',	NULL,	'BLOCK',	'2024-08-11 03:00:00',	'2024-08-11 04:00:00',	'2024-08-24 00:23:20',	'system',	NULL,	NULL),
('ef0feb14-3206-4c05-9eac-c8115cbeea99',	'Daily Sale 03:00 25-08-2024',	'Chương trình giảm giá hằng ngày kích cầu mua sắm 03:00 25-08-2024',	'NORMAL',	NULL,	'BLOCK',	'2024-08-25 03:00:00',	'2024-08-25 04:00:00',	'2024-08-24 08:50:24',	'system',	NULL,	NULL),
('ef1a05b6-14fe-4223-b8fc-01cf5718b112',	'Daily Sale 10:00 11-08-2024',	'Chương trình giảm giá hằng ngày kích cầu mua sắm 10:00 11-08-2024',	'NORMAL',	NULL,	'BLOCK',	'2024-08-11 10:00:00',	'2024-08-11 11:00:00',	'2024-08-23 23:23:20',	'system',	NULL,	NULL),
('f0aa4cfb-a106-425b-954d-a264cb65d113',	'Daily Sale 12:00 22-08-2024',	'Chương trình giảm giá hằng ngày kích cầu mua sắm 12:00 22-08-2024',	'NORMAL',	NULL,	'BLOCK',	'2024-08-22 12:00:00',	'2024-08-22 13:00:00',	'2024-08-24 08:50:12',	'system',	NULL,	NULL),
('f12c2f4f-e221-4237-b4dd-2878b4930016',	'Daily Sale 07:00 06-08-2024',	'Chương trình giảm giá hằng ngày kích cầu mua sắm 07:00 06-08-2024',	'NORMAL',	NULL,	'BLOCK',	'2024-08-06 07:00:00',	'2024-08-06 08:00:00',	'2024-08-24 00:23:04',	'system',	NULL,	NULL),
('f312f975-20ad-423a-9229-eeecae0d0195',	'Daily Sale 21:00 11-08-2024',	'Chương trình giảm giá hằng ngày kích cầu mua sắm 21:00 11-08-2024',	'NORMAL',	NULL,	'BLOCK',	'2024-08-11 21:00:00',	'2024-08-11 22:00:00',	'2024-08-24 00:23:20',	'system',	NULL,	NULL),
('f4443414-0a94-4ac3-b255-1235b509596e',	'Daily Sale 13:00 07-08-2024',	'Chương trình giảm giá hằng ngày kích cầu mua sắm 13:00 07-08-2024',	'NORMAL',	NULL,	'BLOCK',	'2024-08-07 13:00:00',	'2024-08-07 14:00:00',	'2024-08-24 00:23:08',	'system',	NULL,	NULL),
('f457713a-f968-4beb-aa89-6cc837994a77',	'Siêu sale hằng tháng 22:00 07-08-2024',	'Đại tiệc siêu sale hằng tháng 22:00 07-08-2024',	'SPEACIAL',	NULL,	'BLOCK',	'2024-08-07 22:00:00',	'2024-08-07 23:00:00',	'2024-08-24 00:23:08',	'system',	NULL,	NULL),
('f4804894-9f81-4b0c-bc94-d5604a2b3c46',	'Daily Sale 16:00 19-08-2024',	'Chương trình giảm giá hằng ngày kích cầu mua sắm 16:00 19-08-2024',	'NORMAL',	NULL,	'BLOCK',	'2024-08-19 16:00:00',	'2024-08-19 17:00:00',	'2024-08-24 08:50:00',	'system',	NULL,	NULL),
('f689d8c4-da39-4539-90ab-e31540da9336',	'Daily Sale 21:00 11-08-2024',	'Chương trình giảm giá hằng ngày kích cầu mua sắm 21:00 11-08-2024',	'NORMAL',	NULL,	'BLOCK',	'2024-08-11 21:00:00',	'2024-08-11 22:00:00',	'2024-08-23 23:23:20',	'system',	NULL,	NULL),
('f69ec39a-d87f-4444-b6a0-dcde0230f83f',	'Daily Sale 23:00 22-08-2024',	'Chương trình giảm giá hằng ngày kích cầu mua sắm 23:00 22-08-2024',	'NORMAL',	NULL,	'BLOCK',	'2024-08-22 23:00:00',	'2024-08-23 00:00:00',	'2024-08-24 08:50:12',	'system',	NULL,	NULL),
('f6c1c20e-54ee-4690-936e-5ed54b09ddc6',	'Daily Sale 16:00 07-08-2024',	'Chương trình giảm giá hằng ngày kích cầu mua sắm 16:00 07-08-2024',	'NORMAL',	NULL,	'BLOCK',	'2024-08-07 16:00:00',	'2024-08-07 17:00:00',	'2024-08-24 00:23:08',	'system',	NULL,	NULL),
('f6e45341-b47a-4edf-8a57-88b70bc4e180',	'Daily Sale 05:00 06-08-2024',	'Chương trình giảm giá hằng ngày kích cầu mua sắm 05:00 06-08-2024',	'NORMAL',	NULL,	'BLOCK',	'2024-08-06 05:00:00',	'2024-08-06 06:00:00',	'2024-08-24 00:23:04',	'system',	NULL,	NULL),
('f723bda1-1b2e-45b6-b5c4-2d26aa57f371',	'Daily Sale 13:00 09-08-2024',	'Chương trình giảm giá hằng ngày kích cầu mua sắm 13:00 09-08-2024',	'NORMAL',	NULL,	'BLOCK',	'2024-08-09 13:00:00',	'2024-08-09 14:00:00',	'2024-08-24 00:23:12',	'system',	NULL,	NULL),
('f72b088d-f5c0-4ae1-b3e7-1e344089b3e7',	'Daily Sale 20:00 05-08-2024',	'Chương trình giảm giá hằng ngày kích cầu mua sắm 20:00 05-08-2024',	'NORMAL',	NULL,	'BLOCK',	'2024-08-05 20:00:00',	'2024-08-05 21:00:00',	'2024-08-23 23:23:00',	'system',	NULL,	NULL),
('f78ef6b5-d088-4948-a2a1-60baabf56b84',	'Daily Sale 05:00 11-08-2024',	'Chương trình giảm giá hằng ngày kích cầu mua sắm 05:00 11-08-2024',	'NORMAL',	NULL,	'BLOCK',	'2024-08-11 05:00:00',	'2024-08-11 06:00:00',	'2024-08-23 23:23:20',	'system',	NULL,	NULL),
('f7979bbc-a463-4e4e-8079-d4d743459b74',	'Daily Sale 13:00 05-08-2024',	'Chương trình giảm giá hằng ngày kích cầu mua sắm 13:00 05-08-2024',	'NORMAL',	NULL,	'BLOCK',	'2024-08-05 13:00:00',	'2024-08-05 14:00:00',	'2024-08-23 23:23:00',	'system',	NULL,	NULL),
('f82c6129-f5fa-482f-9a18-8a840f14c3df',	'Daily Sale 05:00 05-08-2024',	'Chương trình giảm giá hằng ngày kích cầu mua sắm 05:00 05-08-2024',	'NORMAL',	NULL,	'BLOCK',	'2024-08-05 05:00:00',	'2024-08-05 06:00:00',	'2024-08-24 00:23:00',	'system',	NULL,	NULL),
('f82e232f-d0bc-4b37-9b39-cb58a3f4630f',	'Daily Sale 00:00 25-08-2024',	'Chương trình giảm giá hằng ngày kích cầu mua sắm 00:00 25-08-2024',	'NORMAL',	NULL,	'BLOCK',	'2024-08-25 00:00:00',	'2024-08-25 01:00:00',	'2024-08-24 08:50:24',	'system',	NULL,	NULL),
('f8f3171c-21c8-4416-b41d-d1a13fc49f2e',	'Daily Sale 11:00 23-08-2024',	'Chương trình giảm giá hằng ngày kích cầu mua sắm 11:00 23-08-2024',	'NORMAL',	NULL,	'BLOCK',	'2024-08-23 11:00:00',	'2024-08-23 12:00:00',	'2024-08-24 08:50:16',	'system',	NULL,	NULL),
('fa5c0ac0-c77b-48f4-af0e-4dcf47a99af2',	'Daily Sale 14:00 19-08-2024',	'Chương trình giảm giá hằng ngày kích cầu mua sắm 14:00 19-08-2024',	'NORMAL',	NULL,	'BLOCK',	'2024-08-19 14:00:00',	'2024-08-19 15:00:00',	'2024-08-24 08:50:00',	'system',	NULL,	NULL),
('fbd5170e-93a9-4a88-ba88-f18f0b151cbf',	'Daily Sale 10:00 10-08-2024',	'Chương trình giảm giá hằng ngày kích cầu mua sắm 10:00 10-08-2024',	'NORMAL',	NULL,	'BLOCK',	'2024-08-10 10:00:00',	'2024-08-10 11:00:00',	'2024-08-24 00:23:16',	'system',	NULL,	NULL),
('fc28facf-ff74-42e9-adeb-dccea50fddd4',	'Daily Sale 09:00 06-08-2024',	'Chương trình giảm giá hằng ngày kích cầu mua sắm 09:00 06-08-2024',	'NORMAL',	NULL,	'BLOCK',	'2024-08-06 09:00:00',	'2024-08-06 10:00:00',	'2024-08-23 23:23:04',	'system',	NULL,	NULL),
('fc8baca6-94b3-4af2-84ec-21da89be0e41',	'Daily Sale 12:00 11-08-2024',	'Chương trình giảm giá hằng ngày kích cầu mua sắm 12:00 11-08-2024',	'NORMAL',	NULL,	'BLOCK',	'2024-08-11 12:00:00',	'2024-08-11 13:00:00',	'2024-08-24 00:23:20',	'system',	NULL,	NULL),
('fd2be8e2-c681-44ca-979a-d451531ef828',	'Daily Sale 16:00 07-08-2024',	'Chương trình giảm giá hằng ngày kích cầu mua sắm 16:00 07-08-2024',	'NORMAL',	NULL,	'BLOCK',	'2024-08-07 16:00:00',	'2024-08-07 17:00:00',	'2024-08-23 23:23:08',	'system',	NULL,	NULL),
('fe5eb217-e72b-4025-8058-fca9486adeb5',	'Daily Sale 14:00 05-08-2024',	'Chương trình giảm giá hằng ngày kích cầu mua sắm 14:00 05-08-2024',	'NORMAL',	NULL,	'BLOCK',	'2024-08-05 14:00:00',	'2024-08-05 15:00:00',	'2024-08-23 23:23:00',	'system',	NULL,	NULL),
('fea5dd54-0c4c-407d-abd0-ef05bb7e6d00',	'Daily Sale 07:00 11-08-2024',	'Chương trình giảm giá hằng ngày kích cầu mua sắm 07:00 11-08-2024',	'NORMAL',	NULL,	'BLOCK',	'2024-08-11 07:00:00',	'2024-08-11 08:00:00',	'2024-08-24 00:23:20',	'system',	NULL,	NULL),
('ff5c8e71-f858-4f2a-abce-7f084ebba000',	'Daily Sale 08:00 09-08-2024',	'Chương trình giảm giá hằng ngày kích cầu mua sắm 08:00 09-08-2024',	'NORMAL',	NULL,	'BLOCK',	'2024-08-09 08:00:00',	'2024-08-09 09:00:00',	'2024-08-23 23:23:12',	'system',	NULL,	NULL),
('ff8051e6-5496-4fe2-ba6d-246f40c88d90',	'Daily Sale 18:00 05-08-2024',	'Chương trình giảm giá hằng ngày kích cầu mua sắm 18:00 05-08-2024',	'NORMAL',	NULL,	'BLOCK',	'2024-08-05 18:00:00',	'2024-08-05 19:00:00',	'2024-08-23 23:23:00',	'system',	NULL,	NULL),
('ffadebb6-78c2-4371-9f43-58a4eb7c9dda',	'Daily Sale 15:00 23-08-2024',	'Chương trình giảm giá hằng ngày kích cầu mua sắm 15:00 23-08-2024',	'NORMAL',	NULL,	'BLOCK',	'2024-08-23 15:00:00',	'2024-08-23 16:00:00',	'2024-08-24 08:50:16',	'system',	NULL,	NULL);

DROP TABLE IF EXISTS `Store`;
CREATE TABLE `Store` (
  `id` varchar(50) CHARACTER SET utf8mb4 COLLATE utf8mb4_unicode_ci NOT NULL,
  `name` varchar(255) CHARACTER SET utf8mb4 COLLATE utf8mb4_unicode_ci NOT NULL,
  `image` varchar(255) CHARACTER SET utf8mb4 COLLATE utf8mb4_unicode_ci NOT NULL,
  `location` varchar(100) CHARACTER SET utf8mb4 COLLATE utf8mb4_unicode_ci DEFAULT NULL,
  `description` varchar(1000) CHARACTER SET utf8mb4 COLLATE utf8mb4_unicode_ci DEFAULT NULL,
  `status` varchar(10) CHARACTER SET utf8mb4 COLLATE utf8mb4_unicode_ci NOT NULL,
  `tax` varchar(100) CHARACTER SET utf8mb4 COLLATE utf8mb4_unicode_ci DEFAULT NULL,
  `createdBy` varchar(50) CHARACTER SET utf8mb4 COLLATE utf8mb4_unicode_ci NOT NULL,
  `updatedBy` varchar(50) CHARACTER SET utf8mb4 COLLATE utf8mb4_unicode_ci DEFAULT NULL,
  `createdAt` timestamp NULL DEFAULT CURRENT_TIMESTAMP,
  `updatedAt` timestamp NULL DEFAULT NULL,
  PRIMARY KEY (`id`),
  KEY `status` (`status`),
  FULLTEXT KEY `name` (`name`)
) ENGINE=InnoDB DEFAULT CHARSET=utf8mb4 COLLATE=utf8mb4_unicode_ci;

INSERT INTO `Store` (`id`, `name`, `image`, `location`, `description`, `status`, `tax`, `createdBy`, `updatedBy`, `createdAt`, `updatedAt`) VALUES
('1907430c-80f5-49f4-8685-65c4fa4b3cd5',	'Store 2',	'https://i.pinimg.com/564x/59/7a/de/597ade7f979fdb7c06df948d599862bb.jpg',	NULL,	NULL,	'BLOCK',	NULL,	'0f9a0d3c-c666-4851-835e-59c6dc035218',	NULL,	'2024-04-09 16:19:35',	NULL),
('3eb660b5-90c7-4ae4-accf-793cac4df283',	'Store 10',	'https://i.pinimg.com/564x/59/7a/de/597ade7f979fdb7c06df948d599862bb.jpg',	NULL,	NULL,	'ACTIVE',	NULL,	'abdf677a-71ff-4f81-a2c5-6615a04bedfe',	NULL,	'2024-04-09 16:19:35',	NULL),
('41c73d8c-8e0d-4816-9314-f9244af3cd00',	'Cửa hàng bán kẹo',	'https://vanlocbucket.s3.ap-southeast-2.amazonaws.com/6f9ef28e-fa49-4c46-9695-b064f924a13f_2024-07-26_105908.png',	'Tân Bình',	NULL,	'ACTIVE',	NULL,	'22c4cdea-30a6-40df-8dcd-cc606c9db7cc',	NULL,	'2024-08-13 20:25:08',	NULL),
('465d9c2f-cbb7-4d53-943d-0b902f51861f',	'Store 9',	'https://i.pinimg.com/564x/59/7a/de/597ade7f979fdb7c06df948d599862bb.jpg',	NULL,	NULL,	'ACTIVE',	NULL,	'a666dc45-29aa-4301-87bb-18cc547386be',	NULL,	'2024-04-09 16:19:35',	NULL),
('4aed904e-5444-42c2-be9f-054c42903692',	'Van Loc Store',	'https://i.pinimg.com/564x/2a/78/2e/2a782eaf78e7cd78aa94961cb18d7786.jpg',	'Tp.HCM',	NULL,	'ACTIVE',	NULL,	'262dc0c4-a50a-4f39-a40f-0d7c1fe1cadd',	NULL,	'2024-04-25 05:59:36',	NULL),
('546ae81e-119b-4de1-bf32-927e4c77886a',	'test3',	'https://i.pinimg.com/564x/2a/78/2e/2a782eaf78e7cd78aa94961cb18d7786.jpg',	'tien giang',	NULL,	'ACTIVE',	NULL,	'5fb9f276-62c0-46e6-8757-cc8067cb0f87',	NULL,	'2024-04-25 06:21:51',	NULL),
('57a5f544-4447-4ab6-954b-89617c0415d2',	'Shop Công Nghệ',	'https://vanlocbucket.s3.ap-southeast-2.amazonaws.com/79d1c33e-1d1d-412b-a20d-d07ec452188a_doghello.jpg',	'TpHCM',	NULL,	'ACTIVE',	'123456789',	'7d4a0ef3-5ab0-45ab-b4c1-c049596e2749',	NULL,	'2024-08-06 16:43:45',	NULL),
('61692e39-1edf-4eb7-b312-7a95aea194ef',	'Store 7',	'https://i.pinimg.com/564x/59/7a/de/597ade7f979fdb7c06df948d599862bb.jpg',	NULL,	NULL,	'BLOCK',	NULL,	'e9307983-16bd-42ce-a3bf-7e12dc89fae6',	NULL,	'2024-04-09 16:19:35',	NULL),
('6748c5c1-a1c7-468a-a779-0d5e0be487c4',	'Store 1',	'https://i.pinimg.com/564x/59/7a/de/597ade7f979fdb7c06df948d599862bb.jpg',	NULL,	NULL,	'ACTIVE',	NULL,	'a226f227-c629-4c75-98ca-e56a3dab016e',	NULL,	'2024-04-09 16:19:35',	NULL),
('6d8bf1a6-aefd-46fb-a69c-a91bbf95be10',	'Shop bán lẻ',	'https://vanlocbucket.s3.ap-southeast-2.amazonaws.com/a22ca9a4-75a4-41c3-ae34-6073f8dc1e4f_catliuliu.jpg',	'Địa chỉ A, tpHCM',	NULL,	'ACTIVE',	NULL,	'64874f2a-8d6f-4b22-bae3-f8dd701f2ee0',	NULL,	'2024-08-14 02:55:36',	NULL),
('72e339da-c565-4a2e-97b0-1a142176e072',	'Store 4',	'https://i.pinimg.com/564x/59/7a/de/597ade7f979fdb7c06df948d599862bb.jpg',	NULL,	NULL,	'ACTIVE',	NULL,	'6c868791-2b31-46aa-b24f-9442084f260a',	NULL,	'2024-04-09 16:19:35',	NULL),
('8ab4597b-26f6-4fad-b9fd-8dc4de32b804',	'Test1',	'https://i.pinimg.com/564x/2a/78/2e/2a782eaf78e7cd78aa94961cb18d7786.jpg',	'HCM',	NULL,	'ACTIVE',	NULL,	'3b22935a-3e5a-438e-a0eb-0375a890cab4',	NULL,	'2024-04-25 06:19:37',	NULL),
('932406ae-e8d1-47a7-bb69-e53b533a3246',	'Ngoc Hien Mall',	'https://vanlocbucket.s3.ap-southeast-2.amazonaws.com/2e203b48-b744-4a31-9ef7-fdd118f2fbe9_doghello.jpg',	'Phường 12, Tân Bình, Thành Phố Hồ Chí Minh',	NULL,	'ACTIVE',	'12312312323',	'94f67cac-944d-472d-8157-bedf488a8502',	NULL,	'2024-08-21 10:44:49',	NULL),
('93dd964f-2e6d-4874-9c79-009eb4d89202',	'Store 5',	'https://i.pinimg.com/564x/59/7a/de/597ade7f979fdb7c06df948d599862bb.jpg',	NULL,	NULL,	'ACTIVE',	NULL,	'a3816a2a-93c2-49a9-b5af-16e25615b2c1',	NULL,	'2024-04-09 16:19:35',	NULL),
('9fcfc11f-80ca-495e-a6e9-0a6bd869d5a5',	'Technical Mall',	'https://vanlocbucket.s3.ap-southeast-2.amazonaws.com/cbc2d2aa-4b7e-41e1-95dd-cbb731f5a7cd_meokhantam.jpg',	'2D Phùng Văn Cung, Phú Nhuận, Thành Phố Hồ Chí Minh',	NULL,	'ACTIVE',	'12312332332',	'27c92220-57c0-4263-bf24-f92155ec7de6',	NULL,	'2024-08-21 09:50:29',	NULL),
('a160174c-3e17-4623-8504-dea02e634036',	'Store 3',	'https://i.pinimg.com/564x/59/7a/de/597ade7f979fdb7c06df948d599862bb.jpg',	NULL,	NULL,	'ACTIVE',	NULL,	'4fbaeb18-6d87-40e3-80cd-5dbf57f963a7',	NULL,	'2024-04-09 16:19:35',	NULL),
('a60de0bc-812c-4433-a88b-eac3e128b455',	'Cửa hàng điện tử',	'https://i.pinimg.com/564x/e7/3e/50/e73e5033f3b449784e751b824599518d.jpg',	'TPHCM',	NULL,	'ACTIVE',	NULL,	'cb804886-3ead-4324-82de-bc1485ac2939',	NULL,	'2024-04-24 15:27:02',	NULL),
('bc9a15b5-732b-4c5f-bcca-3527b9d2793f',	'Cửa hàng điện tử',	'https://i.pinimg.com/564x/e7/3e/50/e73e5033f3b449784e751b824599518d.jpg',	'TPHCM',	NULL,	'ACTIVE',	NULL,	'6f154b33-0763-48ed-83a2-6de51e8fe15f',	NULL,	'2024-04-24 15:24:31',	NULL),
('cbd04531-67e2-4fe2-9cfb-366ac5eb923a',	'IT Mall',	'https://vanlocbucket.s3.ap-southeast-2.amazonaws.com/73e79987-2ca2-405b-b94c-f28aa9122b32_catliuliu.jpg',	'2D Phùng Văn Cung, Phú Nhuận, Thành Phố Hồ Chí Minh',	NULL,	'ACTIVE',	'12312312323',	'ef57bddf-f43c-4a42-b18f-c8bc7b8da79a',	NULL,	'2024-08-21 09:52:55',	NULL),
('d30a97e0-5b82-4aed-abc0-f0183d4b6129',	'Van Loc 3 Store',	'https://vanlocbucket.s3.ap-southeast-2.amazonaws.com/84a977a7-489b-44a0-af11-cd189ceb54a9_catliuliu.jpg',	'HCM',	NULL,	'ACTIVE',	NULL,	'187af660-ad6c-4256-a90f-e463dc9081de',	NULL,	'2024-04-27 17:03:12',	NULL),
('de51b1b6-ed27-49b7-a804-57b7992cbc81',	'Store 6',	'https://i.pinimg.com/564x/59/7a/de/597ade7f979fdb7c06df948d599862bb.jpg',	NULL,	NULL,	'ACTIVE',	NULL,	'f82a04b9-c41e-4d24-bc0b-3be0538a603b',	NULL,	'2024-04-09 16:19:35',	NULL),
('f104dc56-e794-4af4-b6a1-adf383b29f9c',	'Store 0',	'https://i.pinimg.com/564x/59/7a/de/597ade7f979fdb7c06df948d599862bb.jpg',	NULL,	NULL,	'ACTIVE',	NULL,	'd2873926-c2f1-4408-b6c2-dc18436429f0',	NULL,	'2024-04-09 16:19:35',	NULL),
('f27bd321-5c7b-420a-8dca-1630b1a216bb',	'Cat Store',	'https://vanlocbucket.s3.ap-southeast-2.amazonaws.com/a026ae32-a82f-4bdf-88cb-2cd50dc44a27_catliuliu.jpg',	'Tien Giang',	NULL,	'ACTIVE',	NULL,	'e9951249-ec77-4faf-9d3d-f0ee119091bd',	NULL,	'2024-04-27 16:53:44',	NULL),
('f94b297d-2e44-4dbe-a161-761c32596267',	'Store 8',	'https://i.pinimg.com/564x/59/7a/de/597ade7f979fdb7c06df948d599862bb.jpg',	NULL,	NULL,	'ACTIVE',	NULL,	'05044440-aad0-4223-b9c6-d29394a4d871',	NULL,	'2024-04-09 16:19:35',	NULL);

DROP TABLE IF EXISTS `StorePromotion`;
CREATE TABLE `StorePromotion` (
  `id` varchar(50) CHARACTER SET utf8mb4 COLLATE utf8mb4_unicode_ci NOT NULL,
  `salePromotionId` varchar(50) CHARACTER SET utf8mb4 COLLATE utf8mb4_unicode_ci NOT NULL,
  `storeId` varchar(50) CHARACTER SET utf8mb4 COLLATE utf8mb4_unicode_ci NOT NULL,
  `status` varchar(50) CHARACTER SET utf8mb4 COLLATE utf8mb4_unicode_ci NOT NULL,
  `createdAt` timestamp NOT NULL,
  `createdBy` varchar(50) CHARACTER SET utf8mb4 COLLATE utf8mb4_unicode_ci NOT NULL,
  `updatedAt` timestamp NULL DEFAULT NULL,
  `updatedBy` varchar(50) CHARACTER SET utf8mb4 COLLATE utf8mb4_unicode_ci DEFAULT NULL,
  PRIMARY KEY (`id`),
  KEY `storeId` (`storeId`),
  KEY `salePromotionId_status_storeId` (`salePromotionId`,`status`,`storeId`),
  CONSTRAINT `StorePromotion_ibfk_1` FOREIGN KEY (`storeId`) REFERENCES `Store` (`id`),
  CONSTRAINT `StorePromotion_ibfk_2` FOREIGN KEY (`salePromotionId`) REFERENCES `SalePromotion` (`id`) ON DELETE RESTRICT ON UPDATE RESTRICT
) ENGINE=InnoDB DEFAULT CHARSET=utf8mb4 COLLATE=utf8mb4_unicode_ci;

INSERT INTO `StorePromotion` (`id`, `salePromotionId`, `storeId`, `status`, `createdAt`, `createdBy`, `updatedAt`, `updatedBy`) VALUES
('59f7c3c2-6d60-4fe2-8380-c8b5d703abdb',	'c9424a3e-ca6d-4779-85db-8d983911ec4d',	'de51b1b6-ed27-49b7-a804-57b7992cbc81',	'ACTIVE',	'2024-08-24 10:49:46',	'f82a04b9-c41e-4d24-bc0b-3be0538a603b',	NULL,	NULL),
('8d0192b1-f1d6-4f52-aecf-8b0fa1837b21',	'9eb0896e-3a9d-462e-acf4-9217a677de61',	'de51b1b6-ed27-49b7-a804-57b7992cbc81',	'ACTIVE',	'2024-08-24 11:11:25',	'f82a04b9-c41e-4d24-bc0b-3be0538a603b',	NULL,	NULL);

DROP TABLE IF EXISTS `StoreRating`;
CREATE TABLE `StoreRating` (
  `id` varchar(50) CHARACTER SET utf8mb4 COLLATE utf8mb4_unicode_ci NOT NULL,
  `storeId` varchar(50) CHARACTER SET utf8mb4 COLLATE utf8mb4_unicode_ci NOT NULL,
  `one` int NOT NULL DEFAULT '0',
  `two` int NOT NULL DEFAULT '0',
  `three` int NOT NULL DEFAULT '0',
  `four` int NOT NULL DEFAULT '0',
  `five` int NOT NULL DEFAULT '0',
  `total` int NOT NULL DEFAULT '0',
  `average` double NOT NULL DEFAULT '0',
  `createdAt` timestamp NULL DEFAULT NULL,
  `updatedAt` timestamp NULL DEFAULT NULL,
  PRIMARY KEY (`id`)
) ENGINE=InnoDB DEFAULT CHARSET=utf8mb4 COLLATE=utf8mb4_unicode_ci;

INSERT INTO `StoreRating` (`id`, `storeId`, `one`, `two`, `three`, `four`, `five`, `total`, `average`, `createdAt`, `updatedAt`) VALUES
('16635683-8137-4da5-a27c-12fafd2be2e9',	'41c73d8c-8e0d-4816-9314-f9244af3cd00',	0,	0,	0,	1,	0,	1,	4,	'2024-08-13 20:54:43',	NULL),
('2b3ab51b-5c77-426f-b05e-54737852ac6a',	'de51b1b6-ed27-49b7-a804-57b7992cbc81',	0,	2,	0,	5,	0,	7,	3.8125,	'2024-07-22 12:47:43',	'2024-08-19 07:29:25'),
('55010947-d6dc-4dbd-87e1-7a26cb2e6746',	'465d9c2f-cbb7-4d53-943d-0b902f51861f',	0,	0,	0,	1,	1,	2,	4.5,	'2024-08-11 11:13:10',	'2024-08-14 02:38:39');

DROP TABLE IF EXISTS `UserViewStore`;
CREATE TABLE `UserViewStore` (
  `id` varchar(50) CHARACTER SET utf8mb4 COLLATE utf8mb4_unicode_ci NOT NULL,
  `storeId` varchar(50) CHARACTER SET utf8mb4 COLLATE utf8mb4_unicode_ci NOT NULL,
  `userId` varchar(50) CHARACTER SET utf8mb4 COLLATE utf8mb4_unicode_ci DEFAULT NULL,
  `createdAt` timestamp NULL DEFAULT NULL ON UPDATE CURRENT_TIMESTAMP,
  PRIMARY KEY (`id`),
  KEY `storeId` (`storeId`),
  KEY `userId` (`userId`),
  CONSTRAINT `UserViewStore_ibfk_1` FOREIGN KEY (`storeId`) REFERENCES `Store` (`id`)
) ENGINE=InnoDB DEFAULT CHARSET=utf8mb4 COLLATE=utf8mb4_unicode_ci;

INSERT INTO `UserViewStore` (`id`, `storeId`, `userId`, `createdAt`) VALUES
('115bf4af-6374-4bd3-8db8-9e4c5235907b',	'de51b1b6-ed27-49b7-a804-57b7992cbc81',	'27c92220-57c0-4263-bf24-f92155ec7de6',	'2024-08-17 14:18:52'),
('182fbee5-f46c-4952-bbb6-8e985fc82989',	'465d9c2f-cbb7-4d53-943d-0b902f51861f',	'7d4a0ef3-5ab0-45ab-b4c1-c049596e2749',	'2024-08-14 02:52:40'),
('18806f83-32b9-4646-8321-1becee56b7b1',	'de51b1b6-ed27-49b7-a804-57b7992cbc81',	'7d4a0ef3-5ab0-45ab-b4c1-c049596e2749',	'2024-08-06 15:29:45'),
('1a4fee7b-638d-4f0e-86f0-84c1c6d9b451',	'de51b1b6-ed27-49b7-a804-57b7992cbc81',	'bc119302-99fb-44b3-b07f-64eef34454cd',	'2024-08-09 14:56:57'),
('2257e9ac-0f69-48ec-a97c-0fc1b1b7cf74',	'de51b1b6-ed27-49b7-a804-57b7992cbc81',	'94f67cac-944d-472d-8157-bedf488a8502',	'2024-08-21 15:39:18'),
('28346ef5-8b04-41e2-8163-b27980b9d678',	'de51b1b6-ed27-49b7-a804-57b7992cbc81',	'94f67cac-944d-472d-8157-bedf488a8502',	'2024-08-21 21:05:50'),
('2af126ba-7004-4d19-b250-e8bf5f092a09',	'de51b1b6-ed27-49b7-a804-57b7992cbc81',	'7d4a0ef3-5ab0-45ab-b4c1-c049596e2749',	'2024-08-18 15:48:32'),
('32cee2a6-7458-4caa-ab18-bef9c43c2979',	'de51b1b6-ed27-49b7-a804-57b7992cbc81',	'27c92220-57c0-4263-bf24-f92155ec7de6',	'2024-08-17 05:08:28'),
('438cbe70-b4de-40e5-b16c-59401f26a974',	'de51b1b6-ed27-49b7-a804-57b7992cbc81',	'94f67cac-944d-472d-8157-bedf488a8502',	'2024-08-21 15:52:11'),
('464b1eea-958e-4500-bfce-e27e51341a31',	'de51b1b6-ed27-49b7-a804-57b7992cbc81',	'3206fa68-bd29-4fec-8174-c067ed4beb79',	NULL),
('4967dcc4-4483-4738-be08-d605a77902eb',	'de51b1b6-ed27-49b7-a804-57b7992cbc81',	'27c92220-57c0-4263-bf24-f92155ec7de6',	'2024-08-17 05:18:06'),
('4cbb951c-9b33-41a6-97e1-d93380e7ef40',	'de51b1b6-ed27-49b7-a804-57b7992cbc81',	'27c92220-57c0-4263-bf24-f92155ec7de6',	'2024-08-17 05:14:53'),
('50b8fd1e-3c75-46f5-af9f-d31dbdf9a159',	'de51b1b6-ed27-49b7-a804-57b7992cbc81',	'3206fa68-bd29-4fec-8174-c067ed4beb79',	'2024-08-03 15:01:29'),
('519a2582-204e-4bb0-8dcb-2fec9372d6ef',	'de51b1b6-ed27-49b7-a804-57b7992cbc81',	'7d4a0ef3-5ab0-45ab-b4c1-c049596e2749',	'2024-08-21 15:23:24'),
('52f4826c-3ed5-4048-b8b6-9cf576b3e692',	'de51b1b6-ed27-49b7-a804-57b7992cbc81',	'3206fa68-bd29-4fec-8174-c067ed4beb79',	'2024-08-04 14:40:50'),
('5761cc69-5d12-4c70-a863-63ac10e42d79',	'de51b1b6-ed27-49b7-a804-57b7992cbc81',	'7d4a0ef3-5ab0-45ab-b4c1-c049596e2749',	'2024-08-05 15:01:40'),
('5c6f3d0b-3ee2-4058-823d-b07de61a1645',	'de51b1b6-ed27-49b7-a804-57b7992cbc81',	'27c92220-57c0-4263-bf24-f92155ec7de6',	'2024-08-17 05:10:19'),
('626c9e06-c52c-4cfe-9348-350a68b82634',	'de51b1b6-ed27-49b7-a804-57b7992cbc81',	'bc119302-99fb-44b3-b07f-64eef34454cd',	'2024-08-05 14:14:27'),
('6481216d-29da-42a6-96fc-56a088aabe73',	'de51b1b6-ed27-49b7-a804-57b7992cbc81',	'27c92220-57c0-4263-bf24-f92155ec7de6',	'2024-08-18 15:46:36'),
('6558d17a-a679-4f8f-af09-8fa219015082',	'de51b1b6-ed27-49b7-a804-57b7992cbc81',	'27c92220-57c0-4263-bf24-f92155ec7de6',	'2024-08-17 05:09:09'),
('666652f1-7545-494c-bdc1-fff081c60a02',	'de51b1b6-ed27-49b7-a804-57b7992cbc81',	'27c92220-57c0-4263-bf24-f92155ec7de6',	'2024-08-17 18:40:19'),
('6be82af5-28f8-48a1-bfce-60187ccc332d',	'de51b1b6-ed27-49b7-a804-57b7992cbc81',	'7d4a0ef3-5ab0-45ab-b4c1-c049596e2749',	'2024-08-17 03:30:56'),
('6f95ee46-89c2-4704-99a1-72306e4fcbf3',	'de51b1b6-ed27-49b7-a804-57b7992cbc81',	'27c92220-57c0-4263-bf24-f92155ec7de6',	'2024-08-17 05:16:58'),
('6fb418ec-789d-4e32-a3b3-f9a0e941ccd8',	'de51b1b6-ed27-49b7-a804-57b7992cbc81',	'27c92220-57c0-4263-bf24-f92155ec7de6',	'2024-08-17 05:00:03'),
('72a1c64d-2cf6-47a7-bd43-11b9f58035d7',	'de51b1b6-ed27-49b7-a804-57b7992cbc81',	'27c92220-57c0-4263-bf24-f92155ec7de6',	'2024-08-17 18:34:28'),
('72b72960-f04b-4b12-9814-2f20ecfb0767',	'de51b1b6-ed27-49b7-a804-57b7992cbc81',	'3206fa68-bd29-4fec-8174-c067ed4beb79',	'2024-08-04 15:43:51'),
('72ce4089-c0df-4651-b9b4-abe1579f82ec',	'465d9c2f-cbb7-4d53-943d-0b902f51861f',	'27c92220-57c0-4263-bf24-f92155ec7de6',	'2024-08-17 05:30:16'),
('72d25af4-881c-4238-904b-fb80cf12beae',	'de51b1b6-ed27-49b7-a804-57b7992cbc81',	'3206fa68-bd29-4fec-8174-c067ed4beb79',	'2024-08-03 10:04:23'),
('7537b183-d7d1-49a6-af88-fd49da1b911a',	'a160174c-3e17-4623-8504-dea02e634036',	'bc119302-99fb-44b3-b07f-64eef34454cd',	'2024-08-12 10:19:45'),
('75a9cfb3-111e-42ee-942f-984badd4a89b',	'93dd964f-2e6d-4874-9c79-009eb4d89202',	'3206fa68-bd29-4fec-8174-c067ed4beb79',	'2024-08-02 20:58:54'),
('786bee68-798b-45b2-b8b6-d39f4303114f',	'de51b1b6-ed27-49b7-a804-57b7992cbc81',	'27c92220-57c0-4263-bf24-f92155ec7de6',	'2024-08-18 06:02:45'),
('7b71d240-9c61-4218-842f-4adbb4a388c4',	'de51b1b6-ed27-49b7-a804-57b7992cbc81',	'7d4a0ef3-5ab0-45ab-b4c1-c049596e2749',	'2024-08-18 08:22:12'),
('7f8e3166-fa91-4998-9709-4b3fe0947b27',	'de51b1b6-ed27-49b7-a804-57b7992cbc81',	'27c92220-57c0-4263-bf24-f92155ec7de6',	'2024-08-17 05:33:33'),
('7ffd0cf7-ed73-4b4c-ab6f-3dfa74833904',	'de51b1b6-ed27-49b7-a804-57b7992cbc81',	'94f67cac-944d-472d-8157-bedf488a8502',	'2024-08-21 15:38:20'),
('8850134f-e5c1-4d70-8e87-35ef88f5c406',	'465d9c2f-cbb7-4d53-943d-0b902f51861f',	'3206fa68-bd29-4fec-8174-c067ed4beb79',	'2024-08-03 08:00:49'),
('8fda9b53-2e69-4ac2-a2db-362ffbffad61',	'465d9c2f-cbb7-4d53-943d-0b902f51861f',	'7d4a0ef3-5ab0-45ab-b4c1-c049596e2749',	'2024-08-14 02:53:13'),
('91ce33e1-508b-46f9-9722-373db0e23381',	'de51b1b6-ed27-49b7-a804-57b7992cbc81',	'bc119302-99fb-44b3-b07f-64eef34454cd',	'2024-08-06 06:34:08'),
('9265b0aa-bccc-4af6-b927-948e493565a5',	'de51b1b6-ed27-49b7-a804-57b7992cbc81',	'27c92220-57c0-4263-bf24-f92155ec7de6',	'2024-08-18 08:30:52'),
('968ffbfb-fd16-4d99-bb9a-6fa92f5739cc',	'de51b1b6-ed27-49b7-a804-57b7992cbc81',	'27c92220-57c0-4263-bf24-f92155ec7de6',	'2024-08-17 05:08:10'),
('9a5ab6e9-bd16-4946-86a2-ea3b0643af39',	'de51b1b6-ed27-49b7-a804-57b7992cbc81',	'27c92220-57c0-4263-bf24-f92155ec7de6',	'2024-08-18 08:21:20'),
('9b1ca714-3be0-4c17-a24a-fbb677e7a560',	'de51b1b6-ed27-49b7-a804-57b7992cbc81',	'7d4a0ef3-5ab0-45ab-b4c1-c049596e2749',	'2024-08-18 15:55:10'),
('9e453a64-3b2f-4dfb-ab8f-f5b8273770a4',	'de51b1b6-ed27-49b7-a804-57b7992cbc81',	'27c92220-57c0-4263-bf24-f92155ec7de6',	'2024-08-17 05:08:41'),
('a0bce712-67d5-4749-a275-2e1ad31b8ff6',	'de51b1b6-ed27-49b7-a804-57b7992cbc81',	'7d4a0ef3-5ab0-45ab-b4c1-c049596e2749',	'2024-08-17 03:59:03'),
('a218b97f-b3d5-44be-9d20-156a0fff4fef',	'de51b1b6-ed27-49b7-a804-57b7992cbc81',	'27c92220-57c0-4263-bf24-f92155ec7de6',	'2024-08-19 04:18:44'),
('a6fd16cc-dfeb-4a21-a509-717997687f01',	'de51b1b6-ed27-49b7-a804-57b7992cbc81',	'27c92220-57c0-4263-bf24-f92155ec7de6',	'2024-08-18 15:54:54'),
('a8e7f56d-b0b3-4c41-b326-39059e3cf45f',	'de51b1b6-ed27-49b7-a804-57b7992cbc81',	'94f67cac-944d-472d-8157-bedf488a8502',	'2024-08-21 15:42:36'),
('ae4375b0-f321-4ac5-8fd5-251a56eeb5de',	'de51b1b6-ed27-49b7-a804-57b7992cbc81',	'ad597a58-ef3f-4ee8-9552-74d4668d9b2b',	'2024-08-06 06:33:59'),
('af08a11f-1ff4-4ec7-a07a-9e9592dda99d',	'de51b1b6-ed27-49b7-a804-57b7992cbc81',	'7d4a0ef3-5ab0-45ab-b4c1-c049596e2749',	'2024-08-19 04:17:56'),
('b3909587-1e34-44a3-b946-3e715ad14c44',	'de51b1b6-ed27-49b7-a804-57b7992cbc81',	'94f67cac-944d-472d-8157-bedf488a8502',	'2024-08-21 10:41:19'),
('b4234a1e-dd14-43e1-adf1-d1ee0f280183',	'de51b1b6-ed27-49b7-a804-57b7992cbc81',	'27c92220-57c0-4263-bf24-f92155ec7de6',	'2024-08-17 05:33:21'),
('b5759560-b4be-4af7-b162-556727548913',	'de51b1b6-ed27-49b7-a804-57b7992cbc81',	'7d4a0ef3-5ab0-45ab-b4c1-c049596e2749',	'2024-08-17 03:49:23'),
('c44eb7d9-3fc2-4e69-98e1-2b6cf6e30b5d',	'de51b1b6-ed27-49b7-a804-57b7992cbc81',	'7d4a0ef3-5ab0-45ab-b4c1-c049596e2749',	'2024-08-06 01:44:18'),
('c66910ad-9dfe-4932-9bb6-f91d2c67592e',	'de51b1b6-ed27-49b7-a804-57b7992cbc81',	'3206fa68-bd29-4fec-8174-c067ed4beb79',	'2024-08-04 14:56:21'),
('cd5b9a8c-3210-44e2-ba90-2320319d7bbf',	'de51b1b6-ed27-49b7-a804-57b7992cbc81',	'27c92220-57c0-4263-bf24-f92155ec7de6',	'2024-08-17 19:16:53'),
('d0701704-69c4-4f60-a23e-ba91c30fe2cd',	'de51b1b6-ed27-49b7-a804-57b7992cbc81',	'27c92220-57c0-4263-bf24-f92155ec7de6',	'2024-08-18 08:32:07'),
('d4a2a948-af92-4c47-bc7c-413d65a33d74',	'de51b1b6-ed27-49b7-a804-57b7992cbc81',	'3206fa68-bd29-4fec-8174-c067ed4beb79',	'2024-08-02 21:04:21'),
('d8ddf96c-7d41-4f00-9e0c-b1b6273a4303',	'de51b1b6-ed27-49b7-a804-57b7992cbc81',	'27c92220-57c0-4263-bf24-f92155ec7de6',	'2024-08-17 05:07:08'),
('db3210d9-ff69-4ad6-a4ae-9812964a0382',	'de51b1b6-ed27-49b7-a804-57b7992cbc81',	'3206fa68-bd29-4fec-8174-c067ed4beb79',	NULL),
('ddcc87b4-8f87-4ca2-8d37-29b76574cd4f',	'de51b1b6-ed27-49b7-a804-57b7992cbc81',	'94f67cac-944d-472d-8157-bedf488a8502',	'2024-08-21 20:58:35'),
('de9ce0d0-c652-4c48-9ae6-0f050da65259',	'de51b1b6-ed27-49b7-a804-57b7992cbc81',	'bc119302-99fb-44b3-b07f-64eef34454cd',	'2024-08-06 11:54:46'),
('ea09e836-2bcf-4379-8fd9-9e5f0c3a2743',	'de51b1b6-ed27-49b7-a804-57b7992cbc81',	'bc119302-99fb-44b3-b07f-64eef34454cd',	'2024-08-09 14:57:23'),
('f152f71c-2645-4223-9696-a9575d6ad43d',	'de51b1b6-ed27-49b7-a804-57b7992cbc81',	'7d4a0ef3-5ab0-45ab-b4c1-c049596e2749',	'2024-08-05 14:08:51'),
('f3839ffa-a363-4469-a107-7de4ad336dd9',	'de51b1b6-ed27-49b7-a804-57b7992cbc81',	'94f67cac-944d-472d-8157-bedf488a8502',	'2024-08-21 21:11:53'),
('f93cfe03-8f3f-455c-98e5-fa5cd64b1bb2',	'de51b1b6-ed27-49b7-a804-57b7992cbc81',	'7d4a0ef3-5ab0-45ab-b4c1-c049596e2749',	'2024-08-17 04:43:56'),
('fcaefee6-ded8-43c4-a990-41f9061843e2',	'de51b1b6-ed27-49b7-a804-57b7992cbc81',	'27c92220-57c0-4263-bf24-f92155ec7de6',	'2024-08-19 07:11:55');

DROP TABLE IF EXISTS `Voucher`;
CREATE TABLE `Voucher` (
  `id` varchar(50) CHARACTER SET utf8mb4 COLLATE utf8mb4_unicode_ci NOT NULL,
  `code` varchar(100) CHARACTER SET utf8mb4 COLLATE utf8mb4_unicode_ci NOT NULL,
  `title` varchar(255) CHARACTER SET utf8mb4 COLLATE utf8mb4_unicode_ci NOT NULL,
  `description` text CHARACTER SET utf8mb4 COLLATE utf8mb4_unicode_ci,
  `initQuantity` int NOT NULL,
  `currentQuantity` int NOT NULL,
  `status` varchar(20) CHARACTER SET utf8mb4 COLLATE utf8mb4_unicode_ci NOT NULL,
  `type` varchar(20) CHARACTER SET utf8mb4 COLLATE utf8mb4_unicode_ci NOT NULL,
  `storeId` varchar(50) CHARACTER SET utf8mb4 COLLATE utf8mb4_unicode_ci DEFAULT NULL,
  `percent` double DEFAULT NULL,
  `maximum` int DEFAULT NULL,
  `startDate` timestamp NOT NULL,
  `endDate` timestamp NULL DEFAULT NULL,
  `createdBy` varchar(50) CHARACTER SET utf8mb4 COLLATE utf8mb4_unicode_ci NOT NULL,
  `createdAt` timestamp NOT NULL DEFAULT CURRENT_TIMESTAMP,
  `updatedBy` varchar(50) CHARACTER SET utf8mb4 COLLATE utf8mb4_unicode_ci DEFAULT NULL,
  `updatedAt` timestamp NULL DEFAULT NULL,
  `categoryConditionId` varchar(50) CHARACTER SET utf8mb4 COLLATE utf8mb4_unicode_ci DEFAULT NULL,
  `priceConditionId` varchar(50) CHARACTER SET utf8mb4 COLLATE utf8mb4_unicode_ci DEFAULT NULL,
  PRIMARY KEY (`id`),
  KEY `categoryConditionId` (`categoryConditionId`),
  KEY `priceConditionId` (`priceConditionId`),
  KEY `storeId` (`storeId`),
  KEY `storeId_status_type_endDate_code` (`storeId`,`status`,`type`,`endDate`,`code`),
  CONSTRAINT `Voucher_ibfk_1` FOREIGN KEY (`storeId`) REFERENCES `Store` (`id`),
  CONSTRAINT `Voucher_ibfk_2` FOREIGN KEY (`categoryConditionId`) REFERENCES `CategoryConditionVoucher` (`id`),
  CONSTRAINT `Voucher_ibfk_3` FOREIGN KEY (`priceConditionId`) REFERENCES `PriceConditionVoucher` (`id`)
) ENGINE=InnoDB DEFAULT CHARSET=utf8mb4 COLLATE=utf8mb4_unicode_ci;

INSERT INTO `Voucher` (`id`, `code`, `title`, `description`, `initQuantity`, `currentQuantity`, `status`, `type`, `storeId`, `percent`, `maximum`, `startDate`, `endDate`, `createdBy`, `createdAt`, `updatedBy`, `updatedAt`, `categoryConditionId`, `priceConditionId`) VALUES
('17dd9943-e35e-440a-b23b-a5aecb562bf3',	'TEST2',	'TEST2',	'store4 testing',	10,	10,	'ACTIVE',	'HIDDEN',	'465d9c2f-cbb7-4d53-943d-0b902f51861f',	20,	20000,	'2024-08-17 17:00:00',	'2024-08-28 17:00:00',	'a666dc45-29aa-4301-87bb-18cc547386be',	'2024-08-17 19:02:02',	NULL,	NULL,	NULL,	NULL),
('1ac72a9a-6873-40f6-94d4-e8e6c1395b23',	'TEST2',	'123213',	'123123',	10,	0,	'ACTIVE',	'GLOBAL',	NULL,	20,	20000,	'2024-08-17 17:00:00',	'2024-08-29 17:00:00',	'331378bb-8e22-48e6-ac07-c5121bc70e41',	'2024-08-17 18:58:45',	NULL,	'2024-08-21 10:43:00',	NULL,	'4579548b-e070-4771-82d8-0a0e674e568a'),
('28d2db14-9027-4db7-9492-f2bf4e7b6d01',	'HIDDEN5',	'Vui cùng bạn',	'Mã giảm giá dành riêng cho bạn',	10,	7,	'ACTIVE',	'STORE',	'de51b1b6-ed27-49b7-a804-57b7992cbc81',	13,	20000,	'2024-08-20 17:00:00',	'2024-08-28 17:00:00',	'f82a04b9-c41e-4d24-bc0b-3be0538a603b',	'2024-08-21 15:49:56',	'f82a04b9-c41e-4d24-bc0b-3be0538a603b',	'2024-08-21 18:56:00',	NULL,	NULL),
('2e7fe196-5aa6-45f4-b967-025974d206b7',	'GLOBAL2',	'123213',	'123123',	10,	1,	'ACTIVE',	'GLOBAL',	NULL,	20,	20000,	'2024-08-17 17:00:00',	'2024-08-29 17:00:00',	'331378bb-8e22-48e6-ac07-c5121bc70e41',	'2024-08-17 17:46:19',	NULL,	'2024-08-21 15:43:00',	NULL,	'cb6d4420-7b58-413d-9033-d5aa9fb41064'),
('434a881b-bbca-4f3e-9b5c-2f6b334b1136',	'GLOBAL',	'GLOBAL',	'GLOBAL',	10,	1,	'ACTIVE',	'GLOBAL',	NULL,	20,	20000,	'2024-08-16 17:00:00',	'2024-08-27 17:00:00',	'331378bb-8e22-48e6-ac07-c5121bc70e41',	'2024-08-17 16:22:08',	NULL,	'2024-08-18 18:15:00',	'6bbb87ac-71e5-4840-aea0-78ab6b73627b',	'3f7b12b6-0931-4d25-b61a-d257382f66b3'),
('578913c6-55d8-4510-8ebe-34e613ad108c',	'HIDDEN',	'hidden',	'Giảm giá cuối tuần',	10,	10,	'ACTIVE',	'HIDDEN',	'de51b1b6-ed27-49b7-a804-57b7992cbc81',	20,	20000,	'2024-08-14 17:00:00',	'2024-08-19 17:00:00',	'f82a04b9-c41e-4d24-bc0b-3be0538a603b',	'2024-08-17 12:01:02',	'f82a04b9-c41e-4d24-bc0b-3be0538a603b',	'2024-08-17 12:16:08',	'b1770006-411d-4f8e-a658-0d506e969aa0',	'8d824d9e-df22-4ace-a391-94e851295c3c'),
('9d0455b0-06c6-43cd-ba29-57753b2d234b',	'HIDDEN6',	'Vui cùng bạn',	'Vui cùng bạn',	10,	9,	'ACTIVE',	'HIDDEN',	'de51b1b6-ed27-49b7-a804-57b7992cbc81',	13,	15000,	'2024-08-20 17:00:00',	'2024-08-29 17:00:00',	'f82a04b9-c41e-4d24-bc0b-3be0538a603b',	'2024-08-21 15:51:25',	NULL,	'2024-08-21 15:55:00',	NULL,	NULL),
('a6e5f871-e1d6-44d0-8ea8-68af143c932d',	'TEST3',	'TEST3',	'Testing 3',	10,	2,	'ACTIVE',	'STORE',	'de51b1b6-ed27-49b7-a804-57b7992cbc81',	20,	33000,	'2024-08-17 17:00:00',	'2024-08-28 17:00:00',	'113cb669-39fd-4494-85eb-b4b9c07c6d9c',	'2024-08-18 12:54:56',	NULL,	'2024-08-18 16:16:00',	NULL,	NULL),
('a99a45f9-f5e7-4828-b7f7-4cb3eaa27a5d',	'TEST2',	'TEST2',	'testing',	10,	4,	'ACTIVE',	'STORE',	'de51b1b6-ed27-49b7-a804-57b7992cbc81',	20,	20000,	'2024-08-17 17:00:00',	'2024-08-28 17:00:00',	'f82a04b9-c41e-4d24-bc0b-3be0538a603b',	'2024-08-17 18:59:37',	NULL,	'2024-08-21 15:45:00',	NULL,	NULL),
('d0685b71-86e5-4494-ab76-dcbdc3520186',	'TEST',	'TEst',	'test',	10,	8,	'ACTIVE',	'STORE',	'465d9c2f-cbb7-4d53-943d-0b902f51861f',	20,	20000,	'2024-08-17 17:00:00',	'2024-08-19 17:00:00',	'a666dc45-29aa-4301-87bb-18cc547386be',	'2024-08-17 17:30:18',	NULL,	'2024-08-18 17:20:00',	NULL,	'd384b014-710f-4c32-a696-b6a4a08afc7a'),
('f5ccc9b7-3861-4f56-b2e1-f59b64372473',	'TEST1',	'Test1',	'mo ta test 1',	10,	9,	'ACTIVE',	'STORE',	'de51b1b6-ed27-49b7-a804-57b7992cbc81',	7,	20000,	'2024-08-16 17:00:00',	'2024-08-19 17:00:00',	'f82a04b9-c41e-4d24-bc0b-3be0538a603b',	'2024-08-17 14:05:39',	'f82a04b9-c41e-4d24-bc0b-3be0538a603b',	'2024-08-18 06:25:00',	NULL,	'59c7918f-0ca7-4862-8292-8d7ae5c6ef3d');

-- 2024-08-24 13:01:31