-- Adminer 4.8.1 MySQL 9.0.0 dump

SET NAMES utf8;
SET time_zone = '+00:00';
SET foreign_key_checks = 0;
SET sql_mode = 'NO_AUTO_VALUE_ON_ZERO';

SET NAMES utf8mb4;

DROP TABLE IF EXISTS `CategoryConditionVoucher`;
CREATE TABLE `CategoryConditionVoucher` (
  `id` varchar(50) CHARACTER SET utf8mb4 COLLATE utf8mb4_unicode_ci NOT NULL,
  `categoryShortName` varchar(50) CHARACTER SET utf8mb4 COLLATE utf8mb4_unicode_ci NOT NULL,
  `createdAt` timestamp NOT NULL,
  `createdBy` varchar(50) CHARACTER SET utf8mb4 COLLATE utf8mb4_unicode_ci NOT NULL,
  `updatedAt` timestamp NULL DEFAULT NULL,
  `updatedBy` varchar(50) CHARACTER SET utf8mb4 COLLATE utf8mb4_unicode_ci DEFAULT NULL,
  PRIMARY KEY (`id`),
  KEY `categoryShortName` (`categoryShortName`),
  KEY `createdBy` (`createdBy`)
) ENGINE=InnoDB DEFAULT CHARSET=utf8mb4 COLLATE=utf8mb4_unicode_ci;

INSERT INTO `CategoryConditionVoucher` (`id`, `categoryShortName`, `createdAt`, `createdBy`, `updatedAt`, `updatedBy`) VALUES
('093ff7f8-a624-4f82-a97c-a59ecc0e4b39',	'dienthoai&phukien',	'2024-08-12 20:39:06',	'f82a04b9-c41e-4d24-bc0b-3be0538a603b',	NULL,	NULL),
('0bbe6863-6980-4e5e-8cb3-a90c2ab440b7',	'thethao&dulich',	'2024-08-17 12:01:02',	'f82a04b9-c41e-4d24-bc0b-3be0538a603b',	NULL,	NULL),
('10dc4324-97c8-4c42-884a-5e928623ec81',	'dienthoai&phukien',	'2024-07-24 10:44:41',	'a3816a2a-93c2-49a9-b5af-16e25615b2c1',	'2024-07-24 10:44:41',	NULL),
('173151e1-8eae-4d71-822f-4f724485bdf1',	'me&be',	'2024-08-17 10:41:25',	'f82a04b9-c41e-4d24-bc0b-3be0538a603b',	NULL,	NULL),
('30d6c6fe-4084-4a1a-8522-33a66e829fbc',	'me&be',	'2024-08-17 14:05:39',	'f82a04b9-c41e-4d24-bc0b-3be0538a603b',	NULL,	NULL),
('40cd5b3f-4816-40d1-b8a3-4925cab2044f',	'phukien&trangsucnu',	'2024-08-14 02:46:47',	'331378bb-8e22-48e6-ac07-c5121bc70e41',	NULL,	NULL),
('4320093b-c41f-4ae5-851c-def01929010b',	'dienthoai&phukien',	'2024-07-24 09:55:30',	'a3816a2a-93c2-49a9-b5af-16e25615b2c1',	'2024-07-24 09:55:30',	NULL),
('4ba504d4-ea21-4a24-b1fc-ecfd9534ae89',	'giaydepnu',	'2024-08-12 20:30:58',	'f82a04b9-c41e-4d24-bc0b-3be0538a603b',	NULL,	NULL),
('5c011683-cf7a-4cf1-a524-ff794ceccba0',	'dongho',	'2024-07-28 18:35:11',	'f82a04b9-c41e-4d24-bc0b-3be0538a603b',	'2024-07-28 18:35:11',	NULL),
('6843a629-9e93-4845-9fad-20bed8e664b3',	'thethao&dulich',	'2024-08-14 02:36:50',	'a666dc45-29aa-4301-87bb-18cc547386be',	NULL,	NULL),
('6bbb87ac-71e5-4840-aea0-78ab6b73627b',	'bachhoaonline',	'2024-08-17 16:22:08',	'331378bb-8e22-48e6-ac07-c5121bc70e41',	NULL,	NULL),
('736e434d-e0d1-43b6-9c1f-2ba1395a9b11',	'dienthoai&phukien',	'2024-08-12 21:21:25',	'f82a04b9-c41e-4d24-bc0b-3be0538a603b',	'2024-08-12 21:21:25',	NULL),
('97fcf50a-b9ca-486a-8a25-760e62a31dc3',	'sacdep',	'2024-07-11 10:43:50',	'f82a04b9-c41e-4d24-bc0b-3be0538a603b',	NULL,	NULL),
('9e623159-9863-4a15-ba35-ef123fb31a1a',	'mayanh&mayquayphim',	'2024-08-17 08:43:11',	'331378bb-8e22-48e6-ac07-c5121bc70e41',	NULL,	NULL),
('a5015b66-c89e-487f-be21-8486c5a2ffa9',	'me&be',	'2024-08-17 11:00:14',	'f82a04b9-c41e-4d24-bc0b-3be0538a603b',	NULL,	NULL),
('afac0bfc-81c0-4fdf-99de-2200843eaecf',	'me&be',	'2024-08-13 21:48:38',	'6c868791-2b31-46aa-b24f-9442084f260a',	NULL,	NULL),
('b1770006-411d-4f8e-a658-0d506e969aa0',	'thethao&dulich',	'2024-08-17 12:16:08',	'f82a04b9-c41e-4d24-bc0b-3be0538a603b',	'2024-08-17 12:16:08',	NULL),
('b34392eb-ae54-443c-9228-70f99703c856',	'tuivinu',	'2024-08-12 20:44:50',	'f82a04b9-c41e-4d24-bc0b-3be0538a603b',	'2024-08-12 20:44:50',	NULL),
('c6d29ae2-2978-492c-89b2-524296420545',	'dienthoai&phukien',	'2024-08-12 21:21:38',	'f82a04b9-c41e-4d24-bc0b-3be0538a603b',	'2024-08-12 21:21:38',	NULL),
('cf6c4bb1-e046-4745-aa6f-ccd4b04ad792',	'me&be',	'2024-08-17 11:10:24',	'f82a04b9-c41e-4d24-bc0b-3be0538a603b',	NULL,	NULL),
('e0754a0d-9a20-4ff6-951d-b66e2ec92bd7',	'sacdep',	'2024-08-13 21:32:16',	'331378bb-8e22-48e6-ac07-c5121bc70e41',	NULL,	NULL);

DROP TABLE IF EXISTS `PriceConditionVoucher`;
CREATE TABLE `PriceConditionVoucher` (
  `id` varchar(50) CHARACTER SET utf8mb4 COLLATE utf8mb4_unicode_ci NOT NULL,
  `totalMin` float DEFAULT NULL,
  `totalMax` float DEFAULT NULL,
  `priceMin` float DEFAULT NULL,
  `priceMax` float DEFAULT NULL,
  `createdAt` timestamp NOT NULL,
  `createdBy` varchar(50) CHARACTER SET utf8mb4 COLLATE utf8mb4_unicode_ci NOT NULL,
  `updatedAt` timestamp NULL DEFAULT NULL,
  `updatedBy` varchar(50) CHARACTER SET utf8mb4 COLLATE utf8mb4_unicode_ci DEFAULT NULL,
  PRIMARY KEY (`id`),
  KEY `createdBy` (`createdBy`)
) ENGINE=InnoDB DEFAULT CHARSET=utf8mb4 COLLATE=utf8mb4_unicode_ci;

INSERT INTO `PriceConditionVoucher` (`id`, `totalMin`, `totalMax`, `priceMin`, `priceMax`, `createdAt`, `createdBy`, `updatedAt`, `updatedBy`) VALUES
('0adf2e6f-0d3f-464f-a17b-eab3e2f9bdd8',	100000,	NULL,	0,	NULL,	'2024-08-14 02:36:50',	'a666dc45-29aa-4301-87bb-18cc547386be',	'2024-08-14 02:37:24',	'a666dc45-29aa-4301-87bb-18cc547386be'),
('182f8596-2a54-4bd5-8951-5f687624da00',	100000,	NULL,	NULL,	NULL,	'2024-07-28 18:35:11',	'f82a04b9-c41e-4d24-bc0b-3be0538a603b',	'2024-07-28 18:35:11',	'f82a04b9-c41e-4d24-bc0b-3be0538a603b'),
('29b66220-459e-41fe-888b-091fe2ef8961',	100000,	NULL,	30000,	NULL,	'2024-08-17 11:10:24',	'f82a04b9-c41e-4d24-bc0b-3be0538a603b',	NULL,	NULL),
('3f7b12b6-0931-4d25-b61a-d257382f66b3',	200000,	NULL,	50000,	NULL,	'2024-08-17 16:22:08',	'331378bb-8e22-48e6-ac07-c5121bc70e41',	NULL,	NULL),
('4579548b-e070-4771-82d8-0a0e674e568a',	200000,	NULL,	50000,	NULL,	'2024-08-17 18:58:45',	'331378bb-8e22-48e6-ac07-c5121bc70e41',	NULL,	NULL),
('59c7918f-0ca7-4862-8292-8d7ae5c6ef3d',	100000,	NULL,	50000,	NULL,	'2024-08-17 14:05:39',	'f82a04b9-c41e-4d24-bc0b-3be0538a603b',	'2024-08-18 06:03:29',	'f82a04b9-c41e-4d24-bc0b-3be0538a603b'),
('7e68182c-d9f5-4abc-83f2-8f3b6c0dfa5a',	100000,	NULL,	30000,	NULL,	'2024-08-17 11:00:14',	'f82a04b9-c41e-4d24-bc0b-3be0538a603b',	NULL,	NULL),
('8d824d9e-df22-4ace-a391-94e851295c3c',	100000,	NULL,	50000,	NULL,	'2024-08-17 12:01:02',	'f82a04b9-c41e-4d24-bc0b-3be0538a603b',	'2024-08-17 12:16:08',	'f82a04b9-c41e-4d24-bc0b-3be0538a603b'),
('bcd1d3de-5117-4668-ad81-f4bb17d23d5b',	100000,	NULL,	NULL,	NULL,	'2024-07-11 10:43:48',	'f82a04b9-c41e-4d24-bc0b-3be0538a603b',	NULL,	NULL),
('c3b1075a-cce2-4c51-b6e7-e71416c4ecc6',	100000,	NULL,	20000,	NULL,	'2024-08-17 08:43:10',	'331378bb-8e22-48e6-ac07-c5121bc70e41',	NULL,	NULL),
('cb6d4420-7b58-413d-9033-d5aa9fb41064',	200000,	NULL,	50000,	NULL,	'2024-08-17 17:46:19',	'331378bb-8e22-48e6-ac07-c5121bc70e41',	NULL,	NULL),
('d384b014-710f-4c32-a696-b6a4a08afc7a',	200000,	NULL,	50000,	NULL,	'2024-08-17 17:30:18',	'a666dc45-29aa-4301-87bb-18cc547386be',	NULL,	NULL),
('eb850c6b-4195-4a4e-8b2f-8cfc4dfe14d8',	100000,	NULL,	30000,	NULL,	'2024-08-17 10:41:25',	'f82a04b9-c41e-4d24-bc0b-3be0538a603b',	NULL,	NULL),
('fc35f3c7-4df4-4c06-b640-618cb4537984',	100000,	NULL,	NULL,	NULL,	'2024-08-12 20:30:58',	'f82a04b9-c41e-4d24-bc0b-3be0538a603b',	NULL,	NULL);

DROP TABLE IF EXISTS `ProductPromotion`;
CREATE TABLE `ProductPromotion` (
  `id` varchar(50) CHARACTER SET utf8mb4 COLLATE utf8mb4_unicode_ci NOT NULL,
  `productId` varchar(50) CHARACTER SET utf8mb4 COLLATE utf8mb4_unicode_ci NOT NULL,
  `name` varchar(1000) CHARACTER SET utf8mb4 COLLATE utf8mb4_unicode_ci NOT NULL,
  `image` varchar(500) CHARACTER SET utf8mb4 COLLATE utf8mb4_unicode_ci NOT NULL,
  `category` varchar(50) CHARACTER SET utf8mb4 COLLATE utf8mb4_unicode_ci NOT NULL,
  `quantity` int NOT NULL,
  `currentQuantity` int NOT NULL,
  `bought` int DEFAULT '0',
  `priceAfter` float NOT NULL,
  `isDelete` tinyint(1) NOT NULL DEFAULT '0',
  `createdAt` timestamp NOT NULL,
  `createdBy` varchar(50) CHARACTER SET utf8mb4 COLLATE utf8mb4_unicode_ci NOT NULL,
  `updatedAt` timestamp NULL DEFAULT NULL,
  `updatedBy` varchar(50) CHARACTER SET utf8mb4 COLLATE utf8mb4_unicode_ci DEFAULT NULL,
  `storePromotionId` varchar(50) CHARACTER SET utf8mb4 COLLATE utf8mb4_unicode_ci NOT NULL,
  `salePromotionId` varchar(50) CHARACTER SET utf8mb4 COLLATE utf8mb4_unicode_ci NOT NULL,
  PRIMARY KEY (`id`),
  KEY `createdBy` (`createdBy`),
  KEY `productId` (`productId`),
  KEY `isDelete` (`isDelete`),
  KEY `storePromotionId` (`storePromotionId`),
  KEY `salePromotionId` (`salePromotionId`),
  CONSTRAINT `ProductPromotion_ibfk_4` FOREIGN KEY (`storePromotionId`) REFERENCES `StorePromotion` (`id`) ON DELETE RESTRICT ON UPDATE RESTRICT,
  CONSTRAINT `ProductPromotion_ibfk_5` FOREIGN KEY (`salePromotionId`) REFERENCES `SalePromotion` (`id`)
) ENGINE=InnoDB DEFAULT CHARSET=utf8mb4 COLLATE=utf8mb4_unicode_ci;

INSERT INTO `ProductPromotion` (`id`, `productId`, `name`, `image`, `category`, `quantity`, `currentQuantity`, `bought`, `priceAfter`, `isDelete`, `createdAt`, `createdBy`, `updatedAt`, `updatedBy`, `storePromotionId`, `salePromotionId`) VALUES
('26ad1b33-b89b-4214-b50e-be58d403f216',	'03735afe-363c-464e-b6ae-d118aee76c11',	'[Mã FADEP2212 giảm 10k đơn từ 99k] Bộ Pijama Cao Cấp Chất Lụa Gấm Tay Cộc - Quần Dài',	'https://down-vn.img.susercontent.com/file/524a6ad487087b28a305bbe10b1664ad_tn',	'thoitrangnu',	5,	1,	4,	110000,	0,	'2024-08-21 18:22:52',	'f82a04b9-c41e-4d24-bc0b-3be0538a603b',	NULL,	NULL,	'9044aac4-8f76-4c51-a8f2-ea1a7931fe16',	'de2ff2f7-04e4-452a-80da-106eaf2e9793'),
('400c014f-4651-4613-9b6a-951863321324',	'207c9410-86ae-42c0-9891-b157f3ab6c95',	'Gói 5 Cây Xúc Xích Ponnie 175g/105g',	'https://down-vn.img.susercontent.com/file/7bc509c9c7f85994b94f1fb24c02db53_tn',	'bachhoaonline',	12,	0,	12,	8000,	0,	'2024-08-21 20:03:04',	'f82a04b9-c41e-4d24-bc0b-3be0538a603b',	NULL,	NULL,	'e4d778d3-65fa-40fe-b39d-28511a17e7fe',	'1ecfc28e-e68e-475a-a65e-a38df4555e83'),
('5578def9-5c56-4c86-88b2-6e7d49791e2f',	'01ffc8df-73e3-4251-92a7-5db1a8fe54d9',	'Nệm Lót Ghế Văn Phòng Nhiều Mẫu (40x40cm), Đệm Bông Ngồi Bệt Kiểu Nhật - Trang Trí Quán Cafe, Trà Sữa',	'https://down-vn.img.susercontent.com/file/4342a2283b5042b05f7dedf570b26705_tn',	'nhacua&doisong',	5,	4,	1,	35000,	0,	'2024-08-21 18:22:52',	'f82a04b9-c41e-4d24-bc0b-3be0538a603b',	NULL,	NULL,	'9044aac4-8f76-4c51-a8f2-ea1a7931fe16',	'de2ff2f7-04e4-452a-80da-106eaf2e9793'),
('5c5c6e02-f2d6-4853-bbd3-b1ca4a3d7a21',	'03735afe-363c-464e-b6ae-d118aee76c11',	'[Mã FADEP2212 giảm 10k đơn từ 99k] Bộ Pijama Cao Cấp Chất Lụa Gấm Tay Cộc - Quần Dài',	'https://down-vn.img.susercontent.com/file/524a6ad487087b28a305bbe10b1664ad_tn',	'thoitrangnu',	5,	5,	0,	110000,	0,	'2024-08-21 19:01:25',	'f82a04b9-c41e-4d24-bc0b-3be0538a603b',	NULL,	NULL,	'7399cda9-7934-4283-adcd-efea57ff1ec1',	'5c1e7c8a-7ece-4d29-ad44-4a1730b74457'),
('626eaf8d-3d26-4a37-85f4-19c444dbaac4',	'203ddd9e-dddd-4971-8f06-fe48939cd035',	'Tai nghe bluetooth M90 Pro bluetooth 5.3, chống ồn chống nước,pin trâu,cảm ứng đa điểm,lỗi 1 đổi 1 trong 3 tháng',	'https://down-vn.img.susercontent.com/file/sg-11134201-22100-pfyxu5kdp5iv6a_tn',	'thietbidientu',	10,	2,	8,	140000,	0,	'2024-08-21 20:03:04',	'f82a04b9-c41e-4d24-bc0b-3be0538a603b',	NULL,	NULL,	'e4d778d3-65fa-40fe-b39d-28511a17e7fe',	'1ecfc28e-e68e-475a-a65e-a38df4555e83'),
('99446a0c-ec34-4905-861f-3a96d2977de5',	'01c23599-2dbc-4eab-925d-202bd1939edb',	'Ốp lưng đồng hộ (smart watch)',	'https://down-vn.img.susercontent.com/file/4d575281b3baaa7d37f3f72cb480c1db_tn',	'thietbidientu',	5,	5,	0,	12000,	0,	'2024-08-21 18:22:52',	'f82a04b9-c41e-4d24-bc0b-3be0538a603b',	NULL,	NULL,	'9044aac4-8f76-4c51-a8f2-ea1a7931fe16',	'de2ff2f7-04e4-452a-80da-106eaf2e9793'),
('ac9f2fb0-ca61-47b5-bee5-3375fe226a86',	'01ffc8df-73e3-4251-92a7-5db1a8fe54d9',	'Nệm Lót Ghế Văn Phòng Nhiều Mẫu (40x40cm), Đệm Bông Ngồi Bệt Kiểu Nhật - Trang Trí Quán Cafe, Trà Sữa',	'https://down-vn.img.susercontent.com/file/4342a2283b5042b05f7dedf570b26705_tn',	'nhacua&doisong',	5,	1,	4,	37000,	0,	'2024-08-21 19:01:25',	'f82a04b9-c41e-4d24-bc0b-3be0538a603b',	NULL,	NULL,	'7399cda9-7934-4283-adcd-efea57ff1ec1',	'5c1e7c8a-7ece-4d29-ad44-4a1730b74457'),
('bbfdc3d4-9e1d-4a89-8e15-5924d9776ab3',	'01c23599-2dbc-4eab-925d-202bd1939edb',	'Ốp lưng đồng hộ (smart watch)',	'https://down-vn.img.susercontent.com/file/4d575281b3baaa7d37f3f72cb480c1db_tn',	'thietbidientu',	5,	1,	4,	13000,	0,	'2024-08-21 19:01:25',	'f82a04b9-c41e-4d24-bc0b-3be0538a603b',	NULL,	NULL,	'7399cda9-7934-4283-adcd-efea57ff1ec1',	'5c1e7c8a-7ece-4d29-ad44-4a1730b74457'),
('cfe9bd4a-9004-49c0-88ab-66ca45249cda',	'1e2d062b-f8e8-44c5-9999-9a6593965731',	'Dép L V nam quai ngang hai màu xám đen quai da dập chữ chìm loại xịn',	'https://down-vn.img.susercontent.com/file/sg-11134201-7qvdw-lf5srplm4s5b6d_tn',	'giaydepnam',	12,	1,	11,	70000,	0,	'2024-08-21 20:03:04',	'f82a04b9-c41e-4d24-bc0b-3be0538a603b',	NULL,	NULL,	'e4d778d3-65fa-40fe-b39d-28511a17e7fe',	'1ecfc28e-e68e-475a-a65e-a38df4555e83');

DROP TABLE IF EXISTS `Rating`;
CREATE TABLE `Rating` (
  `id` varchar(50) CHARACTER SET utf8mb4 COLLATE utf8mb4_unicode_ci NOT NULL,
  `storeId` varchar(50) CHARACTER SET utf8mb4 COLLATE utf8mb4_unicode_ci NOT NULL,
  `orderId` varchar(50) CHARACTER SET utf8mb4 COLLATE utf8mb4_unicode_ci NOT NULL,
  `stars` double NOT NULL,
  `comment` text CHARACTER SET utf8mb4 COLLATE utf8mb4_unicode_ci NOT NULL,
  `isReply` tinyint(1) DEFAULT '0',
  `createdBy` varchar(50) CHARACTER SET utf8mb4 COLLATE utf8mb4_unicode_ci NOT NULL,
  `createdAt` timestamp NOT NULL,
  `updatedBy` varchar(50) CHARACTER SET utf8mb4 COLLATE utf8mb4_unicode_ci DEFAULT NULL,
  `updatedAt` timestamp NULL DEFAULT NULL,
  PRIMARY KEY (`id`),
  KEY `createdBy` (`createdBy`),
  KEY `orderId` (`orderId`),
  KEY `storeId` (`storeId`),
  KEY `stars` (`stars`),
  KEY `isReply` (`isReply`),
  CONSTRAINT `Rating_ibfk_4` FOREIGN KEY (`storeId`) REFERENCES `Store` (`id`)
) ENGINE=InnoDB DEFAULT CHARSET=utf8mb4 COLLATE=utf8mb4_unicode_ci;

INSERT INTO `Rating` (`id`, `storeId`, `orderId`, `stars`, `comment`, `isReply`, `createdBy`, `createdAt`, `updatedBy`, `updatedAt`) VALUES
('19569652-5bc0-48f9-be76-a02c73c836b3',	'de51b1b6-ed27-49b7-a804-57b7992cbc81',	'a4de166a-0679-466f-9301-b318f2175b67',	4,	'Sản phẩm ok lấm shop',	1,	'27c92220-57c0-4263-bf24-f92155ec7de6',	'2024-08-19 07:29:25',	NULL,	'2024-08-19 07:32:20'),
('258046d0-2ff5-48fc-b131-d84ffd6e57cb',	'465d9c2f-cbb7-4d53-943d-0b902f51861f',	'1115cb47-eaa9-4d66-a811-11ea7f287050',	4,	'CHất lượng phục vụ tốt',	1,	'bc119302-99fb-44b3-b07f-64eef34454cd',	'2024-08-11 11:13:10',	NULL,	'2024-08-11 11:13:32'),
('78a14c7f-df13-4c4d-9c6b-efcb91b010c8',	'41c73d8c-8e0d-4816-9314-f9244af3cd00',	'67252599-f934-4124-84ee-b804bbbb9938',	4,	'Shop phục vụ nhiệt tình, con mèo đẹp',	1,	'22c4cdea-30a6-40df-8dcd-cc606c9db7cc',	'2024-08-13 20:54:43',	NULL,	'2024-08-13 21:22:13'),
('8f6a5ad5-85a9-4861-80c8-5bec2632562c',	'de51b1b6-ed27-49b7-a804-57b7992cbc81',	'76323f1a-1036-4b97-b482-e56d48cfecef',	2,	'Con meo ok',	1,	'3206fa68-bd29-4fec-8174-c067ed4beb79',	'2024-07-23 13:45:54',	NULL,	'2024-08-12 19:20:30'),
('94e4a870-ec16-4160-9a31-015e83d19cdb',	'de51b1b6-ed27-49b7-a804-57b7992cbc81',	'05b4064f-09a6-49f9-991b-b72940ba6341',	4,	'Sanr pham ok lam',	1,	'3206fa68-bd29-4fec-8174-c067ed4beb79',	'2024-07-23 12:43:40',	NULL,	'2024-08-18 11:48:05'),
('add04d18-1f32-48af-b8bb-6770fe34ad64',	'de51b1b6-ed27-49b7-a804-57b7992cbc81',	'7f6b1f28-f0fc-480f-8a80-10c1cf777052',	4,	'Ok lam',	1,	'a226f227-c629-4c75-98ca-e56a3dab016e',	'2024-07-22 12:47:44',	NULL,	'2024-07-22 13:51:30'),
('b3da9268-6d7f-48a8-80e8-c814d385f547',	'de51b1b6-ed27-49b7-a804-57b7992cbc81',	'98863812-4a46-4f1b-90f0-aa6773c167020',	4,	'Bình nước ok, thái độ phục vụ cửa hàng rất tốt',	1,	'27c92220-57c0-4263-bf24-f92155ec7de6',	'2024-08-18 11:21:49',	NULL,	'2024-08-19 07:33:25'),
('b421db9c-102b-4071-9138-d309e547cb7b',	'465d9c2f-cbb7-4d53-943d-0b902f51861f',	'41d292cb-b859-40eb-a32e-8febd4ea2ee7',	5,	'Con chó dễ thương lấm',	1,	'64874f2a-8d6f-4b22-bae3-f8dd701f2ee0',	'2024-08-14 02:38:39',	NULL,	'2024-08-14 02:39:22'),
('d55e9760-0d0a-4855-a6ea-1754872eb38b',	'de51b1b6-ed27-49b7-a804-57b7992cbc81',	'a2a7e643-38b9-49b7-9c9c-0f13b296a624',	2,	'San pham hoi te',	1,	'3206fa68-bd29-4fec-8174-c067ed4beb79',	'2024-07-23 12:49:43',	NULL,	'2024-08-19 07:34:49'),
('f8151c11-7ff4-4d0c-bb05-0922c09b737d',	'de51b1b6-ed27-49b7-a804-57b7992cbc81',	'6147147d-e62a-4ed3-8038-e19af3ae1a73',	4,	'San pham tot',	1,	'7d4a0ef3-5ab0-45ab-b4c1-c049596e2749',	'2024-08-06 14:49:33',	NULL,	'2024-08-19 07:36:58');

DROP TABLE IF EXISTS `RatingMaterial`;
CREATE TABLE `RatingMaterial` (
  `id` varchar(50) CHARACTER SET utf8mb4 COLLATE utf8mb4_unicode_ci NOT NULL,
  `url` tinytext CHARACTER SET utf8mb4 COLLATE utf8mb4_unicode_ci NOT NULL,
  `isPrimary` tinyint(1) DEFAULT '0',
  `ratingId` varchar(50) CHARACTER SET utf8mb4 COLLATE utf8mb4_unicode_ci DEFAULT NULL,
  `ratingReplyId` varchar(50) CHARACTER SET utf8mb4 COLLATE utf8mb4_unicode_ci DEFAULT NULL,
  PRIMARY KEY (`id`),
  KEY `ratingId` (`ratingId`),
  KEY `isPrimary` (`isPrimary`)
) ENGINE=InnoDB DEFAULT CHARSET=utf8mb4 COLLATE=utf8mb4_unicode_ci;

INSERT INTO `RatingMaterial` (`id`, `url`, `isPrimary`, `ratingId`, `ratingReplyId`) VALUES
('14401e5f-c630-4c79-9a90-a8bb46e72443',	'https://vanlocbucket.s3.ap-southeast-2.amazonaws.com/558078ed-2bf7-4912-a160-c1001052dd7b_doghello.jpg',	0,	'94e4a870-ec16-4160-9a31-015e83d19cdb',	NULL),
('2786bb03-b251-4b6b-8f47-b0e3f3a8a784',	'https://vanlocbucket.s3.ap-southeast-2.amazonaws.com/328b28ad-23d1-48ca-a7ed-455e7b9bb0ae_dog.jpg',	0,	'19569652-5bc0-48f9-be76-a02c73c836b3',	NULL),
('4f5aefbd-3e75-449c-b895-ae5a0e0f78dd',	'https://vanlocbucket.s3.ap-southeast-2.amazonaws.com/69ac86ca-b888-4330-b643-ba5c90d5970f_doghello.jpg',	0,	'b3da9268-6d7f-48a8-80e8-c814d385f547',	NULL),
('56c4601e-d1f7-4e86-a718-4294dd1787fd',	'https://vanlocbucket.s3.ap-southeast-2.amazonaws.com/db8ba8ab-dcdc-446b-842d-8ba9e25dc6d3_ImageBig.jpg',	0,	'd55e9760-0d0a-4855-a6ea-1754872eb38b',	NULL),
('5ab439ff-1b16-4bb8-bfae-b72054d78cf2',	'https://vanlocbucket.s3.ap-southeast-2.amazonaws.com/99a78c75-75bf-4080-828d-8a31adce5989_doghello.jpg',	0,	'add04d18-1f32-48af-b8bb-6770fe34ad64',	NULL),
('8d77f5a3-427d-4ac1-829a-437be5c79279',	'https://vanlocbucket.s3.ap-southeast-2.amazonaws.com/fa0a8f7f-8d0c-4cda-be73-bee56c348a1c_doghello.jpg',	0,	'f8151c11-7ff4-4d0c-bb05-0922c09b737d',	NULL),
('9987f7c8-275d-40df-8cea-fb8c4a057a6b',	'https://vanlocbucket.s3.ap-southeast-2.amazonaws.com/73a3dd13-9ce2-4fc9-9242-31aaddfc3502_catliuliu.jpg',	0,	'8f6a5ad5-85a9-4861-80c8-5bec2632562c',	NULL),
('d0b29da5-6b66-41c1-a41a-1c3c89e4d3df',	'https://vanlocbucket.s3.ap-southeast-2.amazonaws.com/56c42c23-aae1-411d-bf0c-8ef0ea1992f6_meokhantam.jpg',	0,	'78a14c7f-df13-4c4d-9c6b-efcb91b010c8',	NULL),
('e66fd900-e02d-4dcc-a247-2c1a3b6706a1',	'https://vanlocbucket.s3.ap-southeast-2.amazonaws.com/53cbcd00-a845-4a63-8292-0113d193e429_doghello.jpg',	0,	'b421db9c-102b-4071-9138-d309e547cb7b',	NULL),
('e732ed87-f2c0-4113-ab7a-0ecae90e1372',	'https://vanlocbucket.s3.ap-southeast-2.amazonaws.com/74261345-3354-4437-9af1-50e54e7aa5aa_2024-07-26_105908.png',	0,	'258046d0-2ff5-48fc-b131-d84ffd6e57cb',	NULL);

DROP TABLE IF EXISTS `RatingReply`;
CREATE TABLE `RatingReply` (
  `id` varchar(50) CHARACTER SET utf8mb4 COLLATE utf8mb4_unicode_ci NOT NULL,
  `parentRatingId` varchar(50) CHARACTER SET utf8mb4 COLLATE utf8mb4_unicode_ci NOT NULL,
  `detail` text CHARACTER SET utf8mb4 COLLATE utf8mb4_unicode_ci NOT NULL,
  `createdAt` timestamp NOT NULL,
  `createdBy` varchar(50) CHARACTER SET utf8mb4 COLLATE utf8mb4_unicode_ci NOT NULL,
  `updatedAt` timestamp NULL DEFAULT NULL,
  `updatedBy` varchar(50) CHARACTER SET utf8mb4 COLLATE utf8mb4_unicode_ci DEFAULT NULL,
  PRIMARY KEY (`id`),
  KEY `createdBy` (`createdBy`),
  KEY `parentRatingId` (`parentRatingId`),
  CONSTRAINT `RatingReply_ibfk_3` FOREIGN KEY (`parentRatingId`) REFERENCES `Rating` (`id`)
) ENGINE=InnoDB DEFAULT CHARSET=utf8mb4 COLLATE=utf8mb4_unicode_ci;

INSERT INTO `RatingReply` (`id`, `parentRatingId`, `detail`, `createdAt`, `createdBy`, `updatedAt`, `updatedBy`) VALUES
('0abc8cb3-0748-4d96-943b-74859ef731b9',	'b3da9268-6d7f-48a8-80e8-c814d385f547',	'Dạ em cám ơn ạ',	'2024-08-19 07:33:25',	'f82a04b9-c41e-4d24-bc0b-3be0538a603b',	NULL,	NULL),
('3a304063-72cc-4d7e-9c8a-037190c6466a',	'f8151c11-7ff4-4d0c-bb05-0922c09b737d',	'Daj',	'2024-08-19 07:36:58',	'f82a04b9-c41e-4d24-bc0b-3be0538a603b',	NULL,	NULL),
('3b610bfe-c2d1-490a-8095-2a9a21146910',	'78a14c7f-df13-4c4d-9c6b-efcb91b010c8',	'Dạ em cám ơn ạ',	'2024-08-13 21:22:13',	'dc34e2c7-fef8-412a-ba0e-63cf7730bc86',	NULL,	NULL),
('426dc8d7-1eea-4db3-9ed3-a0ad129f22be',	'8f6a5ad5-85a9-4861-80c8-5bec2632562c',	'Dạ shop cám ơn ạ',	'2024-08-12 19:20:30',	'f82a04b9-c41e-4d24-bc0b-3be0538a603b',	NULL,	NULL),
('a03a4f66-c6de-4bc9-a09a-c689e92cb8c8',	'94e4a870-ec16-4160-9a31-015e83d19cdb',	'Dạ em cám ơn ạ',	'2024-08-18 11:48:05',	'f82a04b9-c41e-4d24-bc0b-3be0538a603b',	NULL,	NULL),
('bd6c0465-2d74-4464-aed1-84a12514c79e',	'258046d0-2ff5-48fc-b131-d84ffd6e57cb',	'Dạ em cám ơn khách',	'2024-08-11 11:13:32',	'a666dc45-29aa-4301-87bb-18cc547386be',	NULL,	NULL),
('d33bc2aa-aa57-4e0c-8765-1c9b1a41986f',	'add04d18-1f32-48af-b8bb-6770fe34ad64',	'Dạ em cám ơn ạ',	'2024-07-22 13:51:30',	'f82a04b9-c41e-4d24-bc0b-3be0538a603b',	NULL,	NULL),
('dab57028-80e9-4497-a8bf-bcc06b2d512f',	'd55e9760-0d0a-4855-a6ea-1754872eb38b',	'Dạ em cám ơn ạ',	'2024-08-19 07:34:49',	'f82a04b9-c41e-4d24-bc0b-3be0538a603b',	NULL,	NULL),
('ef5124da-58c8-4a2b-9d0f-4062af673fe5',	'b421db9c-102b-4071-9138-d309e547cb7b',	'Dạ chó nhà em mà hihi',	'2024-08-14 02:39:22',	'a666dc45-29aa-4301-87bb-18cc547386be',	NULL,	NULL),
('fd174b55-8095-402e-9923-d7b9c0de3763',	'19569652-5bc0-48f9-be76-a02c73c836b3',	'Dạ em cám ơn ạ',	'2024-08-19 07:32:20',	'f82a04b9-c41e-4d24-bc0b-3be0538a603b',	NULL,	NULL);

DROP TABLE IF EXISTS `SalePromotion`;
CREATE TABLE `SalePromotion` (
  `id` varchar(50) CHARACTER SET utf8mb4 COLLATE utf8mb4_unicode_ci NOT NULL,
  `title` tinytext CHARACTER SET utf8mb4 COLLATE utf8mb4_unicode_ci NOT NULL,
  `description` text CHARACTER SET utf8mb4 COLLATE utf8mb4_unicode_ci,
  `type` varchar(50) CHARACTER SET utf8mb4 COLLATE utf8mb4_unicode_ci NOT NULL,
  `categoryId` varchar(50) CHARACTER SET utf8mb4 COLLATE utf8mb4_unicode_ci DEFAULT NULL,
  `status` varchar(50) CHARACTER SET utf8mb4 COLLATE utf8mb4_unicode_ci NOT NULL,
  `startDate` timestamp NOT NULL,
  `endDate` timestamp NULL DEFAULT NULL,
  `createdAt` timestamp NOT NULL,
  `createdBy` varchar(50) CHARACTER SET utf8mb4 COLLATE utf8mb4_unicode_ci NOT NULL,
  `updatedAt` timestamp NULL DEFAULT NULL,
  `updatedBy` varchar(50) CHARACTER SET utf8mb4 COLLATE utf8mb4_unicode_ci DEFAULT NULL,
  PRIMARY KEY (`id`),
  KEY `status` (`status`),
  KEY `startDate` (`startDate`),
  KEY `endDate` (`endDate`),
  KEY `type` (`type`)
) ENGINE=InnoDB DEFAULT CHARSET=utf8mb4 COLLATE=utf8mb4_unicode_ci;

INSERT INTO `SalePromotion` (`id`, `title`, `description`, `type`, `categoryId`, `status`, `startDate`, `endDate`, `createdAt`, `createdBy`, `updatedAt`, `updatedBy`) VALUES
('0092d929-b316-487a-9b8d-6d2d32aec3a6',	'Daily Sale 22:00 19-08-2024',	'Chương trình giảm giá hằng ngày kích cầu mua sắm 22:00 19-08-2024',	'NORMAL',	NULL,	'BLOCK',	'2024-08-19 22:00:00',	'2024-08-19 23:00:00',	'2024-08-21 17:59:00',	'system',	NULL,	NULL),
('00fc5902-382e-4247-bace-231f222a0a5a',	'Daily Sale 22:00 20-08-2024',	'Chương trình giảm giá hằng ngày kích cầu mua sắm 22:00 20-08-2024',	'NORMAL',	NULL,	'BLOCK',	'2024-08-20 22:00:00',	'2024-08-20 23:00:00',	'2024-08-21 17:59:04',	'system',	NULL,	NULL),
('020ade9e-4a9f-4d9d-ba47-03b66c6672f2',	'Daily Sale 13:00 19-08-2024',	'Chương trình giảm giá hằng ngày kích cầu mua sắm 13:00 19-08-2024',	'NORMAL',	NULL,	'BLOCK',	'2024-08-19 13:00:00',	'2024-08-19 14:00:00',	'2024-08-21 17:59:00',	'system',	NULL,	NULL),
('034c5200-c240-4758-989a-3beda9f08f50',	'Daily Sale 15:00 23-08-2024',	'Chương trình giảm giá hằng ngày kích cầu mua sắm 15:00 23-08-2024',	'NORMAL',	NULL,	'BLOCK',	'2024-08-23 15:00:00',	'2024-08-23 16:00:00',	'2024-08-21 17:59:16',	'system',	NULL,	NULL),
('03fb0ebe-345a-4693-b099-92eed2cb7c09',	'Daily Sale 07:00 19-08-2024',	'Chương trình giảm giá hằng ngày kích cầu mua sắm 07:00 19-08-2024',	'NORMAL',	NULL,	'BLOCK',	'2024-08-19 07:00:00',	'2024-08-19 08:00:00',	'2024-08-21 17:59:00',	'system',	NULL,	NULL),
('04f570fd-6f63-4ba6-bf06-b82fa3326075',	'Daily Sale 17:00 23-08-2024',	'Chương trình giảm giá hằng ngày kích cầu mua sắm 17:00 23-08-2024',	'NORMAL',	NULL,	'BLOCK',	'2024-08-23 17:00:00',	'2024-08-23 18:00:00',	'2024-08-21 17:59:16',	'system',	NULL,	NULL),
('06508c91-432a-4d7b-824c-1fa4f85aa992',	'Daily Sale 18:00 25-08-2024',	'Chương trình giảm giá hằng ngày kích cầu mua sắm 18:00 25-08-2024',	'NORMAL',	NULL,	'BLOCK',	'2024-08-25 18:00:00',	'2024-08-25 19:00:00',	'2024-08-21 17:59:24',	'system',	NULL,	NULL),
('078057b7-bb4c-4955-8754-62b0edace828',	'Daily Sale 15:00 20-08-2024',	'Chương trình giảm giá hằng ngày kích cầu mua sắm 15:00 20-08-2024',	'NORMAL',	NULL,	'BLOCK',	'2024-08-20 15:00:00',	'2024-08-20 16:00:00',	'2024-08-21 17:59:04',	'system',	NULL,	NULL),
('09483269-48de-4182-a8ac-4c87e19bf9ed',	'Daily Sale 05:00 24-08-2024',	'Chương trình giảm giá hằng ngày kích cầu mua sắm 05:00 24-08-2024',	'NORMAL',	NULL,	'BLOCK',	'2024-08-24 05:00:00',	'2024-08-24 06:00:00',	'2024-08-21 17:59:20',	'system',	NULL,	NULL),
('0a8aa0af-25e3-4d54-b217-d6667862c183',	'Daily Sale 07:00 22-08-2024',	'Chương trình giảm giá hằng ngày kích cầu mua sắm 07:00 22-08-2024',	'NORMAL',	NULL,	'BLOCK',	'2024-08-22 07:00:00',	'2024-08-22 08:00:00',	'2024-08-21 17:59:12',	'system',	NULL,	NULL),
('0b17d761-d38c-4c5d-b903-eb16081709d4',	'Daily Sale 18:00 19-08-2024',	'Chương trình giảm giá hằng ngày kích cầu mua sắm 18:00 19-08-2024',	'NORMAL',	NULL,	'BLOCK',	'2024-08-19 18:00:00',	'2024-08-19 19:00:00',	'2024-08-21 17:59:00',	'system',	NULL,	NULL),
('0c0e8d96-91e1-4db8-8588-69bba0883c3f',	'Daily Sale 17:00 19-08-2024',	'Chương trình giảm giá hằng ngày kích cầu mua sắm 17:00 19-08-2024',	'NORMAL',	NULL,	'BLOCK',	'2024-08-19 17:00:00',	'2024-08-19 18:00:00',	'2024-08-21 17:59:00',	'system',	NULL,	NULL),
('0c5d134f-34c5-428f-b70a-8f01d4ab2067',	'Daily Sale 09:00 21-08-2024',	'Chương trình giảm giá hằng ngày kích cầu mua sắm 09:00 21-08-2024',	'NORMAL',	NULL,	'BLOCK',	'2024-08-21 09:00:00',	'2024-08-21 10:00:00',	'2024-08-21 17:59:08',	'system',	NULL,	NULL),
('0f9c30df-3b19-4e12-bab3-3401770175a6',	'Daily Sale 21:00 25-08-2024',	'Chương trình giảm giá hằng ngày kích cầu mua sắm 21:00 25-08-2024',	'NORMAL',	NULL,	'BLOCK',	'2024-08-25 21:00:00',	'2024-08-25 22:00:00',	'2024-08-21 17:59:24',	'system',	NULL,	NULL),
('13c73b9b-7483-42cc-84e1-193620ed319e',	'Daily Sale 23:00 19-08-2024',	'Chương trình giảm giá hằng ngày kích cầu mua sắm 23:00 19-08-2024',	'NORMAL',	NULL,	'BLOCK',	'2024-08-19 23:00:00',	'2024-08-20 00:00:00',	'2024-08-21 17:59:00',	'system',	NULL,	NULL),
('14daf506-a1c1-4f17-9cbe-fddeed7849d2',	'Daily Sale 00:00 22-08-2024',	'Chương trình giảm giá hằng ngày kích cầu mua sắm 00:00 22-08-2024',	'NORMAL',	NULL,	'BLOCK',	'2024-08-22 00:00:00',	'2024-08-22 01:00:00',	'2024-08-21 17:59:12',	'system',	NULL,	NULL),
('175ce0dd-fef0-4e14-a832-6f18707c5be8',	'Daily Sale 10:00 25-08-2024',	'Chương trình giảm giá hằng ngày kích cầu mua sắm 10:00 25-08-2024',	'NORMAL',	NULL,	'BLOCK',	'2024-08-25 10:00:00',	'2024-08-25 11:00:00',	'2024-08-21 17:59:24',	'system',	NULL,	NULL),
('17e2ba7b-9d32-4819-8431-d2ca360570cc',	'Daily Sale 10:00 19-08-2024',	'Chương trình giảm giá hằng ngày kích cầu mua sắm 10:00 19-08-2024',	'NORMAL',	NULL,	'BLOCK',	'2024-08-19 10:00:00',	'2024-08-19 11:00:00',	'2024-08-21 17:59:00',	'system',	NULL,	NULL),
('1910decb-f486-4ceb-b519-893d027bafa7',	'Daily Sale 12:00 25-08-2024',	'Chương trình giảm giá hằng ngày kích cầu mua sắm 12:00 25-08-2024',	'NORMAL',	NULL,	'BLOCK',	'2024-08-25 12:00:00',	'2024-08-25 13:00:00',	'2024-08-21 17:59:24',	'system',	NULL,	NULL),
('1aab1b42-a0a1-49b3-85f1-3dab90718951',	'Daily Sale 22:00 24-08-2024',	'Chương trình giảm giá hằng ngày kích cầu mua sắm 22:00 24-08-2024',	'NORMAL',	NULL,	'BLOCK',	'2024-08-24 22:00:00',	'2024-08-24 23:00:00',	'2024-08-21 17:59:20',	'system',	NULL,	NULL),
('1ca4f01d-24d2-4bff-85c4-caf4b239c18f',	'Daily Sale 06:00 25-08-2024',	'Chương trình giảm giá hằng ngày kích cầu mua sắm 06:00 25-08-2024',	'NORMAL',	NULL,	'BLOCK',	'2024-08-25 06:00:00',	'2024-08-25 07:00:00',	'2024-08-21 17:59:24',	'system',	NULL,	NULL),
('1df6477b-cf99-4895-bd62-7498d785a9d1',	'Daily Sale 11:00 20-08-2024',	'Chương trình giảm giá hằng ngày kích cầu mua sắm 11:00 20-08-2024',	'NORMAL',	NULL,	'BLOCK',	'2024-08-20 11:00:00',	'2024-08-20 12:00:00',	'2024-08-21 17:59:04',	'system',	NULL,	NULL),
('1e03469a-d874-4d37-949c-f98e7635e21e',	'Daily Sale 12:00 21-08-2024',	'Chương trình giảm giá hằng ngày kích cầu mua sắm 12:00 21-08-2024',	'NORMAL',	NULL,	'BLOCK',	'2024-08-21 12:00:00',	'2024-08-21 13:00:00',	'2024-08-21 17:59:08',	'system',	NULL,	NULL),
('1ecfc28e-e68e-475a-a65e-a38df4555e83',	'Daily Sale 03:00 22-08-2024',	'Chương trình giảm giá hằng ngày kích cầu mua sắm 03:00 22-08-2024',	'NORMAL',	NULL,	'BLOCK',	'2024-08-22 03:00:00',	'2024-08-22 04:00:00',	'2024-08-21 17:59:12',	'system',	'2024-08-21 21:00:00',	'system'),
('229ba66c-9da6-4840-981c-66e0ef4d87a6',	'Daily Sale 06:00 24-08-2024',	'Chương trình giảm giá hằng ngày kích cầu mua sắm 06:00 24-08-2024',	'NORMAL',	NULL,	'BLOCK',	'2024-08-24 06:00:00',	'2024-08-24 07:00:00',	'2024-08-21 17:59:20',	'system',	NULL,	NULL),
('22f97c20-68e2-404a-8500-40d98e4b9a74',	'Daily Sale 16:00 22-08-2024',	'Chương trình giảm giá hằng ngày kích cầu mua sắm 16:00 22-08-2024',	'NORMAL',	NULL,	'BLOCK',	'2024-08-22 16:00:00',	'2024-08-22 17:00:00',	'2024-08-21 17:59:12',	'system',	NULL,	NULL),
('26fb1622-827a-44ab-81e6-5ca782c41115',	'Daily Sale 23:00 25-08-2024',	'Chương trình giảm giá hằng ngày kích cầu mua sắm 23:00 25-08-2024',	'NORMAL',	NULL,	'BLOCK',	'2024-08-25 23:00:00',	'2024-08-26 00:00:00',	'2024-08-21 17:59:24',	'system',	NULL,	NULL),
('27e6dc77-ccfd-45e9-a90d-61bcd0d61bf8',	'Daily Sale 09:00 22-08-2024',	'Chương trình giảm giá hằng ngày kích cầu mua sắm 09:00 22-08-2024',	'NORMAL',	NULL,	'BLOCK',	'2024-08-22 09:00:00',	'2024-08-22 10:00:00',	'2024-08-21 17:59:12',	'system',	NULL,	NULL),
('28acbfef-a673-4ebe-982b-58d1020044cb',	'Daily Sale 15:00 22-08-2024',	'Chương trình giảm giá hằng ngày kích cầu mua sắm 15:00 22-08-2024',	'NORMAL',	NULL,	'BLOCK',	'2024-08-22 15:00:00',	'2024-08-22 16:00:00',	'2024-08-21 17:59:12',	'system',	NULL,	NULL),
('2a526f4e-889e-4972-b796-b7b280db494b',	'Daily Sale 20:00 21-08-2024',	'Chương trình giảm giá hằng ngày kích cầu mua sắm 20:00 21-08-2024',	'NORMAL',	NULL,	'BLOCK',	'2024-08-21 20:00:00',	'2024-08-21 21:00:00',	'2024-08-21 17:59:08',	'system',	NULL,	NULL),
('2b1f2ace-5a93-4f8c-8a38-69f4f8f01d4f',	'Daily Sale 14:00 21-08-2024',	'Chương trình giảm giá hằng ngày kích cầu mua sắm 14:00 21-08-2024',	'NORMAL',	NULL,	'BLOCK',	'2024-08-21 14:00:00',	'2024-08-21 15:00:00',	'2024-08-21 17:59:08',	'system',	NULL,	NULL),
('2b84bdda-654a-4dc5-be0f-ddecfbe6a8a0',	'Daily Sale 13:00 22-08-2024',	'Chương trình giảm giá hằng ngày kích cầu mua sắm 13:00 22-08-2024',	'NORMAL',	NULL,	'BLOCK',	'2024-08-22 13:00:00',	'2024-08-22 14:00:00',	'2024-08-21 17:59:12',	'system',	NULL,	NULL),
('2b8d010a-ee17-47a3-91bf-6c68b03356da',	'Daily Sale 12:00 22-08-2024',	'Chương trình giảm giá hằng ngày kích cầu mua sắm 12:00 22-08-2024',	'NORMAL',	NULL,	'BLOCK',	'2024-08-22 12:00:00',	'2024-08-22 13:00:00',	'2024-08-21 17:59:12',	'system',	NULL,	NULL),
('31d4d89a-4721-4114-b765-3dfc4384815b',	'Daily Sale 21:00 23-08-2024',	'Chương trình giảm giá hằng ngày kích cầu mua sắm 21:00 23-08-2024',	'NORMAL',	NULL,	'BLOCK',	'2024-08-23 21:00:00',	'2024-08-23 22:00:00',	'2024-08-21 17:59:16',	'system',	NULL,	NULL),
('329597aa-503c-4fa8-97b2-bab843ced422',	'Daily Sale 02:00 25-08-2024',	'Chương trình giảm giá hằng ngày kích cầu mua sắm 02:00 25-08-2024',	'NORMAL',	NULL,	'BLOCK',	'2024-08-25 02:00:00',	'2024-08-25 03:00:00',	'2024-08-21 17:59:24',	'system',	NULL,	NULL),
('34c3eeb6-b025-4283-814d-c21b61892188',	'Daily Sale 17:00 21-08-2024',	'Chương trình giảm giá hằng ngày kích cầu mua sắm 17:00 21-08-2024',	'NORMAL',	NULL,	'BLOCK',	'2024-08-21 17:00:00',	'2024-08-21 18:00:00',	'2024-08-21 17:59:08',	'system',	NULL,	NULL),
('35dd293f-6b45-441c-b279-6620c34eeb31',	'Daily Sale 18:00 23-08-2024',	'Chương trình giảm giá hằng ngày kích cầu mua sắm 18:00 23-08-2024',	'NORMAL',	NULL,	'BLOCK',	'2024-08-23 18:00:00',	'2024-08-23 19:00:00',	'2024-08-21 17:59:16',	'system',	NULL,	NULL),
('364ac53a-902c-4b3c-9d0e-bdd55904547c',	'Daily Sale 20:00 22-08-2024',	'Chương trình giảm giá hằng ngày kích cầu mua sắm 20:00 22-08-2024',	'NORMAL',	NULL,	'BLOCK',	'2024-08-22 20:00:00',	'2024-08-22 21:00:00',	'2024-08-21 17:59:12',	'system',	NULL,	NULL),
('3a9eba6b-c94d-49f4-a9f7-0230c4d5e453',	'Daily Sale 14:00 24-08-2024',	'Chương trình giảm giá hằng ngày kích cầu mua sắm 14:00 24-08-2024',	'NORMAL',	NULL,	'BLOCK',	'2024-08-24 14:00:00',	'2024-08-24 15:00:00',	'2024-08-21 17:59:20',	'system',	NULL,	NULL),
('3b8e90ac-825e-402e-b481-d927d9242c58',	'Daily Sale 11:00 25-08-2024',	'Chương trình giảm giá hằng ngày kích cầu mua sắm 11:00 25-08-2024',	'NORMAL',	NULL,	'BLOCK',	'2024-08-25 11:00:00',	'2024-08-25 12:00:00',	'2024-08-21 17:59:24',	'system',	NULL,	NULL),
('3c43dde4-3532-444d-9f10-a271e6ac6601',	'Daily Sale 10:00 20-08-2024',	'Chương trình giảm giá hằng ngày kích cầu mua sắm 10:00 20-08-2024',	'NORMAL',	NULL,	'BLOCK',	'2024-08-20 10:00:00',	'2024-08-20 11:00:00',	'2024-08-21 17:59:04',	'system',	NULL,	NULL),
('3c4a3ee9-a809-4129-b410-5fa6625acca1',	'Daily Sale 03:00 19-08-2024',	'Chương trình giảm giá hằng ngày kích cầu mua sắm 03:00 19-08-2024',	'NORMAL',	NULL,	'BLOCK',	'2024-08-19 03:00:00',	'2024-08-19 04:00:00',	'2024-08-21 17:59:00',	'system',	NULL,	NULL),
('3c9b60cc-0b79-4824-bcb4-05df4f1d0ecc',	'Daily Sale 18:00 22-08-2024',	'Chương trình giảm giá hằng ngày kích cầu mua sắm 18:00 22-08-2024',	'NORMAL',	NULL,	'BLOCK',	'2024-08-22 18:00:00',	'2024-08-22 19:00:00',	'2024-08-21 17:59:12',	'system',	NULL,	NULL),
('3d810f12-8917-41fb-97f5-7221ced32302',	'Daily Sale 17:00 20-08-2024',	'Chương trình giảm giá hằng ngày kích cầu mua sắm 17:00 20-08-2024',	'NORMAL',	NULL,	'BLOCK',	'2024-08-20 17:00:00',	'2024-08-20 18:00:00',	'2024-08-21 17:59:04',	'system',	NULL,	NULL),
('3f3bdabe-f9ef-4aae-9790-77dde8f7e178',	'Daily Sale 22:00 23-08-2024',	'Chương trình giảm giá hằng ngày kích cầu mua sắm 22:00 23-08-2024',	'NORMAL',	NULL,	'BLOCK',	'2024-08-23 22:00:00',	'2024-08-23 23:00:00',	'2024-08-21 17:59:16',	'system',	NULL,	NULL),
('3f4e6786-7424-4b63-8571-3224f9125211',	'Daily Sale 08:00 23-08-2024',	'Chương trình giảm giá hằng ngày kích cầu mua sắm 08:00 23-08-2024',	'NORMAL',	NULL,	'BLOCK',	'2024-08-23 08:00:00',	'2024-08-23 09:00:00',	'2024-08-21 17:59:16',	'system',	NULL,	NULL),
('3f8a2a49-dfbf-46bc-a756-16fca1d71d24',	'Daily Sale 18:00 24-08-2024',	'Chương trình giảm giá hằng ngày kích cầu mua sắm 18:00 24-08-2024',	'NORMAL',	NULL,	'BLOCK',	'2024-08-24 18:00:00',	'2024-08-24 19:00:00',	'2024-08-21 17:59:20',	'system',	NULL,	NULL),
('41a0f61f-7a24-45ca-8a03-78116c5b3017',	'Daily Sale 02:00 24-08-2024',	'Chương trình giảm giá hằng ngày kích cầu mua sắm 02:00 24-08-2024',	'NORMAL',	NULL,	'BLOCK',	'2024-08-24 02:00:00',	'2024-08-24 03:00:00',	'2024-08-21 17:59:20',	'system',	NULL,	NULL),
('41c0a644-77fb-4d98-9820-48f4a3099018',	'Daily Sale 00:00 23-08-2024',	'Chương trình giảm giá hằng ngày kích cầu mua sắm 00:00 23-08-2024',	'NORMAL',	NULL,	'BLOCK',	'2024-08-23 00:00:00',	'2024-08-23 01:00:00',	'2024-08-21 17:59:16',	'system',	NULL,	NULL),
('422a2811-5b55-4387-9c15-b5f461dbf9d7',	'Daily Sale 11:00 23-08-2024',	'Chương trình giảm giá hằng ngày kích cầu mua sắm 11:00 23-08-2024',	'NORMAL',	NULL,	'BLOCK',	'2024-08-23 11:00:00',	'2024-08-23 12:00:00',	'2024-08-21 17:59:16',	'system',	NULL,	NULL),
('43a1fc10-0a5d-43c5-8799-6afcd890e516',	'Daily Sale 01:00 25-08-2024',	'Chương trình giảm giá hằng ngày kích cầu mua sắm 01:00 25-08-2024',	'NORMAL',	NULL,	'BLOCK',	'2024-08-25 01:00:00',	'2024-08-25 02:00:00',	'2024-08-21 17:59:24',	'system',	NULL,	NULL),
('452bdef3-a7ce-4172-9921-30b988c4e26e',	'Daily Sale 09:00 20-08-2024',	'Chương trình giảm giá hằng ngày kích cầu mua sắm 09:00 20-08-2024',	'NORMAL',	NULL,	'BLOCK',	'2024-08-20 09:00:00',	'2024-08-20 10:00:00',	'2024-08-21 17:59:04',	'system',	NULL,	NULL),
('47a01d09-35d1-4f7b-a8c0-9cbfeaf4279a',	'Daily Sale 02:00 19-08-2024',	'Chương trình giảm giá hằng ngày kích cầu mua sắm 02:00 19-08-2024',	'NORMAL',	NULL,	'BLOCK',	'2024-08-19 02:00:00',	'2024-08-19 03:00:00',	'2024-08-21 17:59:00',	'system',	NULL,	NULL),
('47d98e57-345c-4d99-91eb-a31c46da7d67',	'Daily Sale 05:00 20-08-2024',	'Chương trình giảm giá hằng ngày kích cầu mua sắm 05:00 20-08-2024',	'NORMAL',	NULL,	'BLOCK',	'2024-08-20 05:00:00',	'2024-08-20 06:00:00',	'2024-08-21 17:59:04',	'system',	NULL,	NULL),
('497feea5-13ad-4e0f-8276-c1a636707e98',	'Daily Sale 00:00 19-08-2024',	'Chương trình giảm giá hằng ngày kích cầu mua sắm 00:00 19-08-2024',	'NORMAL',	NULL,	'BLOCK',	'2024-08-19 00:00:00',	'2024-08-19 01:00:00',	'2024-08-21 17:59:00',	'system',	NULL,	NULL),
('49be9752-e81c-4621-b0d4-e98f3056a71d',	'Daily Sale 03:00 23-08-2024',	'Chương trình giảm giá hằng ngày kích cầu mua sắm 03:00 23-08-2024',	'NORMAL',	NULL,	'BLOCK',	'2024-08-23 03:00:00',	'2024-08-23 04:00:00',	'2024-08-21 17:59:16',	'system',	NULL,	NULL),
('4a54be21-e896-445e-a65a-e7ff82153407',	'Daily Sale 05:00 23-08-2024',	'Chương trình giảm giá hằng ngày kích cầu mua sắm 05:00 23-08-2024',	'NORMAL',	NULL,	'BLOCK',	'2024-08-23 05:00:00',	'2024-08-23 06:00:00',	'2024-08-21 17:59:16',	'system',	NULL,	NULL),
('4ea33401-a500-47a2-a57a-64ce21ad7c3f',	'Daily Sale 06:00 22-08-2024',	'Chương trình giảm giá hằng ngày kích cầu mua sắm 06:00 22-08-2024',	'NORMAL',	NULL,	'BLOCK',	'2024-08-22 06:00:00',	'2024-08-22 07:00:00',	'2024-08-21 17:59:12',	'system',	NULL,	NULL),
('4f1be6bf-def5-4fde-9d24-e49d4088dc43',	'Daily Sale 05:00 22-08-2024',	'Chương trình giảm giá hằng ngày kích cầu mua sắm 05:00 22-08-2024',	'NORMAL',	NULL,	'BLOCK',	'2024-08-22 05:00:00',	'2024-08-22 06:00:00',	'2024-08-21 17:59:12',	'system',	NULL,	NULL),
('50069f0f-385b-4249-93ce-dd17de1ebae5',	'Daily Sale 16:00 24-08-2024',	'Chương trình giảm giá hằng ngày kích cầu mua sắm 16:00 24-08-2024',	'NORMAL',	NULL,	'BLOCK',	'2024-08-24 16:00:00',	'2024-08-24 17:00:00',	'2024-08-21 17:59:20',	'system',	NULL,	NULL),
('50192f6b-8fa2-4e3f-960f-78ad975682cd',	'Daily Sale 02:00 23-08-2024',	'Chương trình giảm giá hằng ngày kích cầu mua sắm 02:00 23-08-2024',	'NORMAL',	NULL,	'BLOCK',	'2024-08-23 02:00:00',	'2024-08-23 03:00:00',	'2024-08-21 17:59:16',	'system',	NULL,	NULL),
('561c41cf-43b0-4ad1-8fa1-64561485ad26',	'Daily Sale 23:00 20-08-2024',	'Chương trình giảm giá hằng ngày kích cầu mua sắm 23:00 20-08-2024',	'NORMAL',	NULL,	'BLOCK',	'2024-08-20 23:00:00',	'2024-08-21 00:00:00',	'2024-08-21 17:59:04',	'system',	NULL,	NULL),
('567b63cc-5f7e-46ee-b580-112dda73e0d7',	'Daily Sale 11:00 22-08-2024',	'Chương trình giảm giá hằng ngày kích cầu mua sắm 11:00 22-08-2024',	'NORMAL',	NULL,	'BLOCK',	'2024-08-22 11:00:00',	'2024-08-22 12:00:00',	'2024-08-21 17:59:12',	'system',	NULL,	NULL),
('569ecbe2-3f82-4361-844e-333de302d986',	'Daily Sale 04:00 24-08-2024',	'Chương trình giảm giá hằng ngày kích cầu mua sắm 04:00 24-08-2024',	'NORMAL',	NULL,	'BLOCK',	'2024-08-24 04:00:00',	'2024-08-24 05:00:00',	'2024-08-21 17:59:20',	'system',	NULL,	NULL),
('588377d5-5089-4ac2-924a-80d310bc8871',	'Daily Sale 09:00 19-08-2024',	'Chương trình giảm giá hằng ngày kích cầu mua sắm 09:00 19-08-2024',	'NORMAL',	NULL,	'BLOCK',	'2024-08-19 09:00:00',	'2024-08-19 10:00:00',	'2024-08-21 17:59:00',	'system',	NULL,	NULL),
('5afeba2d-7758-4a7b-a573-dcb7935d8d14',	'Daily Sale 07:00 25-08-2024',	'Chương trình giảm giá hằng ngày kích cầu mua sắm 07:00 25-08-2024',	'NORMAL',	NULL,	'BLOCK',	'2024-08-25 07:00:00',	'2024-08-25 08:00:00',	'2024-08-21 17:59:24',	'system',	NULL,	NULL),
('5c1e7c8a-7ece-4d29-ad44-4a1730b74457',	'Daily Sale 02:00 22-08-2024',	'Chương trình giảm giá hằng ngày kích cầu mua sắm 02:00 22-08-2024',	'NORMAL',	NULL,	'BLOCK',	'2024-08-22 02:00:00',	'2024-08-22 03:00:00',	'2024-08-21 17:59:12',	'system',	'2024-08-21 20:00:00',	'system'),
('5d54327d-224e-4f6c-8b6d-72de46a41485',	'Daily Sale 10:00 23-08-2024',	'Chương trình giảm giá hằng ngày kích cầu mua sắm 10:00 23-08-2024',	'NORMAL',	NULL,	'BLOCK',	'2024-08-23 10:00:00',	'2024-08-23 11:00:00',	'2024-08-21 17:59:16',	'system',	NULL,	NULL),
('5e34ece8-d7d2-403b-a3d0-d656ed287eac',	'Daily Sale 19:00 21-08-2024',	'Chương trình giảm giá hằng ngày kích cầu mua sắm 19:00 21-08-2024',	'NORMAL',	NULL,	'BLOCK',	'2024-08-21 19:00:00',	'2024-08-21 20:00:00',	'2024-08-21 17:59:08',	'system',	NULL,	NULL),
('5f3c50f7-6038-4869-a6c3-2a03347e32e1',	'Daily Sale 11:00 19-08-2024',	'Chương trình giảm giá hằng ngày kích cầu mua sắm 11:00 19-08-2024',	'NORMAL',	NULL,	'BLOCK',	'2024-08-19 11:00:00',	'2024-08-19 12:00:00',	'2024-08-21 17:59:00',	'system',	NULL,	NULL),
('61c5041e-a609-4aad-829b-d8f0e1cc7e12',	'Daily Sale 19:00 19-08-2024',	'Chương trình giảm giá hằng ngày kích cầu mua sắm 19:00 19-08-2024',	'NORMAL',	NULL,	'BLOCK',	'2024-08-19 19:00:00',	'2024-08-19 20:00:00',	'2024-08-21 17:59:00',	'system',	NULL,	NULL),
('632ec3d9-4c91-4411-ac99-ab776284b381',	'Daily Sale 19:00 23-08-2024',	'Chương trình giảm giá hằng ngày kích cầu mua sắm 19:00 23-08-2024',	'NORMAL',	NULL,	'BLOCK',	'2024-08-23 19:00:00',	'2024-08-23 20:00:00',	'2024-08-21 17:59:16',	'system',	NULL,	NULL),
('64d4e503-8d39-4585-9d94-83af977c776f',	'Daily Sale 14:00 23-08-2024',	'Chương trình giảm giá hằng ngày kích cầu mua sắm 14:00 23-08-2024',	'NORMAL',	NULL,	'BLOCK',	'2024-08-23 14:00:00',	'2024-08-23 15:00:00',	'2024-08-21 17:59:16',	'system',	NULL,	NULL),
('676a16b8-87cb-410a-b2da-b591c7ec101e',	'Daily Sale 12:00 23-08-2024',	'Chương trình giảm giá hằng ngày kích cầu mua sắm 12:00 23-08-2024',	'NORMAL',	NULL,	'BLOCK',	'2024-08-23 12:00:00',	'2024-08-23 13:00:00',	'2024-08-21 17:59:16',	'system',	NULL,	NULL),
('680fafa5-fbaa-4bf6-8d12-81eef891d48e',	'Daily Sale 21:00 21-08-2024',	'Chương trình giảm giá hằng ngày kích cầu mua sắm 21:00 21-08-2024',	'NORMAL',	NULL,	'BLOCK',	'2024-08-21 21:00:00',	'2024-08-21 22:00:00',	'2024-08-21 17:59:08',	'system',	NULL,	NULL),
('68b79894-ba82-44b7-acc6-352f6388c9e3',	'Daily Sale 16:00 20-08-2024',	'Chương trình giảm giá hằng ngày kích cầu mua sắm 16:00 20-08-2024',	'NORMAL',	NULL,	'BLOCK',	'2024-08-20 16:00:00',	'2024-08-20 17:00:00',	'2024-08-21 17:59:04',	'system',	NULL,	NULL),
('6b5ce603-706a-4709-bff6-f4ac7440375b',	'Daily Sale 02:00 20-08-2024',	'Chương trình giảm giá hằng ngày kích cầu mua sắm 02:00 20-08-2024',	'NORMAL',	NULL,	'BLOCK',	'2024-08-20 02:00:00',	'2024-08-20 03:00:00',	'2024-08-21 17:59:04',	'system',	NULL,	NULL),
('6c393539-de05-4da8-82a7-8e076c53094f',	'Daily Sale 16:00 25-08-2024',	'Chương trình giảm giá hằng ngày kích cầu mua sắm 16:00 25-08-2024',	'NORMAL',	NULL,	'BLOCK',	'2024-08-25 16:00:00',	'2024-08-25 17:00:00',	'2024-08-21 17:59:24',	'system',	NULL,	NULL),
('6f789a49-58f0-44b3-bf01-deb373cd7156',	'Daily Sale 06:00 21-08-2024',	'Chương trình giảm giá hằng ngày kích cầu mua sắm 06:00 21-08-2024',	'NORMAL',	NULL,	'BLOCK',	'2024-08-21 06:00:00',	'2024-08-21 07:00:00',	'2024-08-21 17:59:08',	'system',	NULL,	NULL),
('7111dc74-19ba-4ad7-8053-10180d19c391',	'Daily Sale 12:00 19-08-2024',	'Chương trình giảm giá hằng ngày kích cầu mua sắm 12:00 19-08-2024',	'NORMAL',	NULL,	'BLOCK',	'2024-08-19 12:00:00',	'2024-08-19 13:00:00',	'2024-08-21 17:59:00',	'system',	NULL,	NULL),
('75fb3e05-9c50-461e-8935-55b256885e87',	'Daily Sale 17:00 25-08-2024',	'Chương trình giảm giá hằng ngày kích cầu mua sắm 17:00 25-08-2024',	'NORMAL',	NULL,	'BLOCK',	'2024-08-25 17:00:00',	'2024-08-25 18:00:00',	'2024-08-21 17:59:24',	'system',	NULL,	NULL),
('76344cd7-9098-429e-9921-c8de1dc34310',	'Daily Sale 17:00 24-08-2024',	'Chương trình giảm giá hằng ngày kích cầu mua sắm 17:00 24-08-2024',	'NORMAL',	NULL,	'BLOCK',	'2024-08-24 17:00:00',	'2024-08-24 18:00:00',	'2024-08-21 17:59:20',	'system',	NULL,	NULL),
('76f3349f-0bdb-4032-b555-297e282b3eb4',	'Daily Sale 22:00 21-08-2024',	'Chương trình giảm giá hằng ngày kích cầu mua sắm 22:00 21-08-2024',	'NORMAL',	NULL,	'BLOCK',	'2024-08-21 22:00:00',	'2024-08-21 23:00:00',	'2024-08-21 17:59:08',	'system',	NULL,	NULL),
('788f718c-fe45-4d57-8ba0-efda17ba0b5e',	'Daily Sale 05:00 19-08-2024',	'Chương trình giảm giá hằng ngày kích cầu mua sắm 05:00 19-08-2024',	'NORMAL',	NULL,	'BLOCK',	'2024-08-19 05:00:00',	'2024-08-19 06:00:00',	'2024-08-21 17:59:00',	'system',	NULL,	NULL),
('7952db70-11e6-4d0a-a1b4-4c81398fc952',	'Daily Sale 04:00 23-08-2024',	'Chương trình giảm giá hằng ngày kích cầu mua sắm 04:00 23-08-2024',	'NORMAL',	NULL,	'BLOCK',	'2024-08-23 04:00:00',	'2024-08-23 05:00:00',	'2024-08-21 17:59:16',	'system',	NULL,	NULL),
('7b48868c-a84e-4153-a204-ba6a2f08ce42',	'Daily Sale 18:00 20-08-2024',	'Chương trình giảm giá hằng ngày kích cầu mua sắm 18:00 20-08-2024',	'NORMAL',	NULL,	'BLOCK',	'2024-08-20 18:00:00',	'2024-08-20 19:00:00',	'2024-08-21 17:59:04',	'system',	NULL,	NULL),
('7ba73a87-c1a4-4e4e-8259-613a23df0331',	'Daily Sale 03:00 20-08-2024',	'Chương trình giảm giá hằng ngày kích cầu mua sắm 03:00 20-08-2024',	'NORMAL',	NULL,	'BLOCK',	'2024-08-20 03:00:00',	'2024-08-20 04:00:00',	'2024-08-21 17:59:04',	'system',	NULL,	NULL),
('7eb6fc47-f922-4491-ab5d-349d811b2be5',	'Daily Sale 20:00 25-08-2024',	'Chương trình giảm giá hằng ngày kích cầu mua sắm 20:00 25-08-2024',	'NORMAL',	NULL,	'BLOCK',	'2024-08-25 20:00:00',	'2024-08-25 21:00:00',	'2024-08-21 17:59:24',	'system',	NULL,	NULL),
('7ec3b788-50a9-473d-a2d1-5679b66834ca',	'Daily Sale 11:00 24-08-2024',	'Chương trình giảm giá hằng ngày kích cầu mua sắm 11:00 24-08-2024',	'NORMAL',	NULL,	'BLOCK',	'2024-08-24 11:00:00',	'2024-08-24 12:00:00',	'2024-08-21 17:59:20',	'system',	NULL,	NULL),
('8057485e-0a24-4e57-85fd-199a671753a6',	'Daily Sale 13:00 20-08-2024',	'Chương trình giảm giá hằng ngày kích cầu mua sắm 13:00 20-08-2024',	'NORMAL',	NULL,	'BLOCK',	'2024-08-20 13:00:00',	'2024-08-20 14:00:00',	'2024-08-21 17:59:04',	'system',	NULL,	NULL),
('80f9deed-e5c3-477b-afc4-207c07b48ed1',	'Daily Sale 13:00 25-08-2024',	'Chương trình giảm giá hằng ngày kích cầu mua sắm 13:00 25-08-2024',	'NORMAL',	NULL,	'BLOCK',	'2024-08-25 13:00:00',	'2024-08-25 14:00:00',	'2024-08-21 17:59:24',	'system',	NULL,	NULL),
('815236f6-7706-436b-9e3d-3fee9f62b68f',	'Daily Sale 09:00 25-08-2024',	'Chương trình giảm giá hằng ngày kích cầu mua sắm 09:00 25-08-2024',	'NORMAL',	NULL,	'BLOCK',	'2024-08-25 09:00:00',	'2024-08-25 10:00:00',	'2024-08-21 17:59:24',	'system',	NULL,	NULL),
('82c792d9-1e4a-4e10-9f19-c2aeb3c1a315',	'Daily Sale 00:00 20-08-2024',	'Chương trình giảm giá hằng ngày kích cầu mua sắm 00:00 20-08-2024',	'NORMAL',	NULL,	'BLOCK',	'2024-08-20 00:00:00',	'2024-08-20 01:00:00',	'2024-08-21 17:59:04',	'system',	NULL,	NULL),
('83025e5a-1b43-4dce-958a-77bda2aa224b',	'Daily Sale 01:00 20-08-2024',	'Chương trình giảm giá hằng ngày kích cầu mua sắm 01:00 20-08-2024',	'NORMAL',	NULL,	'BLOCK',	'2024-08-20 01:00:00',	'2024-08-20 02:00:00',	'2024-08-21 17:59:04',	'system',	NULL,	NULL),
('83d10919-0e55-4823-8e8c-ab45a9604544',	'Daily Sale 12:00 24-08-2024',	'Chương trình giảm giá hằng ngày kích cầu mua sắm 12:00 24-08-2024',	'NORMAL',	NULL,	'BLOCK',	'2024-08-24 12:00:00',	'2024-08-24 13:00:00',	'2024-08-21 17:59:20',	'system',	NULL,	NULL),
('8bf6efc3-1de2-4eaa-8418-b463ba0f6d8c',	'Daily Sale 23:00 23-08-2024',	'Chương trình giảm giá hằng ngày kích cầu mua sắm 23:00 23-08-2024',	'NORMAL',	NULL,	'BLOCK',	'2024-08-23 23:00:00',	'2024-08-24 00:00:00',	'2024-08-21 17:59:16',	'system',	NULL,	NULL),
('8bfa412c-c034-4461-9674-c8ed4b8b1ee7',	'Daily Sale 03:00 25-08-2024',	'Chương trình giảm giá hằng ngày kích cầu mua sắm 03:00 25-08-2024',	'NORMAL',	NULL,	'BLOCK',	'2024-08-25 03:00:00',	'2024-08-25 04:00:00',	'2024-08-21 17:59:24',	'system',	NULL,	NULL),
('8e32dd38-5504-44a2-aacd-36e2719fccb2',	'Daily Sale 23:00 22-08-2024',	'Chương trình giảm giá hằng ngày kích cầu mua sắm 23:00 22-08-2024',	'NORMAL',	NULL,	'BLOCK',	'2024-08-22 23:00:00',	'2024-08-23 00:00:00',	'2024-08-21 17:59:12',	'system',	NULL,	NULL),
('8eed6f10-4671-4ea8-ab18-5626cbe3ec1c',	'Daily Sale 06:00 19-08-2024',	'Chương trình giảm giá hằng ngày kích cầu mua sắm 06:00 19-08-2024',	'NORMAL',	NULL,	'BLOCK',	'2024-08-19 06:00:00',	'2024-08-19 07:00:00',	'2024-08-21 17:59:00',	'system',	NULL,	NULL),
('92c02136-ffa6-41b9-98e2-9a5bf2754190',	'Daily Sale 01:00 24-08-2024',	'Chương trình giảm giá hằng ngày kích cầu mua sắm 01:00 24-08-2024',	'NORMAL',	NULL,	'BLOCK',	'2024-08-24 01:00:00',	'2024-08-24 02:00:00',	'2024-08-21 17:59:20',	'system',	NULL,	NULL),
('95a7da2c-1659-49f0-bcf0-9c4917fed99c',	'Daily Sale 16:00 21-08-2024',	'Chương trình giảm giá hằng ngày kích cầu mua sắm 16:00 21-08-2024',	'NORMAL',	NULL,	'BLOCK',	'2024-08-21 16:00:00',	'2024-08-21 17:00:00',	'2024-08-21 17:59:08',	'system',	NULL,	NULL),
('9ae10918-b879-4f15-8256-c5a6dce9edaa',	'Daily Sale 14:00 20-08-2024',	'Chương trình giảm giá hằng ngày kích cầu mua sắm 14:00 20-08-2024',	'NORMAL',	NULL,	'BLOCK',	'2024-08-20 14:00:00',	'2024-08-20 15:00:00',	'2024-08-21 17:59:04',	'system',	NULL,	NULL),
('9b316cee-5052-448a-82b4-9964c5ca9032',	'Daily Sale 23:00 21-08-2024',	'Chương trình giảm giá hằng ngày kích cầu mua sắm 23:00 21-08-2024',	'NORMAL',	NULL,	'BLOCK',	'2024-08-21 23:00:00',	'2024-08-22 00:00:00',	'2024-08-21 17:59:08',	'system',	NULL,	NULL),
('9c740737-55cb-4930-a86b-ebc3cf54fd4c',	'Daily Sale 13:00 21-08-2024',	'Chương trình giảm giá hằng ngày kích cầu mua sắm 13:00 21-08-2024',	'NORMAL',	NULL,	'BLOCK',	'2024-08-21 13:00:00',	'2024-08-21 14:00:00',	'2024-08-21 17:59:08',	'system',	NULL,	NULL),
('a02cde56-78b9-4f91-8fbb-1672674ccc44',	'Daily Sale 13:00 24-08-2024',	'Chương trình giảm giá hằng ngày kích cầu mua sắm 13:00 24-08-2024',	'NORMAL',	NULL,	'BLOCK',	'2024-08-24 13:00:00',	'2024-08-24 14:00:00',	'2024-08-21 17:59:20',	'system',	NULL,	NULL),
('a35198db-5adb-4aee-8c4a-e71616b5318c',	'Daily Sale 14:00 19-08-2024',	'Chương trình giảm giá hằng ngày kích cầu mua sắm 14:00 19-08-2024',	'NORMAL',	NULL,	'BLOCK',	'2024-08-19 14:00:00',	'2024-08-19 15:00:00',	'2024-08-21 17:59:00',	'system',	NULL,	NULL),
('a4c20ec3-84eb-4a81-9d9a-29849b8d5568',	'Daily Sale 11:00 21-08-2024',	'Chương trình giảm giá hằng ngày kích cầu mua sắm 11:00 21-08-2024',	'NORMAL',	NULL,	'BLOCK',	'2024-08-21 11:00:00',	'2024-08-21 12:00:00',	'2024-08-21 17:59:08',	'system',	NULL,	NULL),
('a5d96adc-dc6a-4031-9e0d-e652bf2b9527',	'Daily Sale 04:00 25-08-2024',	'Chương trình giảm giá hằng ngày kích cầu mua sắm 04:00 25-08-2024',	'NORMAL',	NULL,	'BLOCK',	'2024-08-25 04:00:00',	'2024-08-25 05:00:00',	'2024-08-21 17:59:24',	'system',	NULL,	NULL),
('a704da63-70c8-4342-b14a-5cab7aea7d12',	'Daily Sale 20:00 19-08-2024',	'Chương trình giảm giá hằng ngày kích cầu mua sắm 20:00 19-08-2024',	'NORMAL',	NULL,	'BLOCK',	'2024-08-19 20:00:00',	'2024-08-19 21:00:00',	'2024-08-21 17:59:00',	'system',	NULL,	NULL),
('a717025a-adae-4c26-bc18-a65cfc855e9b',	'Daily Sale 02:00 21-08-2024',	'Chương trình giảm giá hằng ngày kích cầu mua sắm 02:00 21-08-2024',	'NORMAL',	NULL,	'BLOCK',	'2024-08-21 02:00:00',	'2024-08-21 03:00:00',	'2024-08-21 17:59:08',	'system',	NULL,	NULL),
('a99ab620-49ff-4589-9b0e-e7bbc1007a67',	'Daily Sale 01:00 21-08-2024',	'Chương trình giảm giá hằng ngày kích cầu mua sắm 01:00 21-08-2024',	'NORMAL',	NULL,	'BLOCK',	'2024-08-21 01:00:00',	'2024-08-21 02:00:00',	'2024-08-21 17:59:08',	'system',	NULL,	NULL),
('aa5c117c-140a-421c-af43-4c5d1731b2ac',	'Daily Sale 08:00 22-08-2024',	'Chương trình giảm giá hằng ngày kích cầu mua sắm 08:00 22-08-2024',	'NORMAL',	NULL,	'BLOCK',	'2024-08-22 08:00:00',	'2024-08-22 09:00:00',	'2024-08-21 17:59:12',	'system',	NULL,	NULL),
('ad9ab3ec-9dc0-4a49-a7f9-2107c0786030',	'Daily Sale 00:00 24-08-2024',	'Chương trình giảm giá hằng ngày kích cầu mua sắm 00:00 24-08-2024',	'NORMAL',	NULL,	'BLOCK',	'2024-08-24 00:00:00',	'2024-08-24 01:00:00',	'2024-08-21 17:59:20',	'system',	NULL,	NULL),
('ae27100d-7b36-4664-a998-db0053d747ca',	'Daily Sale 10:00 22-08-2024',	'Chương trình giảm giá hằng ngày kích cầu mua sắm 10:00 22-08-2024',	'NORMAL',	NULL,	'BLOCK',	'2024-08-22 10:00:00',	'2024-08-22 11:00:00',	'2024-08-21 17:59:12',	'system',	NULL,	NULL),
('b144f1da-2493-4187-b265-7058a9e67b8e',	'Daily Sale 09:00 23-08-2024',	'Chương trình giảm giá hằng ngày kích cầu mua sắm 09:00 23-08-2024',	'NORMAL',	NULL,	'BLOCK',	'2024-08-23 09:00:00',	'2024-08-23 10:00:00',	'2024-08-21 17:59:16',	'system',	NULL,	NULL),
('b759baa2-e092-4fa6-bbc2-d1629a42d458',	'Daily Sale 08:00 21-08-2024',	'Chương trình giảm giá hằng ngày kích cầu mua sắm 08:00 21-08-2024',	'NORMAL',	NULL,	'BLOCK',	'2024-08-21 08:00:00',	'2024-08-21 09:00:00',	'2024-08-21 17:59:08',	'system',	NULL,	NULL),
('b8503f48-3cd7-4e7c-9c16-f56c649132af',	'Daily Sale 08:00 25-08-2024',	'Chương trình giảm giá hằng ngày kích cầu mua sắm 08:00 25-08-2024',	'NORMAL',	NULL,	'BLOCK',	'2024-08-25 08:00:00',	'2024-08-25 09:00:00',	'2024-08-21 17:59:24',	'system',	NULL,	NULL),
('b878b743-6c82-4416-a727-a6f1bd0bba71',	'Daily Sale 21:00 20-08-2024',	'Chương trình giảm giá hằng ngày kích cầu mua sắm 21:00 20-08-2024',	'NORMAL',	NULL,	'BLOCK',	'2024-08-20 21:00:00',	'2024-08-20 22:00:00',	'2024-08-21 17:59:04',	'system',	NULL,	NULL),
('b8d48b3d-2d28-4c7b-ad26-484024bc3952',	'Daily Sale 19:00 24-08-2024',	'Chương trình giảm giá hằng ngày kích cầu mua sắm 19:00 24-08-2024',	'NORMAL',	NULL,	'BLOCK',	'2024-08-24 19:00:00',	'2024-08-24 20:00:00',	'2024-08-21 17:59:20',	'system',	NULL,	NULL),
('b99b3e77-6464-4614-be02-a239fa70316c',	'Daily Sale 21:00 24-08-2024',	'Chương trình giảm giá hằng ngày kích cầu mua sắm 21:00 24-08-2024',	'NORMAL',	NULL,	'BLOCK',	'2024-08-24 21:00:00',	'2024-08-24 22:00:00',	'2024-08-21 17:59:20',	'system',	NULL,	NULL),
('bd1a3248-c232-4af6-950f-cf72a0eb4c97',	'Daily Sale 00:00 25-08-2024',	'Chương trình giảm giá hằng ngày kích cầu mua sắm 00:00 25-08-2024',	'NORMAL',	NULL,	'BLOCK',	'2024-08-25 00:00:00',	'2024-08-25 01:00:00',	'2024-08-21 17:59:24',	'system',	NULL,	NULL),
('bdd2efeb-957d-42a6-b1c4-20cb8a1037c4',	'Daily Sale 01:00 19-08-2024',	'Chương trình giảm giá hằng ngày kích cầu mua sắm 01:00 19-08-2024',	'NORMAL',	NULL,	'BLOCK',	'2024-08-19 01:00:00',	'2024-08-19 02:00:00',	'2024-08-21 17:59:00',	'system',	NULL,	NULL),
('bed80804-897a-4e14-87ec-41100a6d1231',	'Daily Sale 21:00 22-08-2024',	'Chương trình giảm giá hằng ngày kích cầu mua sắm 21:00 22-08-2024',	'NORMAL',	NULL,	'BLOCK',	'2024-08-22 21:00:00',	'2024-08-22 22:00:00',	'2024-08-21 17:59:12',	'system',	NULL,	NULL),
('bedfe131-a5ae-46ca-968e-9c368265a75f',	'Daily Sale 08:00 24-08-2024',	'Chương trình giảm giá hằng ngày kích cầu mua sắm 08:00 24-08-2024',	'NORMAL',	NULL,	'BLOCK',	'2024-08-24 08:00:00',	'2024-08-24 09:00:00',	'2024-08-21 17:59:20',	'system',	NULL,	NULL),
('c013e634-5e82-41e5-a601-828589b0f9ed',	'Daily Sale 14:00 25-08-2024',	'Chương trình giảm giá hằng ngày kích cầu mua sắm 14:00 25-08-2024',	'NORMAL',	NULL,	'BLOCK',	'2024-08-25 14:00:00',	'2024-08-25 15:00:00',	'2024-08-21 17:59:24',	'system',	NULL,	NULL),
('c09627f0-9e33-46f1-a1f8-f0b3c862ee9a',	'Daily Sale 12:00 20-08-2024',	'Chương trình giảm giá hằng ngày kích cầu mua sắm 12:00 20-08-2024',	'NORMAL',	NULL,	'BLOCK',	'2024-08-20 12:00:00',	'2024-08-20 13:00:00',	'2024-08-21 17:59:04',	'system',	NULL,	NULL),
('c2f18a23-d90a-4c27-bf5b-dbde03b09cc8',	'Daily Sale 00:00 21-08-2024',	'Chương trình giảm giá hằng ngày kích cầu mua sắm 00:00 21-08-2024',	'NORMAL',	NULL,	'BLOCK',	'2024-08-21 00:00:00',	'2024-08-21 01:00:00',	'2024-08-21 17:59:08',	'system',	NULL,	NULL),
('ca228c56-78c9-42a9-8659-32d9a24de1b9',	'Daily Sale 07:00 24-08-2024',	'Chương trình giảm giá hằng ngày kích cầu mua sắm 07:00 24-08-2024',	'NORMAL',	NULL,	'BLOCK',	'2024-08-24 07:00:00',	'2024-08-24 08:00:00',	'2024-08-21 17:59:20',	'system',	NULL,	NULL),
('cac44509-aa94-43b2-b007-87f0f8d475bd',	'Daily Sale 06:00 20-08-2024',	'Chương trình giảm giá hằng ngày kích cầu mua sắm 06:00 20-08-2024',	'NORMAL',	NULL,	'BLOCK',	'2024-08-20 06:00:00',	'2024-08-20 07:00:00',	'2024-08-21 17:59:04',	'system',	NULL,	NULL),
('cb46e7c2-0d65-47c8-9031-734cc3f5eba0',	'Daily Sale 06:00 23-08-2024',	'Chương trình giảm giá hằng ngày kích cầu mua sắm 06:00 23-08-2024',	'NORMAL',	NULL,	'BLOCK',	'2024-08-23 06:00:00',	'2024-08-23 07:00:00',	'2024-08-21 17:59:16',	'system',	NULL,	NULL),
('ccc88c38-d1f4-4c10-88f1-d0e7d9ed6505',	'Daily Sale 09:00 24-08-2024',	'Chương trình giảm giá hằng ngày kích cầu mua sắm 09:00 24-08-2024',	'NORMAL',	NULL,	'BLOCK',	'2024-08-24 09:00:00',	'2024-08-24 10:00:00',	'2024-08-21 17:59:20',	'system',	NULL,	NULL),
('ce901186-5007-4a7e-a388-aff3f5044fdf',	'Daily Sale 18:00 21-08-2024',	'Chương trình giảm giá hằng ngày kích cầu mua sắm 18:00 21-08-2024',	'NORMAL',	NULL,	'BLOCK',	'2024-08-21 18:00:00',	'2024-08-21 19:00:00',	'2024-08-21 17:59:08',	'system',	NULL,	NULL),
('d15f241b-186a-43ec-8d3f-99fe6b2cac1f',	'Daily Sale 08:00 20-08-2024',	'Chương trình giảm giá hằng ngày kích cầu mua sắm 08:00 20-08-2024',	'NORMAL',	NULL,	'BLOCK',	'2024-08-20 08:00:00',	'2024-08-20 09:00:00',	'2024-08-21 17:59:04',	'system',	NULL,	NULL),
('d42d4ad0-79f9-4bc7-a7b4-b431f4334231',	'Daily Sale 07:00 21-08-2024',	'Chương trình giảm giá hằng ngày kích cầu mua sắm 07:00 21-08-2024',	'NORMAL',	NULL,	'BLOCK',	'2024-08-21 07:00:00',	'2024-08-21 08:00:00',	'2024-08-21 17:59:08',	'system',	NULL,	NULL),
('d5b1e8c1-a266-498f-9c3d-2ec37589b74b',	'Daily Sale 04:00 20-08-2024',	'Chương trình giảm giá hằng ngày kích cầu mua sắm 04:00 20-08-2024',	'NORMAL',	NULL,	'BLOCK',	'2024-08-20 04:00:00',	'2024-08-20 05:00:00',	'2024-08-21 17:59:04',	'system',	NULL,	NULL),
('d771d68d-14ca-4209-a7c6-7ffce58f96df',	'Daily Sale 05:00 25-08-2024',	'Chương trình giảm giá hằng ngày kích cầu mua sắm 05:00 25-08-2024',	'NORMAL',	NULL,	'BLOCK',	'2024-08-25 05:00:00',	'2024-08-25 06:00:00',	'2024-08-21 17:59:24',	'system',	NULL,	NULL),
('dad680c5-1a54-486f-9223-56b3f63a114f',	'Daily Sale 04:00 22-08-2024',	'Chương trình giảm giá hằng ngày kích cầu mua sắm 04:00 22-08-2024',	'NORMAL',	NULL,	'ACTIVE',	'2024-08-22 04:00:00',	'2024-08-22 05:00:00',	'2024-08-21 17:59:12',	'system',	'2024-08-21 21:00:00',	'system'),
('de2ff2f7-04e4-452a-80da-106eaf2e9793',	'Daily Sale 01:00 22-08-2024',	'Chương trình giảm giá hằng ngày kích cầu mua sắm 01:00 22-08-2024',	'NORMAL',	NULL,	'BLOCK',	'2024-08-22 01:00:00',	'2024-08-22 02:00:00',	'2024-08-21 17:59:12',	'system',	'2024-08-21 19:00:00',	'system'),
('dfbae6b7-43d5-4a9b-970c-dfde6d8fdfdc',	'Daily Sale 07:00 23-08-2024',	'Chương trình giảm giá hằng ngày kích cầu mua sắm 07:00 23-08-2024',	'NORMAL',	NULL,	'BLOCK',	'2024-08-23 07:00:00',	'2024-08-23 08:00:00',	'2024-08-21 17:59:16',	'system',	NULL,	NULL),
('e1ab4fd3-c4d0-4b3f-a245-c366094286e5',	'Daily Sale 05:00 21-08-2024',	'Chương trình giảm giá hằng ngày kích cầu mua sắm 05:00 21-08-2024',	'NORMAL',	NULL,	'BLOCK',	'2024-08-21 05:00:00',	'2024-08-21 06:00:00',	'2024-08-21 17:59:08',	'system',	NULL,	NULL),
('e33fb38b-d474-4fcf-8dc9-50eb5c4acedd',	'Daily Sale 03:00 24-08-2024',	'Chương trình giảm giá hằng ngày kích cầu mua sắm 03:00 24-08-2024',	'NORMAL',	NULL,	'BLOCK',	'2024-08-24 03:00:00',	'2024-08-24 04:00:00',	'2024-08-21 17:59:20',	'system',	NULL,	NULL),
('e4a266d6-f751-4267-8d74-356b35a35366',	'Daily Sale 20:00 24-08-2024',	'Chương trình giảm giá hằng ngày kích cầu mua sắm 20:00 24-08-2024',	'NORMAL',	NULL,	'BLOCK',	'2024-08-24 20:00:00',	'2024-08-24 21:00:00',	'2024-08-21 17:59:20',	'system',	NULL,	NULL),
('e5af3bc1-dcec-4f12-a747-27667db52be4',	'Daily Sale 15:00 21-08-2024',	'Chương trình giảm giá hằng ngày kích cầu mua sắm 15:00 21-08-2024',	'NORMAL',	NULL,	'BLOCK',	'2024-08-21 15:00:00',	'2024-08-21 16:00:00',	'2024-08-21 17:59:08',	'system',	NULL,	NULL),
('e6fbaf9e-b206-4d3d-b0bc-5f13d32686c2',	'Daily Sale 16:00 19-08-2024',	'Chương trình giảm giá hằng ngày kích cầu mua sắm 16:00 19-08-2024',	'NORMAL',	NULL,	'BLOCK',	'2024-08-19 16:00:00',	'2024-08-19 17:00:00',	'2024-08-21 17:59:00',	'system',	NULL,	NULL),
('e84abdc3-a2ea-4d76-a747-e16f389f7ff8',	'Daily Sale 10:00 24-08-2024',	'Chương trình giảm giá hằng ngày kích cầu mua sắm 10:00 24-08-2024',	'NORMAL',	NULL,	'BLOCK',	'2024-08-24 10:00:00',	'2024-08-24 11:00:00',	'2024-08-21 17:59:20',	'system',	NULL,	NULL),
('e89f2e01-1185-4d41-93e4-87a9ab95277e',	'Daily Sale 16:00 23-08-2024',	'Chương trình giảm giá hằng ngày kích cầu mua sắm 16:00 23-08-2024',	'NORMAL',	NULL,	'BLOCK',	'2024-08-23 16:00:00',	'2024-08-23 17:00:00',	'2024-08-21 17:59:16',	'system',	NULL,	NULL),
('e9d13f59-3ece-4256-b739-f7189af819de',	'Daily Sale 17:00 22-08-2024',	'Chương trình giảm giá hằng ngày kích cầu mua sắm 17:00 22-08-2024',	'NORMAL',	NULL,	'BLOCK',	'2024-08-22 17:00:00',	'2024-08-22 18:00:00',	'2024-08-21 17:59:12',	'system',	NULL,	NULL),
('ea33a603-9916-4d3f-8295-f3f5d6a584b5',	'Daily Sale 03:00 21-08-2024',	'Chương trình giảm giá hằng ngày kích cầu mua sắm 03:00 21-08-2024',	'NORMAL',	NULL,	'BLOCK',	'2024-08-21 03:00:00',	'2024-08-21 04:00:00',	'2024-08-21 17:59:08',	'system',	NULL,	NULL),
('eac4b201-b41a-4425-9414-62de27c0e0c7',	'Daily Sale 04:00 21-08-2024',	'Chương trình giảm giá hằng ngày kích cầu mua sắm 04:00 21-08-2024',	'NORMAL',	NULL,	'BLOCK',	'2024-08-21 04:00:00',	'2024-08-21 05:00:00',	'2024-08-21 17:59:08',	'system',	NULL,	NULL),
('edf47dea-491d-458c-8d4f-274b836e0237',	'Daily Sale 10:00 21-08-2024',	'Chương trình giảm giá hằng ngày kích cầu mua sắm 10:00 21-08-2024',	'NORMAL',	NULL,	'BLOCK',	'2024-08-21 10:00:00',	'2024-08-21 11:00:00',	'2024-08-21 17:59:08',	'system',	NULL,	NULL),
('ee57aed2-1f9f-439d-9767-39fc6a0e92d7',	'Daily Sale 23:00 24-08-2024',	'Chương trình giảm giá hằng ngày kích cầu mua sắm 23:00 24-08-2024',	'NORMAL',	NULL,	'BLOCK',	'2024-08-24 23:00:00',	'2024-08-25 00:00:00',	'2024-08-21 17:59:20',	'system',	NULL,	NULL),
('eec18508-ec33-4e8f-b6e5-843c7e7bf9fa',	'Daily Sale 15:00 25-08-2024',	'Chương trình giảm giá hằng ngày kích cầu mua sắm 15:00 25-08-2024',	'NORMAL',	NULL,	'BLOCK',	'2024-08-25 15:00:00',	'2024-08-25 16:00:00',	'2024-08-21 17:59:24',	'system',	NULL,	NULL),
('effafcc2-0d83-41fd-acfd-dc15985d140c',	'Daily Sale 19:00 25-08-2024',	'Chương trình giảm giá hằng ngày kích cầu mua sắm 19:00 25-08-2024',	'NORMAL',	NULL,	'BLOCK',	'2024-08-25 19:00:00',	'2024-08-25 20:00:00',	'2024-08-21 17:59:24',	'system',	NULL,	NULL),
('f0044231-dc85-47ee-b6c1-6319588d62aa',	'Daily Sale 20:00 20-08-2024',	'Chương trình giảm giá hằng ngày kích cầu mua sắm 20:00 20-08-2024',	'NORMAL',	NULL,	'BLOCK',	'2024-08-20 20:00:00',	'2024-08-20 21:00:00',	'2024-08-21 17:59:04',	'system',	NULL,	NULL),
('f00eec30-c6e8-4241-8f5d-6bd1adbc8d72',	'Daily Sale 15:00 24-08-2024',	'Chương trình giảm giá hằng ngày kích cầu mua sắm 15:00 24-08-2024',	'NORMAL',	NULL,	'BLOCK',	'2024-08-24 15:00:00',	'2024-08-24 16:00:00',	'2024-08-21 17:59:20',	'system',	NULL,	NULL),
('f0923374-ff9c-4757-b6c4-31a68225d85e',	'Daily Sale 20:00 23-08-2024',	'Chương trình giảm giá hằng ngày kích cầu mua sắm 20:00 23-08-2024',	'NORMAL',	NULL,	'BLOCK',	'2024-08-23 20:00:00',	'2024-08-23 21:00:00',	'2024-08-21 17:59:16',	'system',	NULL,	NULL),
('f180aa0f-c165-4c91-aec2-c43917caaeff',	'Daily Sale 22:00 22-08-2024',	'Chương trình giảm giá hằng ngày kích cầu mua sắm 22:00 22-08-2024',	'NORMAL',	NULL,	'BLOCK',	'2024-08-22 22:00:00',	'2024-08-22 23:00:00',	'2024-08-21 17:59:12',	'system',	NULL,	NULL),
('f382abbe-9df7-4422-8866-59fd58460581',	'Daily Sale 14:00 22-08-2024',	'Chương trình giảm giá hằng ngày kích cầu mua sắm 14:00 22-08-2024',	'NORMAL',	NULL,	'BLOCK',	'2024-08-22 14:00:00',	'2024-08-22 15:00:00',	'2024-08-21 17:59:12',	'system',	NULL,	NULL),
('f43ef02f-5de6-4e6d-9bee-b9f1ade30fc2',	'Daily Sale 19:00 20-08-2024',	'Chương trình giảm giá hằng ngày kích cầu mua sắm 19:00 20-08-2024',	'NORMAL',	NULL,	'BLOCK',	'2024-08-20 19:00:00',	'2024-08-20 20:00:00',	'2024-08-21 17:59:04',	'system',	NULL,	NULL),
('f4efa3cf-ce7e-4497-936d-28975d475248',	'Daily Sale 07:00 20-08-2024',	'Chương trình giảm giá hằng ngày kích cầu mua sắm 07:00 20-08-2024',	'NORMAL',	NULL,	'BLOCK',	'2024-08-20 07:00:00',	'2024-08-20 08:00:00',	'2024-08-21 17:59:04',	'system',	NULL,	NULL),
('f5de7091-171a-4aeb-a54c-1922a019ded8',	'Daily Sale 08:00 19-08-2024',	'Chương trình giảm giá hằng ngày kích cầu mua sắm 08:00 19-08-2024',	'NORMAL',	NULL,	'BLOCK',	'2024-08-19 08:00:00',	'2024-08-19 09:00:00',	'2024-08-21 17:59:00',	'system',	NULL,	NULL),
('f870123a-dc20-4f05-baac-80d9ba161a69',	'Daily Sale 21:00 19-08-2024',	'Chương trình giảm giá hằng ngày kích cầu mua sắm 21:00 19-08-2024',	'NORMAL',	NULL,	'BLOCK',	'2024-08-19 21:00:00',	'2024-08-19 22:00:00',	'2024-08-21 17:59:00',	'system',	NULL,	NULL),
('f89ec2a1-47f1-4c97-97a6-1bb406a3d40b',	'Daily Sale 04:00 19-08-2024',	'Chương trình giảm giá hằng ngày kích cầu mua sắm 04:00 19-08-2024',	'NORMAL',	NULL,	'BLOCK',	'2024-08-19 04:00:00',	'2024-08-19 05:00:00',	'2024-08-21 17:59:00',	'system',	NULL,	NULL),
('f913b914-f959-4ce5-8d70-50c4ab071dcb',	'Daily Sale 22:00 25-08-2024',	'Chương trình giảm giá hằng ngày kích cầu mua sắm 22:00 25-08-2024',	'NORMAL',	NULL,	'BLOCK',	'2024-08-25 22:00:00',	'2024-08-25 23:00:00',	'2024-08-21 17:59:24',	'system',	NULL,	NULL),
('fb0533b4-bc60-4569-a4f4-35b6bdae3c88',	'Daily Sale 01:00 23-08-2024',	'Chương trình giảm giá hằng ngày kích cầu mua sắm 01:00 23-08-2024',	'NORMAL',	NULL,	'BLOCK',	'2024-08-23 01:00:00',	'2024-08-23 02:00:00',	'2024-08-21 17:59:16',	'system',	NULL,	NULL),
('fd13f94f-7e92-446a-b933-ab558addedd4',	'Daily Sale 19:00 22-08-2024',	'Chương trình giảm giá hằng ngày kích cầu mua sắm 19:00 22-08-2024',	'NORMAL',	NULL,	'BLOCK',	'2024-08-22 19:00:00',	'2024-08-22 20:00:00',	'2024-08-21 17:59:12',	'system',	NULL,	NULL),
('fe12af1d-c5c3-4cde-940c-269ffe79532a',	'Daily Sale 13:00 23-08-2024',	'Chương trình giảm giá hằng ngày kích cầu mua sắm 13:00 23-08-2024',	'NORMAL',	NULL,	'BLOCK',	'2024-08-23 13:00:00',	'2024-08-23 14:00:00',	'2024-08-21 17:59:16',	'system',	NULL,	NULL),
('ff094616-7d6d-44fa-833e-93243166f068',	'Daily Sale 15:00 19-08-2024',	'Chương trình giảm giá hằng ngày kích cầu mua sắm 15:00 19-08-2024',	'NORMAL',	NULL,	'BLOCK',	'2024-08-19 15:00:00',	'2024-08-19 16:00:00',	'2024-08-21 17:59:00',	'system',	NULL,	NULL);

DROP TABLE IF EXISTS `Store`;
CREATE TABLE `Store` (
  `id` varchar(50) CHARACTER SET utf8mb4 COLLATE utf8mb4_unicode_ci NOT NULL,
  `name` varchar(255) CHARACTER SET utf8mb4 COLLATE utf8mb4_unicode_ci NOT NULL,
  `image` varchar(255) CHARACTER SET utf8mb4 COLLATE utf8mb4_unicode_ci NOT NULL,
  `location` varchar(100) CHARACTER SET utf8mb4 COLLATE utf8mb4_unicode_ci DEFAULT NULL,
  `description` varchar(1000) CHARACTER SET utf8mb4 COLLATE utf8mb4_unicode_ci DEFAULT NULL,
  `status` varchar(10) CHARACTER SET utf8mb4 COLLATE utf8mb4_unicode_ci NOT NULL,
  `tax` varchar(100) CHARACTER SET utf8mb4 COLLATE utf8mb4_unicode_ci DEFAULT NULL,
  `createdBy` varchar(50) CHARACTER SET utf8mb4 COLLATE utf8mb4_unicode_ci NOT NULL,
  `updatedBy` varchar(50) CHARACTER SET utf8mb4 COLLATE utf8mb4_unicode_ci DEFAULT NULL,
  `createdAt` timestamp NULL DEFAULT CURRENT_TIMESTAMP,
  `updatedAt` timestamp NULL DEFAULT NULL,
  PRIMARY KEY (`id`),
  KEY `createdBy` (`createdBy`),
  KEY `updatedBy` (`updatedBy`),
  KEY `status` (`status`),
  KEY `createdAt` (`createdAt`),
  FULLTEXT KEY `name` (`name`)
) ENGINE=InnoDB DEFAULT CHARSET=utf8mb4 COLLATE=utf8mb4_unicode_ci;

INSERT INTO `Store` (`id`, `name`, `image`, `location`, `description`, `status`, `tax`, `createdBy`, `updatedBy`, `createdAt`, `updatedAt`) VALUES
('1907430c-80f5-49f4-8685-65c4fa4b3cd5',	'Store 2',	'https://i.pinimg.com/564x/59/7a/de/597ade7f979fdb7c06df948d599862bb.jpg',	NULL,	NULL,	'BLOCK',	NULL,	'0f9a0d3c-c666-4851-835e-59c6dc035218',	NULL,	'2024-04-09 16:19:35',	NULL),
('3eb660b5-90c7-4ae4-accf-793cac4df283',	'Store 10',	'https://i.pinimg.com/564x/59/7a/de/597ade7f979fdb7c06df948d599862bb.jpg',	NULL,	NULL,	'ACTIVE',	NULL,	'abdf677a-71ff-4f81-a2c5-6615a04bedfe',	NULL,	'2024-04-09 16:19:35',	NULL),
('41c73d8c-8e0d-4816-9314-f9244af3cd00',	'Cửa hàng bán kẹo',	'https://vanlocbucket.s3.ap-southeast-2.amazonaws.com/6f9ef28e-fa49-4c46-9695-b064f924a13f_2024-07-26_105908.png',	'Tân Bình',	NULL,	'ACTIVE',	NULL,	'22c4cdea-30a6-40df-8dcd-cc606c9db7cc',	NULL,	'2024-08-13 20:25:08',	NULL),
('465d9c2f-cbb7-4d53-943d-0b902f51861f',	'Store 9',	'https://i.pinimg.com/564x/59/7a/de/597ade7f979fdb7c06df948d599862bb.jpg',	NULL,	NULL,	'ACTIVE',	NULL,	'a666dc45-29aa-4301-87bb-18cc547386be',	NULL,	'2024-04-09 16:19:35',	NULL),
('4aed904e-5444-42c2-be9f-054c42903692',	'Van Loc Store',	'https://i.pinimg.com/564x/2a/78/2e/2a782eaf78e7cd78aa94961cb18d7786.jpg',	'Tp.HCM',	NULL,	'ACTIVE',	NULL,	'262dc0c4-a50a-4f39-a40f-0d7c1fe1cadd',	NULL,	'2024-04-25 05:59:36',	NULL),
('546ae81e-119b-4de1-bf32-927e4c77886a',	'test3',	'https://i.pinimg.com/564x/2a/78/2e/2a782eaf78e7cd78aa94961cb18d7786.jpg',	'tien giang',	NULL,	'ACTIVE',	NULL,	'5fb9f276-62c0-46e6-8757-cc8067cb0f87',	NULL,	'2024-04-25 06:21:51',	NULL),
('57a5f544-4447-4ab6-954b-89617c0415d2',	'Shop Công Nghệ',	'https://vanlocbucket.s3.ap-southeast-2.amazonaws.com/79d1c33e-1d1d-412b-a20d-d07ec452188a_doghello.jpg',	'TpHCM',	NULL,	'ACTIVE',	'123456789',	'7d4a0ef3-5ab0-45ab-b4c1-c049596e2749',	NULL,	'2024-08-06 16:43:45',	NULL),
('61692e39-1edf-4eb7-b312-7a95aea194ef',	'Store 7',	'https://i.pinimg.com/564x/59/7a/de/597ade7f979fdb7c06df948d599862bb.jpg',	NULL,	NULL,	'BLOCK',	NULL,	'e9307983-16bd-42ce-a3bf-7e12dc89fae6',	NULL,	'2024-04-09 16:19:35',	NULL),
('6748c5c1-a1c7-468a-a779-0d5e0be487c4',	'Store 1',	'https://i.pinimg.com/564x/59/7a/de/597ade7f979fdb7c06df948d599862bb.jpg',	NULL,	NULL,	'ACTIVE',	NULL,	'a226f227-c629-4c75-98ca-e56a3dab016e',	NULL,	'2024-04-09 16:19:35',	NULL),
('6d8bf1a6-aefd-46fb-a69c-a91bbf95be10',	'Shop bán lẻ',	'https://vanlocbucket.s3.ap-southeast-2.amazonaws.com/a22ca9a4-75a4-41c3-ae34-6073f8dc1e4f_catliuliu.jpg',	'Địa chỉ A, tpHCM',	NULL,	'ACTIVE',	NULL,	'64874f2a-8d6f-4b22-bae3-f8dd701f2ee0',	NULL,	'2024-08-14 02:55:36',	NULL),
('72e339da-c565-4a2e-97b0-1a142176e072',	'Store 4',	'https://i.pinimg.com/564x/59/7a/de/597ade7f979fdb7c06df948d599862bb.jpg',	NULL,	NULL,	'ACTIVE',	NULL,	'6c868791-2b31-46aa-b24f-9442084f260a',	NULL,	'2024-04-09 16:19:35',	NULL),
('8ab4597b-26f6-4fad-b9fd-8dc4de32b804',	'Test1',	'https://i.pinimg.com/564x/2a/78/2e/2a782eaf78e7cd78aa94961cb18d7786.jpg',	'HCM',	NULL,	'ACTIVE',	NULL,	'3b22935a-3e5a-438e-a0eb-0375a890cab4',	NULL,	'2024-04-25 06:19:37',	NULL),
('932406ae-e8d1-47a7-bb69-e53b533a3246',	'Ngoc Hien Mall',	'https://vanlocbucket.s3.ap-southeast-2.amazonaws.com/2e203b48-b744-4a31-9ef7-fdd118f2fbe9_doghello.jpg',	'Phường 12, Tân Bình, Thành Phố Hồ Chí Minh',	NULL,	'ACTIVE',	'12312312323',	'94f67cac-944d-472d-8157-bedf488a8502',	NULL,	'2024-08-21 10:44:49',	NULL),
('93dd964f-2e6d-4874-9c79-009eb4d89202',	'Store 5',	'https://i.pinimg.com/564x/59/7a/de/597ade7f979fdb7c06df948d599862bb.jpg',	NULL,	NULL,	'ACTIVE',	NULL,	'a3816a2a-93c2-49a9-b5af-16e25615b2c1',	NULL,	'2024-04-09 16:19:35',	NULL),
('9fcfc11f-80ca-495e-a6e9-0a6bd869d5a5',	'Technical Mall',	'https://vanlocbucket.s3.ap-southeast-2.amazonaws.com/cbc2d2aa-4b7e-41e1-95dd-cbb731f5a7cd_meokhantam.jpg',	'2D Phùng Văn Cung, Phú Nhuận, Thành Phố Hồ Chí Minh',	NULL,	'ACTIVE',	'12312332332',	'27c92220-57c0-4263-bf24-f92155ec7de6',	NULL,	'2024-08-21 09:50:29',	NULL),
('a160174c-3e17-4623-8504-dea02e634036',	'Store 3',	'https://i.pinimg.com/564x/59/7a/de/597ade7f979fdb7c06df948d599862bb.jpg',	NULL,	NULL,	'ACTIVE',	NULL,	'4fbaeb18-6d87-40e3-80cd-5dbf57f963a7',	NULL,	'2024-04-09 16:19:35',	NULL),
('a60de0bc-812c-4433-a88b-eac3e128b455',	'Cửa hàng điện tử',	'https://i.pinimg.com/564x/e7/3e/50/e73e5033f3b449784e751b824599518d.jpg',	'TPHCM',	NULL,	'ACTIVE',	NULL,	'cb804886-3ead-4324-82de-bc1485ac2939',	NULL,	'2024-04-24 15:27:02',	NULL),
('bc9a15b5-732b-4c5f-bcca-3527b9d2793f',	'Cửa hàng điện tử',	'https://i.pinimg.com/564x/e7/3e/50/e73e5033f3b449784e751b824599518d.jpg',	'TPHCM',	NULL,	'ACTIVE',	NULL,	'6f154b33-0763-48ed-83a2-6de51e8fe15f',	NULL,	'2024-04-24 15:24:31',	NULL),
('cbd04531-67e2-4fe2-9cfb-366ac5eb923a',	'IT Mall',	'https://vanlocbucket.s3.ap-southeast-2.amazonaws.com/73e79987-2ca2-405b-b94c-f28aa9122b32_catliuliu.jpg',	'2D Phùng Văn Cung, Phú Nhuận, Thành Phố Hồ Chí Minh',	NULL,	'ACTIVE',	'12312312323',	'ef57bddf-f43c-4a42-b18f-c8bc7b8da79a',	NULL,	'2024-08-21 09:52:55',	NULL),
('d30a97e0-5b82-4aed-abc0-f0183d4b6129',	'Van Loc 3 Store',	'https://vanlocbucket.s3.ap-southeast-2.amazonaws.com/84a977a7-489b-44a0-af11-cd189ceb54a9_catliuliu.jpg',	'HCM',	NULL,	'ACTIVE',	NULL,	'187af660-ad6c-4256-a90f-e463dc9081de',	NULL,	'2024-04-27 17:03:12',	NULL),
('de51b1b6-ed27-49b7-a804-57b7992cbc81',	'Store 6',	'https://i.pinimg.com/564x/59/7a/de/597ade7f979fdb7c06df948d599862bb.jpg',	NULL,	NULL,	'ACTIVE',	NULL,	'f82a04b9-c41e-4d24-bc0b-3be0538a603b',	NULL,	'2024-04-09 16:19:35',	NULL),
('f104dc56-e794-4af4-b6a1-adf383b29f9c',	'Store 0',	'https://i.pinimg.com/564x/59/7a/de/597ade7f979fdb7c06df948d599862bb.jpg',	NULL,	NULL,	'ACTIVE',	NULL,	'd2873926-c2f1-4408-b6c2-dc18436429f0',	NULL,	'2024-04-09 16:19:35',	NULL),
('f27bd321-5c7b-420a-8dca-1630b1a216bb',	'Cat Store',	'https://vanlocbucket.s3.ap-southeast-2.amazonaws.com/a026ae32-a82f-4bdf-88cb-2cd50dc44a27_catliuliu.jpg',	'Tien Giang',	NULL,	'ACTIVE',	NULL,	'e9951249-ec77-4faf-9d3d-f0ee119091bd',	NULL,	'2024-04-27 16:53:44',	NULL),
('f94b297d-2e44-4dbe-a161-761c32596267',	'Store 8',	'https://i.pinimg.com/564x/59/7a/de/597ade7f979fdb7c06df948d599862bb.jpg',	NULL,	NULL,	'ACTIVE',	NULL,	'05044440-aad0-4223-b9c6-d29394a4d871',	NULL,	'2024-04-09 16:19:35',	NULL);

DROP TABLE IF EXISTS `StorePromotion`;
CREATE TABLE `StorePromotion` (
  `id` varchar(50) CHARACTER SET utf8mb4 COLLATE utf8mb4_unicode_ci NOT NULL,
  `salePromotionId` varchar(50) CHARACTER SET utf8mb4 COLLATE utf8mb4_unicode_ci NOT NULL,
  `storeId` varchar(50) CHARACTER SET utf8mb4 COLLATE utf8mb4_unicode_ci NOT NULL,
  `status` varchar(50) CHARACTER SET utf8mb4 COLLATE utf8mb4_unicode_ci NOT NULL,
  `createdAt` timestamp NOT NULL,
  `createdBy` varchar(50) CHARACTER SET utf8mb4 COLLATE utf8mb4_unicode_ci NOT NULL,
  `updatedAt` timestamp NULL DEFAULT NULL,
  `updatedBy` varchar(50) CHARACTER SET utf8mb4 COLLATE utf8mb4_unicode_ci DEFAULT NULL,
  PRIMARY KEY (`id`),
  KEY `createdBy` (`createdBy`),
  KEY `salePromotionId` (`salePromotionId`),
  KEY `storeId` (`storeId`),
  KEY `status` (`status`),
  CONSTRAINT `StorePromotion_ibfk_1` FOREIGN KEY (`storeId`) REFERENCES `Store` (`id`),
  CONSTRAINT `StorePromotion_ibfk_2` FOREIGN KEY (`salePromotionId`) REFERENCES `SalePromotion` (`id`) ON DELETE RESTRICT ON UPDATE RESTRICT
) ENGINE=InnoDB DEFAULT CHARSET=utf8mb4 COLLATE=utf8mb4_unicode_ci;

INSERT INTO `StorePromotion` (`id`, `salePromotionId`, `storeId`, `status`, `createdAt`, `createdBy`, `updatedAt`, `updatedBy`) VALUES
('7399cda9-7934-4283-adcd-efea57ff1ec1',	'5c1e7c8a-7ece-4d29-ad44-4a1730b74457',	'de51b1b6-ed27-49b7-a804-57b7992cbc81',	'ACTIVE',	'2024-08-21 19:01:25',	'f82a04b9-c41e-4d24-bc0b-3be0538a603b',	NULL,	NULL),
('9044aac4-8f76-4c51-a8f2-ea1a7931fe16',	'de2ff2f7-04e4-452a-80da-106eaf2e9793',	'de51b1b6-ed27-49b7-a804-57b7992cbc81',	'ACTIVE',	'2024-08-21 18:22:52',	'f82a04b9-c41e-4d24-bc0b-3be0538a603b',	NULL,	NULL),
('e4d778d3-65fa-40fe-b39d-28511a17e7fe',	'1ecfc28e-e68e-475a-a65e-a38df4555e83',	'de51b1b6-ed27-49b7-a804-57b7992cbc81',	'ACTIVE',	'2024-08-21 20:03:04',	'f82a04b9-c41e-4d24-bc0b-3be0538a603b',	NULL,	NULL);

DROP TABLE IF EXISTS `StoreRating`;
CREATE TABLE `StoreRating` (
  `id` varchar(50) CHARACTER SET utf8mb4 COLLATE utf8mb4_unicode_ci NOT NULL,
  `storeId` varchar(50) CHARACTER SET utf8mb4 COLLATE utf8mb4_unicode_ci NOT NULL,
  `one` int NOT NULL DEFAULT '0',
  `two` int NOT NULL DEFAULT '0',
  `three` int NOT NULL DEFAULT '0',
  `four` int NOT NULL DEFAULT '0',
  `five` int NOT NULL DEFAULT '0',
  `total` int NOT NULL DEFAULT '0',
  `average` double NOT NULL DEFAULT '0',
  `createdAt` timestamp NULL DEFAULT NULL,
  `updatedAt` timestamp NULL DEFAULT NULL,
  PRIMARY KEY (`id`)
) ENGINE=InnoDB DEFAULT CHARSET=utf8mb4 COLLATE=utf8mb4_unicode_ci;

INSERT INTO `StoreRating` (`id`, `storeId`, `one`, `two`, `three`, `four`, `five`, `total`, `average`, `createdAt`, `updatedAt`) VALUES
('16635683-8137-4da5-a27c-12fafd2be2e9',	'41c73d8c-8e0d-4816-9314-f9244af3cd00',	0,	0,	0,	1,	0,	1,	4,	'2024-08-13 20:54:43',	NULL),
('2b3ab51b-5c77-426f-b05e-54737852ac6a',	'de51b1b6-ed27-49b7-a804-57b7992cbc81',	0,	2,	0,	5,	0,	7,	3.8125,	'2024-07-22 12:47:43',	'2024-08-19 07:29:25'),
('55010947-d6dc-4dbd-87e1-7a26cb2e6746',	'465d9c2f-cbb7-4d53-943d-0b902f51861f',	0,	0,	0,	1,	1,	2,	4.5,	'2024-08-11 11:13:10',	'2024-08-14 02:38:39');

DROP TABLE IF EXISTS `UserViewStore`;
CREATE TABLE `UserViewStore` (
  `id` varchar(50) CHARACTER SET utf8mb4 COLLATE utf8mb4_unicode_ci NOT NULL,
  `storeId` varchar(50) CHARACTER SET utf8mb4 COLLATE utf8mb4_unicode_ci NOT NULL,
  `userId` varchar(50) CHARACTER SET utf8mb4 COLLATE utf8mb4_unicode_ci DEFAULT NULL,
  `createdAt` timestamp NULL DEFAULT NULL ON UPDATE CURRENT_TIMESTAMP,
  PRIMARY KEY (`id`),
  KEY `storeId` (`storeId`),
  KEY `userId` (`userId`),
  CONSTRAINT `UserViewStore_ibfk_1` FOREIGN KEY (`storeId`) REFERENCES `Store` (`id`)
) ENGINE=InnoDB DEFAULT CHARSET=utf8mb4 COLLATE=utf8mb4_unicode_ci;

INSERT INTO `UserViewStore` (`id`, `storeId`, `userId`, `createdAt`) VALUES
('115bf4af-6374-4bd3-8db8-9e4c5235907b',	'de51b1b6-ed27-49b7-a804-57b7992cbc81',	'27c92220-57c0-4263-bf24-f92155ec7de6',	'2024-08-17 14:18:52'),
('182fbee5-f46c-4952-bbb6-8e985fc82989',	'465d9c2f-cbb7-4d53-943d-0b902f51861f',	'7d4a0ef3-5ab0-45ab-b4c1-c049596e2749',	'2024-08-14 02:52:40'),
('18806f83-32b9-4646-8321-1becee56b7b1',	'de51b1b6-ed27-49b7-a804-57b7992cbc81',	'7d4a0ef3-5ab0-45ab-b4c1-c049596e2749',	'2024-08-06 15:29:45'),
('1a4fee7b-638d-4f0e-86f0-84c1c6d9b451',	'de51b1b6-ed27-49b7-a804-57b7992cbc81',	'bc119302-99fb-44b3-b07f-64eef34454cd',	'2024-08-09 14:56:57'),
('2257e9ac-0f69-48ec-a97c-0fc1b1b7cf74',	'de51b1b6-ed27-49b7-a804-57b7992cbc81',	'94f67cac-944d-472d-8157-bedf488a8502',	'2024-08-21 15:39:18'),
('28346ef5-8b04-41e2-8163-b27980b9d678',	'de51b1b6-ed27-49b7-a804-57b7992cbc81',	'94f67cac-944d-472d-8157-bedf488a8502',	'2024-08-21 21:05:50'),
('2af126ba-7004-4d19-b250-e8bf5f092a09',	'de51b1b6-ed27-49b7-a804-57b7992cbc81',	'7d4a0ef3-5ab0-45ab-b4c1-c049596e2749',	'2024-08-18 15:48:32'),
('32cee2a6-7458-4caa-ab18-bef9c43c2979',	'de51b1b6-ed27-49b7-a804-57b7992cbc81',	'27c92220-57c0-4263-bf24-f92155ec7de6',	'2024-08-17 05:08:28'),
('438cbe70-b4de-40e5-b16c-59401f26a974',	'de51b1b6-ed27-49b7-a804-57b7992cbc81',	'94f67cac-944d-472d-8157-bedf488a8502',	'2024-08-21 15:52:11'),
('464b1eea-958e-4500-bfce-e27e51341a31',	'de51b1b6-ed27-49b7-a804-57b7992cbc81',	'3206fa68-bd29-4fec-8174-c067ed4beb79',	NULL),
('4967dcc4-4483-4738-be08-d605a77902eb',	'de51b1b6-ed27-49b7-a804-57b7992cbc81',	'27c92220-57c0-4263-bf24-f92155ec7de6',	'2024-08-17 05:18:06'),
('4cbb951c-9b33-41a6-97e1-d93380e7ef40',	'de51b1b6-ed27-49b7-a804-57b7992cbc81',	'27c92220-57c0-4263-bf24-f92155ec7de6',	'2024-08-17 05:14:53'),
('50b8fd1e-3c75-46f5-af9f-d31dbdf9a159',	'de51b1b6-ed27-49b7-a804-57b7992cbc81',	'3206fa68-bd29-4fec-8174-c067ed4beb79',	'2024-08-03 15:01:29'),
('519a2582-204e-4bb0-8dcb-2fec9372d6ef',	'de51b1b6-ed27-49b7-a804-57b7992cbc81',	'7d4a0ef3-5ab0-45ab-b4c1-c049596e2749',	'2024-08-21 15:23:24'),
('52f4826c-3ed5-4048-b8b6-9cf576b3e692',	'de51b1b6-ed27-49b7-a804-57b7992cbc81',	'3206fa68-bd29-4fec-8174-c067ed4beb79',	'2024-08-04 14:40:50'),
('5761cc69-5d12-4c70-a863-63ac10e42d79',	'de51b1b6-ed27-49b7-a804-57b7992cbc81',	'7d4a0ef3-5ab0-45ab-b4c1-c049596e2749',	'2024-08-05 15:01:40'),
('5c6f3d0b-3ee2-4058-823d-b07de61a1645',	'de51b1b6-ed27-49b7-a804-57b7992cbc81',	'27c92220-57c0-4263-bf24-f92155ec7de6',	'2024-08-17 05:10:19'),
('626c9e06-c52c-4cfe-9348-350a68b82634',	'de51b1b6-ed27-49b7-a804-57b7992cbc81',	'bc119302-99fb-44b3-b07f-64eef34454cd',	'2024-08-05 14:14:27'),
('6481216d-29da-42a6-96fc-56a088aabe73',	'de51b1b6-ed27-49b7-a804-57b7992cbc81',	'27c92220-57c0-4263-bf24-f92155ec7de6',	'2024-08-18 15:46:36'),
('6558d17a-a679-4f8f-af09-8fa219015082',	'de51b1b6-ed27-49b7-a804-57b7992cbc81',	'27c92220-57c0-4263-bf24-f92155ec7de6',	'2024-08-17 05:09:09'),
('666652f1-7545-494c-bdc1-fff081c60a02',	'de51b1b6-ed27-49b7-a804-57b7992cbc81',	'27c92220-57c0-4263-bf24-f92155ec7de6',	'2024-08-17 18:40:19'),
('6be82af5-28f8-48a1-bfce-60187ccc332d',	'de51b1b6-ed27-49b7-a804-57b7992cbc81',	'7d4a0ef3-5ab0-45ab-b4c1-c049596e2749',	'2024-08-17 03:30:56'),
('6f95ee46-89c2-4704-99a1-72306e4fcbf3',	'de51b1b6-ed27-49b7-a804-57b7992cbc81',	'27c92220-57c0-4263-bf24-f92155ec7de6',	'2024-08-17 05:16:58'),
('6fb418ec-789d-4e32-a3b3-f9a0e941ccd8',	'de51b1b6-ed27-49b7-a804-57b7992cbc81',	'27c92220-57c0-4263-bf24-f92155ec7de6',	'2024-08-17 05:00:03'),
('72a1c64d-2cf6-47a7-bd43-11b9f58035d7',	'de51b1b6-ed27-49b7-a804-57b7992cbc81',	'27c92220-57c0-4263-bf24-f92155ec7de6',	'2024-08-17 18:34:28'),
('72b72960-f04b-4b12-9814-2f20ecfb0767',	'de51b1b6-ed27-49b7-a804-57b7992cbc81',	'3206fa68-bd29-4fec-8174-c067ed4beb79',	'2024-08-04 15:43:51'),
('72ce4089-c0df-4651-b9b4-abe1579f82ec',	'465d9c2f-cbb7-4d53-943d-0b902f51861f',	'27c92220-57c0-4263-bf24-f92155ec7de6',	'2024-08-17 05:30:16'),
('72d25af4-881c-4238-904b-fb80cf12beae',	'de51b1b6-ed27-49b7-a804-57b7992cbc81',	'3206fa68-bd29-4fec-8174-c067ed4beb79',	'2024-08-03 10:04:23'),
('7537b183-d7d1-49a6-af88-fd49da1b911a',	'a160174c-3e17-4623-8504-dea02e634036',	'bc119302-99fb-44b3-b07f-64eef34454cd',	'2024-08-12 10:19:45'),
('75a9cfb3-111e-42ee-942f-984badd4a89b',	'93dd964f-2e6d-4874-9c79-009eb4d89202',	'3206fa68-bd29-4fec-8174-c067ed4beb79',	'2024-08-02 20:58:54'),
('786bee68-798b-45b2-b8b6-d39f4303114f',	'de51b1b6-ed27-49b7-a804-57b7992cbc81',	'27c92220-57c0-4263-bf24-f92155ec7de6',	'2024-08-18 06:02:45'),
('7b71d240-9c61-4218-842f-4adbb4a388c4',	'de51b1b6-ed27-49b7-a804-57b7992cbc81',	'7d4a0ef3-5ab0-45ab-b4c1-c049596e2749',	'2024-08-18 08:22:12'),
('7f8e3166-fa91-4998-9709-4b3fe0947b27',	'de51b1b6-ed27-49b7-a804-57b7992cbc81',	'27c92220-57c0-4263-bf24-f92155ec7de6',	'2024-08-17 05:33:33'),
('7ffd0cf7-ed73-4b4c-ab6f-3dfa74833904',	'de51b1b6-ed27-49b7-a804-57b7992cbc81',	'94f67cac-944d-472d-8157-bedf488a8502',	'2024-08-21 15:38:20'),
('8850134f-e5c1-4d70-8e87-35ef88f5c406',	'465d9c2f-cbb7-4d53-943d-0b902f51861f',	'3206fa68-bd29-4fec-8174-c067ed4beb79',	'2024-08-03 08:00:49'),
('8fda9b53-2e69-4ac2-a2db-362ffbffad61',	'465d9c2f-cbb7-4d53-943d-0b902f51861f',	'7d4a0ef3-5ab0-45ab-b4c1-c049596e2749',	'2024-08-14 02:53:13'),
('91ce33e1-508b-46f9-9722-373db0e23381',	'de51b1b6-ed27-49b7-a804-57b7992cbc81',	'bc119302-99fb-44b3-b07f-64eef34454cd',	'2024-08-06 06:34:08'),
('9265b0aa-bccc-4af6-b927-948e493565a5',	'de51b1b6-ed27-49b7-a804-57b7992cbc81',	'27c92220-57c0-4263-bf24-f92155ec7de6',	'2024-08-18 08:30:52'),
('968ffbfb-fd16-4d99-bb9a-6fa92f5739cc',	'de51b1b6-ed27-49b7-a804-57b7992cbc81',	'27c92220-57c0-4263-bf24-f92155ec7de6',	'2024-08-17 05:08:10'),
('9a5ab6e9-bd16-4946-86a2-ea3b0643af39',	'de51b1b6-ed27-49b7-a804-57b7992cbc81',	'27c92220-57c0-4263-bf24-f92155ec7de6',	'2024-08-18 08:21:20'),
('9b1ca714-3be0-4c17-a24a-fbb677e7a560',	'de51b1b6-ed27-49b7-a804-57b7992cbc81',	'7d4a0ef3-5ab0-45ab-b4c1-c049596e2749',	'2024-08-18 15:55:10'),
('9e453a64-3b2f-4dfb-ab8f-f5b8273770a4',	'de51b1b6-ed27-49b7-a804-57b7992cbc81',	'27c92220-57c0-4263-bf24-f92155ec7de6',	'2024-08-17 05:08:41'),
('a0bce712-67d5-4749-a275-2e1ad31b8ff6',	'de51b1b6-ed27-49b7-a804-57b7992cbc81',	'7d4a0ef3-5ab0-45ab-b4c1-c049596e2749',	'2024-08-17 03:59:03'),
('a218b97f-b3d5-44be-9d20-156a0fff4fef',	'de51b1b6-ed27-49b7-a804-57b7992cbc81',	'27c92220-57c0-4263-bf24-f92155ec7de6',	'2024-08-19 04:18:44'),
('a6fd16cc-dfeb-4a21-a509-717997687f01',	'de51b1b6-ed27-49b7-a804-57b7992cbc81',	'27c92220-57c0-4263-bf24-f92155ec7de6',	'2024-08-18 15:54:54'),
('a8e7f56d-b0b3-4c41-b326-39059e3cf45f',	'de51b1b6-ed27-49b7-a804-57b7992cbc81',	'94f67cac-944d-472d-8157-bedf488a8502',	'2024-08-21 15:42:36'),
('ae4375b0-f321-4ac5-8fd5-251a56eeb5de',	'de51b1b6-ed27-49b7-a804-57b7992cbc81',	'ad597a58-ef3f-4ee8-9552-74d4668d9b2b',	'2024-08-06 06:33:59'),
('af08a11f-1ff4-4ec7-a07a-9e9592dda99d',	'de51b1b6-ed27-49b7-a804-57b7992cbc81',	'7d4a0ef3-5ab0-45ab-b4c1-c049596e2749',	'2024-08-19 04:17:56'),
('b3909587-1e34-44a3-b946-3e715ad14c44',	'de51b1b6-ed27-49b7-a804-57b7992cbc81',	'94f67cac-944d-472d-8157-bedf488a8502',	'2024-08-21 10:41:19'),
('b4234a1e-dd14-43e1-adf1-d1ee0f280183',	'de51b1b6-ed27-49b7-a804-57b7992cbc81',	'27c92220-57c0-4263-bf24-f92155ec7de6',	'2024-08-17 05:33:21'),
('b5759560-b4be-4af7-b162-556727548913',	'de51b1b6-ed27-49b7-a804-57b7992cbc81',	'7d4a0ef3-5ab0-45ab-b4c1-c049596e2749',	'2024-08-17 03:49:23'),
('c44eb7d9-3fc2-4e69-98e1-2b6cf6e30b5d',	'de51b1b6-ed27-49b7-a804-57b7992cbc81',	'7d4a0ef3-5ab0-45ab-b4c1-c049596e2749',	'2024-08-06 01:44:18'),
('c66910ad-9dfe-4932-9bb6-f91d2c67592e',	'de51b1b6-ed27-49b7-a804-57b7992cbc81',	'3206fa68-bd29-4fec-8174-c067ed4beb79',	'2024-08-04 14:56:21'),
('cd5b9a8c-3210-44e2-ba90-2320319d7bbf',	'de51b1b6-ed27-49b7-a804-57b7992cbc81',	'27c92220-57c0-4263-bf24-f92155ec7de6',	'2024-08-17 19:16:53'),
('d0701704-69c4-4f60-a23e-ba91c30fe2cd',	'de51b1b6-ed27-49b7-a804-57b7992cbc81',	'27c92220-57c0-4263-bf24-f92155ec7de6',	'2024-08-18 08:32:07'),
('d4a2a948-af92-4c47-bc7c-413d65a33d74',	'de51b1b6-ed27-49b7-a804-57b7992cbc81',	'3206fa68-bd29-4fec-8174-c067ed4beb79',	'2024-08-02 21:04:21'),
('d8ddf96c-7d41-4f00-9e0c-b1b6273a4303',	'de51b1b6-ed27-49b7-a804-57b7992cbc81',	'27c92220-57c0-4263-bf24-f92155ec7de6',	'2024-08-17 05:07:08'),
('db3210d9-ff69-4ad6-a4ae-9812964a0382',	'de51b1b6-ed27-49b7-a804-57b7992cbc81',	'3206fa68-bd29-4fec-8174-c067ed4beb79',	NULL),
('ddcc87b4-8f87-4ca2-8d37-29b76574cd4f',	'de51b1b6-ed27-49b7-a804-57b7992cbc81',	'94f67cac-944d-472d-8157-bedf488a8502',	'2024-08-21 20:58:35'),
('de9ce0d0-c652-4c48-9ae6-0f050da65259',	'de51b1b6-ed27-49b7-a804-57b7992cbc81',	'bc119302-99fb-44b3-b07f-64eef34454cd',	'2024-08-06 11:54:46'),
('ea09e836-2bcf-4379-8fd9-9e5f0c3a2743',	'de51b1b6-ed27-49b7-a804-57b7992cbc81',	'bc119302-99fb-44b3-b07f-64eef34454cd',	'2024-08-09 14:57:23'),
('f152f71c-2645-4223-9696-a9575d6ad43d',	'de51b1b6-ed27-49b7-a804-57b7992cbc81',	'7d4a0ef3-5ab0-45ab-b4c1-c049596e2749',	'2024-08-05 14:08:51'),
('f3839ffa-a363-4469-a107-7de4ad336dd9',	'de51b1b6-ed27-49b7-a804-57b7992cbc81',	'94f67cac-944d-472d-8157-bedf488a8502',	'2024-08-21 21:11:53'),
('f93cfe03-8f3f-455c-98e5-fa5cd64b1bb2',	'de51b1b6-ed27-49b7-a804-57b7992cbc81',	'7d4a0ef3-5ab0-45ab-b4c1-c049596e2749',	'2024-08-17 04:43:56'),
('fcaefee6-ded8-43c4-a990-41f9061843e2',	'de51b1b6-ed27-49b7-a804-57b7992cbc81',	'27c92220-57c0-4263-bf24-f92155ec7de6',	'2024-08-19 07:11:55');

DROP TABLE IF EXISTS `Voucher`;
CREATE TABLE `Voucher` (
  `id` varchar(50) CHARACTER SET utf8mb4 COLLATE utf8mb4_unicode_ci NOT NULL,
  `code` varchar(100) CHARACTER SET utf8mb4 COLLATE utf8mb4_unicode_ci NOT NULL,
  `title` varchar(255) CHARACTER SET utf8mb4 COLLATE utf8mb4_unicode_ci NOT NULL,
  `description` text CHARACTER SET utf8mb4 COLLATE utf8mb4_unicode_ci,
  `initQuantity` int NOT NULL,
  `currentQuantity` int NOT NULL,
  `status` varchar(20) CHARACTER SET utf8mb4 COLLATE utf8mb4_unicode_ci NOT NULL,
  `type` varchar(20) CHARACTER SET utf8mb4 COLLATE utf8mb4_unicode_ci NOT NULL,
  `storeId` varchar(50) CHARACTER SET utf8mb4 COLLATE utf8mb4_unicode_ci DEFAULT NULL,
  `percent` double DEFAULT NULL,
  `maximum` int DEFAULT NULL,
  `startDate` timestamp NOT NULL,
  `endDate` timestamp NULL DEFAULT NULL,
  `createdBy` varchar(50) CHARACTER SET utf8mb4 COLLATE utf8mb4_unicode_ci NOT NULL,
  `createdAt` timestamp NOT NULL DEFAULT CURRENT_TIMESTAMP,
  `updatedBy` varchar(50) CHARACTER SET utf8mb4 COLLATE utf8mb4_unicode_ci DEFAULT NULL,
  `updatedAt` timestamp NULL DEFAULT NULL,
  `categoryConditionId` varchar(50) CHARACTER SET utf8mb4 COLLATE utf8mb4_unicode_ci DEFAULT NULL,
  `priceConditionId` varchar(50) CHARACTER SET utf8mb4 COLLATE utf8mb4_unicode_ci DEFAULT NULL,
  PRIMARY KEY (`id`),
  KEY `categoryConditionId` (`categoryConditionId`),
  KEY `priceConditionId` (`priceConditionId`),
  KEY `storeId` (`storeId`),
  KEY `code` (`code`),
  KEY `status` (`status`),
  KEY `type` (`type`),
  KEY `startDate` (`startDate`),
  KEY `endDate` (`endDate`),
  CONSTRAINT `Voucher_ibfk_1` FOREIGN KEY (`storeId`) REFERENCES `Store` (`id`),
  CONSTRAINT `Voucher_ibfk_2` FOREIGN KEY (`categoryConditionId`) REFERENCES `CategoryConditionVoucher` (`id`),
  CONSTRAINT `Voucher_ibfk_3` FOREIGN KEY (`priceConditionId`) REFERENCES `PriceConditionVoucher` (`id`)
) ENGINE=InnoDB DEFAULT CHARSET=utf8mb4 COLLATE=utf8mb4_unicode_ci;

INSERT INTO `Voucher` (`id`, `code`, `title`, `description`, `initQuantity`, `currentQuantity`, `status`, `type`, `storeId`, `percent`, `maximum`, `startDate`, `endDate`, `createdBy`, `createdAt`, `updatedBy`, `updatedAt`, `categoryConditionId`, `priceConditionId`) VALUES
('17dd9943-e35e-440a-b23b-a5aecb562bf3',	'TEST2',	'TEST2',	'store4 testing',	10,	10,	'ACTIVE',	'HIDDEN',	'465d9c2f-cbb7-4d53-943d-0b902f51861f',	20,	20000,	'2024-08-17 17:00:00',	'2024-08-28 17:00:00',	'a666dc45-29aa-4301-87bb-18cc547386be',	'2024-08-17 19:02:02',	NULL,	NULL,	NULL,	NULL),
('1ac72a9a-6873-40f6-94d4-e8e6c1395b23',	'TEST2',	'123213',	'123123',	10,	0,	'ACTIVE',	'GLOBAL',	NULL,	20,	20000,	'2024-08-17 17:00:00',	'2024-08-29 17:00:00',	'331378bb-8e22-48e6-ac07-c5121bc70e41',	'2024-08-17 18:58:45',	NULL,	'2024-08-21 10:43:00',	NULL,	'4579548b-e070-4771-82d8-0a0e674e568a'),
('28d2db14-9027-4db7-9492-f2bf4e7b6d01',	'HIDDEN5',	'Vui cùng bạn',	'Mã giảm giá dành riêng cho bạn',	10,	7,	'ACTIVE',	'STORE',	'de51b1b6-ed27-49b7-a804-57b7992cbc81',	13,	20000,	'2024-08-20 17:00:00',	'2024-08-28 17:00:00',	'f82a04b9-c41e-4d24-bc0b-3be0538a603b',	'2024-08-21 15:49:56',	'f82a04b9-c41e-4d24-bc0b-3be0538a603b',	'2024-08-21 18:56:00',	NULL,	NULL),
('2e7fe196-5aa6-45f4-b967-025974d206b7',	'GLOBAL2',	'123213',	'123123',	10,	1,	'ACTIVE',	'GLOBAL',	NULL,	20,	20000,	'2024-08-17 17:00:00',	'2024-08-29 17:00:00',	'331378bb-8e22-48e6-ac07-c5121bc70e41',	'2024-08-17 17:46:19',	NULL,	'2024-08-21 15:43:00',	NULL,	'cb6d4420-7b58-413d-9033-d5aa9fb41064'),
('434a881b-bbca-4f3e-9b5c-2f6b334b1136',	'GLOBAL',	'GLOBAL',	'GLOBAL',	10,	1,	'ACTIVE',	'GLOBAL',	NULL,	20,	20000,	'2024-08-16 17:00:00',	'2024-08-27 17:00:00',	'331378bb-8e22-48e6-ac07-c5121bc70e41',	'2024-08-17 16:22:08',	NULL,	'2024-08-18 18:15:00',	'6bbb87ac-71e5-4840-aea0-78ab6b73627b',	'3f7b12b6-0931-4d25-b61a-d257382f66b3'),
('578913c6-55d8-4510-8ebe-34e613ad108c',	'HIDDEN',	'hidden',	'Giảm giá cuối tuần',	10,	10,	'ACTIVE',	'HIDDEN',	'de51b1b6-ed27-49b7-a804-57b7992cbc81',	20,	20000,	'2024-08-14 17:00:00',	'2024-08-19 17:00:00',	'f82a04b9-c41e-4d24-bc0b-3be0538a603b',	'2024-08-17 12:01:02',	'f82a04b9-c41e-4d24-bc0b-3be0538a603b',	'2024-08-17 12:16:08',	'b1770006-411d-4f8e-a658-0d506e969aa0',	'8d824d9e-df22-4ace-a391-94e851295c3c'),
('9d0455b0-06c6-43cd-ba29-57753b2d234b',	'HIDDEN6',	'Vui cùng bạn',	'Vui cùng bạn',	10,	9,	'ACTIVE',	'HIDDEN',	'de51b1b6-ed27-49b7-a804-57b7992cbc81',	13,	15000,	'2024-08-20 17:00:00',	'2024-08-29 17:00:00',	'f82a04b9-c41e-4d24-bc0b-3be0538a603b',	'2024-08-21 15:51:25',	NULL,	'2024-08-21 15:55:00',	NULL,	NULL),
('a6e5f871-e1d6-44d0-8ea8-68af143c932d',	'TEST3',	'TEST3',	'Testing 3',	10,	2,	'ACTIVE',	'STORE',	'de51b1b6-ed27-49b7-a804-57b7992cbc81',	20,	33000,	'2024-08-17 17:00:00',	'2024-08-28 17:00:00',	'113cb669-39fd-4494-85eb-b4b9c07c6d9c',	'2024-08-18 12:54:56',	NULL,	'2024-08-18 16:16:00',	NULL,	NULL),
('a99a45f9-f5e7-4828-b7f7-4cb3eaa27a5d',	'TEST2',	'TEST2',	'testing',	10,	4,	'ACTIVE',	'STORE',	'de51b1b6-ed27-49b7-a804-57b7992cbc81',	20,	20000,	'2024-08-17 17:00:00',	'2024-08-28 17:00:00',	'f82a04b9-c41e-4d24-bc0b-3be0538a603b',	'2024-08-17 18:59:37',	NULL,	'2024-08-21 15:45:00',	NULL,	NULL),
('d0685b71-86e5-4494-ab76-dcbdc3520186',	'TEST',	'TEst',	'test',	10,	8,	'ACTIVE',	'STORE',	'465d9c2f-cbb7-4d53-943d-0b902f51861f',	20,	20000,	'2024-08-17 17:00:00',	'2024-08-19 17:00:00',	'a666dc45-29aa-4301-87bb-18cc547386be',	'2024-08-17 17:30:18',	NULL,	'2024-08-18 17:20:00',	NULL,	'd384b014-710f-4c32-a696-b6a4a08afc7a'),
('f5ccc9b7-3861-4f56-b2e1-f59b64372473',	'TEST1',	'Test1',	'mo ta test 1',	10,	9,	'ACTIVE',	'STORE',	'de51b1b6-ed27-49b7-a804-57b7992cbc81',	7,	20000,	'2024-08-16 17:00:00',	'2024-08-19 17:00:00',	'f82a04b9-c41e-4d24-bc0b-3be0538a603b',	'2024-08-17 14:05:39',	'f82a04b9-c41e-4d24-bc0b-3be0538a603b',	'2024-08-18 06:25:00',	NULL,	'59c7918f-0ca7-4862-8292-8d7ae5c6ef3d');

-- 2024-08-22 01:49:53