-- Adminer 4.8.1 MySQL 9.0.0 dump

SET NAMES utf8;
SET time_zone = '+00:00';
SET foreign_key_checks = 0;
SET sql_mode = 'NO_AUTO_VALUE_ON_ZERO';

SET NAMES utf8mb4;

DROP TABLE IF EXISTS `Account`;
CREATE TABLE `Account` (
  `username` varchar(100) CHARACTER SET utf8mb4 COLLATE utf8mb4_unicode_ci NOT NULL,
  `password` varchar(255) CHARACTER SET utf8mb4 COLLATE utf8mb4_unicode_ci NOT NULL,
  `userId` varchar(50) CHARACTER SET utf8mb4 COLLATE utf8mb4_unicode_ci NOT NULL,
  `storeRoleId` varchar(50) CHARACTER SET utf8mb4 COLLATE utf8mb4_unicode_ci DEFAULT NULL,
  `createdBy` varchar(50) CHARACTER SET utf8mb4 COLLATE utf8mb4_unicode_ci DEFAULT NULL,
  `updatedBy` varchar(50) CHARACTER SET utf8mb4 COLLATE utf8mb4_unicode_ci DEFAULT NULL,
  `createdAt` timestamp NULL DEFAULT CURRENT_TIMESTAMP,
  `updatedAt` timestamp NULL DEFAULT NULL,
  PRIMARY KEY (`username`),
  KEY `createdBy` (`createdBy`),
  KEY `storeRoleId` (`storeRoleId`),
  KEY `updatedBy` (`updatedBy`),
  KEY `userId` (`userId`),
  CONSTRAINT `Account_ibfk_1` FOREIGN KEY (`userId`) REFERENCES `User` (`id`),
  CONSTRAINT `Account_ibfk_2` FOREIGN KEY (`createdBy`) REFERENCES `User` (`id`),
  CONSTRAINT `Account_ibfk_3` FOREIGN KEY (`updatedBy`) REFERENCES `User` (`id`),
  CONSTRAINT `Account_ibfk_4` FOREIGN KEY (`storeRoleId`) REFERENCES `StoreRole` (`id`)
) ENGINE=InnoDB DEFAULT CHARSET=utf8mb4 COLLATE=utf8mb4_unicode_ci;

INSERT INTO `Account` (`username`, `password`, `userId`, `storeRoleId`, `createdBy`, `updatedBy`, `createdAt`, `updatedAt`) VALUES
('123123',	'$2a$10$uR.bft7/RarfnOAZHu4fk.aKRDGcxJa9atEGdWslJX3dAvU8xYguq',	'0c223403-599d-4e84-afe2-d292c4254030',	'2fae3dac-6d3e-4065-9e40-6716388b5374',	'6f154b33-0763-48ed-83a2-6de51e8fe15f',	NULL,	'2024-05-08 16:11:46',	'2024-08-15 18:53:42'),
('abcd123123',	'$2a$10$/JF52QsxtsMG7uPzfJprOuRw3NpqWBsB7r3a5VbBmiOQaN9X.1ZP2',	'22c4cdea-30a6-40df-8dcd-cc606c9db7cc',	'54ba912e-b926-477b-bc94-119440ea6cc7',	NULL,	NULL,	'2024-08-13 20:23:17',	NULL),
('admin',	'$2a$10$GjVoaKjp1SUehyXMYkRRGOMm/vTfXxGXa.j2J7tIG7G/VU0ZR/X9m',	'6f154b33-0763-48ed-83a2-6de51e8fe15f',	'1f4c1832-6765-47ee-b2d0-7a958a638414',	NULL,	NULL,	'2024-04-13 02:47:08',	NULL),
('admin1',	'$2a$10$2tOaI3rbwjcB9LCwwC07RO2KisbQvrfKrmYpCR8DJqD9R1GDSi8Ay',	'cb804886-3ead-4324-82de-bc1485ac2939',	'e7d9d715-7c00-4f50-9b67-8425e8bf8272',	NULL,	NULL,	'2024-04-24 15:26:52',	NULL),
('admin2',	'$2a$10$eDwCyXLUOR79AQPEJv0IKu05r4IQVvElkHJNbn5bdCBS/SDK6mSYK',	'331378bb-8e22-48e6-ac07-c5121bc70e41',	NULL,	NULL,	NULL,	'2024-04-16 15:13:09',	NULL),
('chauvanloc',	'$2a$10$dvqQ72o5hZyucYtZgDblHuDrMo/.E.QH6ml3f9XLNPMoNCJOR.97.',	'5dfccbc6-a03b-4f98-857b-5a89868e5e93',	'70602fbf-0bab-45b8-a702-baf8197ceaa7',	'6f154b33-0763-48ed-83a2-6de51e8fe15f',	NULL,	'2024-05-08 14:05:26',	NULL),
('chauvanloc01',	'$2a$10$eCJjgJ4bJcfkegJKjfZ03unsWSdVJqmaeOasarWKR.h8GhJ02Dkuu',	'7d4a0ef3-5ab0-45ab-b4c1-c049596e2749',	'ff743857-c389-4282-b116-a0362355bb91',	NULL,	'7d4a0ef3-5ab0-45ab-b4c1-c049596e2749',	'2024-08-05 08:08:39',	'2024-08-15 18:40:13'),
('chauvanloc02',	'$2a$10$HeLK6vU6mOmr2YSXimaQwetZhQSmiZvw4thk2y0xEBtD7EuSuYpNy',	'bc119302-99fb-44b3-b07f-64eef34454cd',	NULL,	NULL,	NULL,	'2024-08-05 10:56:58',	NULL),
('chauvanloc03',	'$2a$10$uW/3z7N66hr6FxBQpjGw9u8CYbbIS9bcFPnYK/xob/h/2UZuPlWtW',	'27c92220-57c0-4263-bf24-f92155ec7de6',	'b4df6628-7646-49c8-87c9-57a452e1acee',	NULL,	NULL,	'2024-08-14 00:13:09',	NULL),
('chauvanloc04',	'$2a$10$eDwCyXLUOR79AQPEJv0IKu05r4IQVvElkHJNbn5bdCBS/SDK6mSYK',	'7d606713-4420-4633-8ed2-4e8b229a46a5',	NULL,	NULL,	NULL,	'2024-08-15 18:28:59',	NULL),
('chauvanloc05',	'$2a$10$rhL9JgYgc.GmcNXizgoLK.w3F7tnA1tU2uoB/TwlsYsuKCbFuNJo2',	'543794bb-ae75-46aa-86bf-ba661da004b2',	NULL,	NULL,	NULL,	'2024-08-15 18:36:36',	NULL),
('edu',	'$2a$10$EiF4lw4nfYp8TNCxuGIoZOrxj5Cj5N3NyVXYFsmzLR.n55a8dHveK',	'64874f2a-8d6f-4b22-bae3-f8dd701f2ee0',	'aec6de8e-28d4-42d2-9003-10e3c8e7c821',	NULL,	NULL,	'2024-08-14 01:05:41',	'2024-08-14 02:25:17'),
('employee1',	'$2a$10$XipWCmB2bpajZfHqEx20kOmxnqOXYxzlL1q/MkXWmW7hzQE1uRlgi',	'7d6c1268-fdd3-4a47-8e96-f7b01d7c9ea1',	'9062e012-3b16-4c79-9bbe-2b0c13395c33',	'a226f227-c629-4c75-98ca-e56a3dab016e',	NULL,	'2024-04-13 02:45:09',	NULL),
('huhu',	'$2a$10$KvlRLYLNu2i1ilU/4HH.8.KPzHbdABTBNfJyU4yD0l4W85UJmexEG',	'def2787e-2db2-44ab-84fb-b4aa24971e98',	'3021785a-5da4-4b92-9e4d-17cc01f5470b',	'a666dc45-29aa-4301-87bb-18cc547386be',	NULL,	'2024-08-14 02:40:36',	NULL),
('itbee',	'$2a$10$EOlNUZK1RwxTtZaZmUhDxOWojxG2zI8TlRsUwP9u48x5UeR8oQIqy',	'ad597a58-ef3f-4ee8-9552-74d4668d9b2b',	NULL,	NULL,	NULL,	'2024-08-06 05:17:29',	NULL),
('kientran',	'$2a$10$W2Jfs26RHt7uT.pk9w61F.epVDj89dCRTiSGsJ/TVNgUX7JdJW/va',	'45d9b1e5-7b76-4fb0-98fe-c5fc84256389',	'0a8f0852-ac0d-4ee7-88c3-1c4c06ef9f35',	'6f154b33-0763-48ed-83a2-6de51e8fe15f',	NULL,	'2024-05-09 13:07:00',	NULL),
('locvan',	'$2a$10$TpbeEcnoleEF58ueEEKDWedtR/ieAm/fn6LRp2OJF1553vrL.EQ9m',	'113cb669-39fd-4494-85eb-b4b9c07c6d9c',	'565f802d-5f17-4e95-be06-cfb409a89ce4',	'f82a04b9-c41e-4d24-bc0b-3be0538a603b',	NULL,	'2024-08-13 10:55:15',	NULL),
('ngochien',	'$2a$10$lx7E0Ae2.f3BtCGNm94UYegCVPBb4zAtTYObqX/lXzsd6YxwmU.0C',	'94f67cac-944d-472d-8157-bedf488a8502',	'3e0b5af4-0988-4b5a-aa9b-6e03f018d048',	NULL,	NULL,	'2024-08-21 10:37:47',	NULL),
('store3vanloc',	'$2a$10$ZQsiywIiVJNA1u/ELly7x.oPYPcw4LcC/qFUAj9kRazQT1lqE.MWO',	'0debd488-9bc8-4666-9873-72a5e9009898',	'3c4ed5d4-6b6f-4a83-a0cf-f974182ffbe2',	'4fbaeb18-6d87-40e3-80cd-5dbf57f963a7',	NULL,	'2024-08-15 15:40:12',	NULL),
('tanhai',	'$2a$10$1fPhq0cqPKvBZAayCmjYxumgTxzDfg.MaeQ0Jg7yBQZGttXk2aTRy',	'ef57bddf-f43c-4a42-b18f-c8bc7b8da79a',	'4dfaf708-f06a-4ddb-8dae-5e2f60edf9f4',	NULL,	NULL,	'2024-08-21 09:51:27',	NULL),
('tanloc',	'$2a$10$O6ZAei/2aX2Q.z0IO0VK1.r2v2f6HfooxQLhX0Cc1aJr/SooCLxx.',	'3206fa68-bd29-4fec-8174-c067ed4beb79',	NULL,	NULL,	NULL,	'2024-07-22 16:24:14',	NULL),
('user0',	'$2a$10$eDwCyXLUOR79AQPEJv0IKu05r4IQVvElkHJNbn5bdCBS/SDK6mSYK',	'd2873926-c2f1-4408-b6c2-dc18436429f0',	'a7c6ef4f-63ab-4841-9eb5-51705ee8289a',	NULL,	NULL,	'2024-04-09 16:19:39',	NULL),
('user1',	'$2a$10$eDwCyXLUOR79AQPEJv0IKu05r4IQVvElkHJNbn5bdCBS/SDK6mSYK',	'a226f227-c629-4c75-98ca-e56a3dab016e',	'f1945fb7-3199-4df9-9bcf-66d52af445e3',	NULL,	NULL,	'2024-04-09 16:19:39',	NULL),
('user10',	'$2a$10$eDwCyXLUOR79AQPEJv0IKu05r4IQVvElkHJNbn5bdCBS/SDK6mSYK',	'abdf677a-71ff-4f81-a2c5-6615a04bedfe',	'b29021dd-7d54-492b-b02a-85b25cdfce1f',	NULL,	NULL,	'2024-04-09 16:19:39',	NULL),
('user2',	'$2a$10$eDwCyXLUOR79AQPEJv0IKu05r4IQVvElkHJNbn5bdCBS/SDK6mSYK',	'0f9a0d3c-c666-4851-835e-59c6dc035218',	'825be1f9-3cf8-46f7-9c17-b019ae54a238',	NULL,	NULL,	'2024-04-09 16:19:39',	NULL),
('user3',	'$2a$10$eDwCyXLUOR79AQPEJv0IKu05r4IQVvElkHJNbn5bdCBS/SDK6mSYK',	'4fbaeb18-6d87-40e3-80cd-5dbf57f963a7',	'0ed0661b-ab71-411c-bce1-3f61941e9969',	NULL,	NULL,	'2024-04-09 16:19:39',	NULL),
('user4',	'$2a$10$eDwCyXLUOR79AQPEJv0IKu05r4IQVvElkHJNbn5bdCBS/SDK6mSYK',	'6c868791-2b31-46aa-b24f-9442084f260a',	'166a08cc-3f76-47f2-a465-79e61b423f73',	NULL,	NULL,	'2024-04-09 16:19:39',	NULL),
('user5',	'$2a$10$eDwCyXLUOR79AQPEJv0IKu05r4IQVvElkHJNbn5bdCBS/SDK6mSYK',	'a3816a2a-93c2-49a9-b5af-16e25615b2c1',	'7d8936a0-7991-464c-b97a-582496a468eb',	NULL,	NULL,	'2024-04-09 16:19:39',	NULL),
('user6',	'$2a$10$eDwCyXLUOR79AQPEJv0IKu05r4IQVvElkHJNbn5bdCBS/SDK6mSYK',	'f82a04b9-c41e-4d24-bc0b-3be0538a603b',	'7b5e893f-8eed-466f-b44e-267053c4de48',	NULL,	NULL,	'2024-04-09 16:19:39',	NULL),
('user7',	'$2a$10$eDwCyXLUOR79AQPEJv0IKu05r4IQVvElkHJNbn5bdCBS/SDK6mSYK',	'e9307983-16bd-42ce-a3bf-7e12dc89fae6',	'e87c9a4c-00cb-46de-8607-d71524aa4547',	NULL,	NULL,	'2024-04-09 16:19:39',	NULL),
('user8',	'$2a$10$eDwCyXLUOR79AQPEJv0IKu05r4IQVvElkHJNbn5bdCBS/SDK6mSYK',	'05044440-aad0-4223-b9c6-d29394a4d871',	'4a7037f3-e565-446c-b8a3-e85c03550c0c',	NULL,	NULL,	'2024-04-09 16:19:39',	NULL),
('user9',	'$2a$10$eDwCyXLUOR79AQPEJv0IKu05r4IQVvElkHJNbn5bdCBS/SDK6mSYK',	'a666dc45-29aa-4301-87bb-18cc547386be',	'edcd2e1f-dad5-4bb3-ad5b-366d538059d0',	NULL,	NULL,	'2024-04-09 16:19:39',	NULL),
('vanlcoemp10',	'$2a$10$Pzrt1zM6BDOTbNTtRRcTLeRSbZ7MjUub4UJwCF5d9Lpgk1Xyk5OQO',	'40e8001d-79f8-4c8b-be63-0e6ca5ad4dd8',	'd42eec7c-1360-4c32-9d0f-7a2527d333eb',	'6f154b33-0763-48ed-83a2-6de51e8fe15f',	NULL,	'2024-05-08 16:10:50',	NULL),
('vanloc',	'$2a$10$xA52wI1fZ4RMzoJZQfTneuBshowDiVjbuBiZvLI9F.NrZ.19soAAC',	'2fd195ec-9f6d-4a63-bd59-c6a0d3c9e74e',	'2f4adc8c-ff6d-4a7e-9225-2b7c344fe74f',	'6f154b33-0763-48ed-83a2-6de51e8fe15f',	NULL,	'2024-05-08 14:07:29',	NULL),
('vanloc1',	'$2a$10$xtShV4uh2pXPAxQypfHHYuWO66ZetOWFBK2Fvh6YT2vHLpbHgxPxG',	'262dc0c4-a50a-4f39-a40f-0d7c1fe1cadd',	'adf00690-bc3f-4a6c-babc-23acc44158dd',	NULL,	NULL,	'2024-04-25 05:53:08',	NULL),
('vanloc123',	'$2a$10$BZIdUfuf159IJDwpOwxgl.iPNLmFQwL.QgzrjNsiEHUFppebWnRf.',	'40d22896-4727-4831-96fa-c9b41a3e04c0',	NULL,	NULL,	NULL,	'2024-07-27 04:52:34',	NULL),
('vanloc123123',	'$2a$10$UW/ZqWb9qXhzcK5d02/vSuh9UVDn/oDbTX/I.6njIM688DYRTnWsK',	'13ccfe92-56c3-435d-b9b4-459de166a42d',	'64367229-134f-48e1-adc4-c7947c14f0db',	'f82a04b9-c41e-4d24-bc0b-3be0538a603b',	NULL,	'2024-07-11 10:09:57',	NULL),
('vanloc2',	'$2a$10$iAkHAZgtppHLad90RCO5rOAvAp6q11jDBTaMX402ZWi4xihdcfFDW',	'3b22935a-3e5a-438e-a0eb-0375a890cab4',	'3da29260-b9f0-41a2-a9db-e827d0638999',	NULL,	NULL,	'2024-04-25 06:19:15',	NULL),
('vanloc22',	'$2a$10$9kCo/Sfnn2FwFkWVrOslPOi32MzGRYBaBR19/tPZADNG5Ikv9BIt.',	'dc34e2c7-fef8-412a-ba0e-63cf7730bc86',	'2c2b3dd9-e86f-4389-894e-f477ceaa86eb',	'22c4cdea-30a6-40df-8dcd-cc606c9db7cc',	NULL,	'2024-08-13 20:38:48',	NULL),
('vanloc3',	'$2a$10$HGAXDb5COUXTSkAVCjM9ruu.x6YGwarP46hkBeCY85b0aW9fIIn9i',	'5fb9f276-62c0-46e6-8757-cc8067cb0f87',	'ed750eeb-51b4-49ce-85c4-a78967bc06f2',	NULL,	NULL,	'2024-04-25 06:21:31',	NULL),
('vanloc4',	'$2a$10$APSueIGhnEbmxaYq3I7ClOdnJJa5LElMvN9nOSVrl.3cUm74TBrTG',	'e9951249-ec77-4faf-9d3d-f0ee119091bd',	'1594229a-ecdf-4f38-82ef-71de658bc014',	NULL,	NULL,	'2024-04-26 17:06:01',	NULL),
('vanloc5',	'$2a$10$zSRbWbYGcDDBuq9bj9Jzdu5auwRv3Xwb4HLDGkErndY1mBzkUu4ay',	'187af660-ad6c-4256-a90f-e463dc9081de',	'2bfaa212-b0e7-41f9-912c-fda4ac9884b5',	NULL,	NULL,	'2024-04-27 16:59:43',	NULL),
('vanlocemp1',	'$2a$10$UubBkT/T4xFmnNUpV/IaremfBQBV7gAPSYoanKBz5crrkfIrH0B/G',	'e13a9da0-51c8-489c-ac8d-a16e82869eca',	'378b529e-6459-4144-a324-f95fc2c3451b',	'6f154b33-0763-48ed-83a2-6de51e8fe15f',	NULL,	'2024-05-08 14:08:31',	NULL),
('vanlocemp2',	'$2a$10$lwT3Dw9vQZm2QWfRShUzVuKB84yC8ZQTO8hxGJ2A8jJFvd.rfHMn2',	'6ade4f20-e5cc-4271-af3a-2b47affd1491',	'53afec0e-603c-4df2-a225-9d3d37f26e95',	'6f154b33-0763-48ed-83a2-6de51e8fe15f',	NULL,	'2024-05-08 16:08:04',	NULL),
('vanlocemp3',	'$2a$10$YANoTg1aRefODwa0mIn5iuScWteU.icyOaS35RUGs/AiWViGIkfGC',	'e0de0145-d868-4d5b-8c39-2979d9e6d551',	'475ab915-1130-4ac3-8a9f-c99c30df88f7',	'6f154b33-0763-48ed-83a2-6de51e8fe15f',	NULL,	'2024-05-08 16:08:36',	NULL),
('vanlocemp4',	'$2a$10$n3xOQUOY5pKo6Fjz1KRI6ee3SOSUv4ju8X8pjtg9wbZ5gOPIxmlVO',	'fb438fb4-859d-4769-b618-c895d1cf7d43',	'1a2820d4-7165-4432-a30f-aaa6cb37aa33',	'6f154b33-0763-48ed-83a2-6de51e8fe15f',	NULL,	'2024-05-08 16:15:24',	NULL);

DROP TABLE IF EXISTS `DeliveryInformation`;
CREATE TABLE `DeliveryInformation` (
  `id` varchar(100) CHARACTER SET utf8mb4 COLLATE utf8mb4_unicode_ci NOT NULL,
  `full_name` varchar(100) CHARACTER SET utf8mb4 COLLATE utf8mb4_unicode_ci NOT NULL,
  `phone` varchar(12) CHARACTER SET utf8mb4 COLLATE utf8mb4_unicode_ci NOT NULL,
  `address` varchar(500) CHARACTER SET utf8mb4 COLLATE utf8mb4_unicode_ci NOT NULL,
  `isPrimary` tinyint(1) NOT NULL DEFAULT '0',
  `userId` varchar(50) CHARACTER SET utf8mb4 COLLATE utf8mb4_unicode_ci NOT NULL,
  `createdAt` timestamp NULL DEFAULT NULL,
  `isDelete` tinyint(1) NOT NULL DEFAULT '0',
  PRIMARY KEY (`id`),
  KEY `userId` (`userId`),
  CONSTRAINT `DeliveryInformation_ibfk_1` FOREIGN KEY (`userId`) REFERENCES `User` (`id`)
) ENGINE=InnoDB DEFAULT CHARSET=utf8mb4 COLLATE=utf8mb4_unicode_ci;

INSERT INTO `DeliveryInformation` (`id`, `full_name`, `phone`, `address`, `isPrimary`, `userId`, `createdAt`, `isDelete`) VALUES
('0281b824-530b-4a03-9525-489b93ee77b2',	'CHAU VAN LOC',	'0346128692',	'TpHCM\nThu Duc',	0,	'a226f227-c629-4c75-98ca-e56a3dab016e',	'2024-04-13 05:42:40',	0),
('241f90f4-fe9e-470c-b24f-56e3bfd424ac',	'CHAU VAN LOC2',	'0879229072',	'TpHCM\nTan Binh',	0,	'64874f2a-8d6f-4b22-bae3-f8dd701f2ee0',	NULL,	0),
('2bd0af3d-4bc2-4555-bcdb-35dd1af02813',	'CHAU VAN LOC',	'0346128692',	'TpHCM\nThu Duc',	0,	'3206fa68-bd29-4fec-8174-c067ed4beb79',	NULL,	0),
('2ccd205f-2a99-44fd-b1a6-630a61114774',	'CHAU VAN LOC',	'0346128692',	'TpHCM\nThu Duc',	0,	'40d22896-4727-4831-96fa-c9b41a3e04c0',	NULL,	0),
('35cf696e-97aa-4b24-ba6b-eba670ce4d6d',	'CHAU VAN LOC',	'0346128692',	'TpHCM\nThu Duc',	0,	'64874f2a-8d6f-4b22-bae3-f8dd701f2ee0',	NULL,	0),
('3ea3385f-16f7-477e-b54c-c5a9eb685b3c',	'Tu',	'1234123423',	'HCM',	0,	'187af660-ad6c-4256-a90f-e463dc9081de',	NULL,	0),
('41ce2ed7-2a53-431c-ae10-ba5cd1c6b501',	'Tan Loc',	'1234123123',	'lkasjdfl',	0,	'a3816a2a-93c2-49a9-b5af-16e25615b2c1',	NULL,	0),
('46bacd30-6737-4620-b6f6-e639bee8f984',	'qewrqwer qưẻweqr',	'115226352',	'〒064-0809 北海道札幌市中央区 南九条西３丁目１０－９７　札幌ＫＳビル４Ｆ',	0,	'ad597a58-ef3f-4ee8-9552-74d4668d9b2b',	NULL,	0),
('46e2723a-32cf-418c-abf7-0cfe0e69272e',	'CHAU VAN LOC4',	'0346128692',	'TpHCM\nThu Duc',	0,	'64874f2a-8d6f-4b22-bae3-f8dd701f2ee0',	NULL,	0),
('4a1b3b56-2004-4a9a-8594-96251b4c6061',	'CHAU VAN LOC22',	'0346128692',	'TpHCM\nThu Duc',	1,	'7d4a0ef3-5ab0-45ab-b4c1-c049596e2749',	NULL,	0),
('5671bf86-b09f-4412-a8d6-e24cab80142a',	'CHAU VAN LOC',	'0346128692',	'TpHCM\nThu Duc',	0,	'94f67cac-944d-472d-8157-bedf488a8502',	NULL,	0),
('59f17b81-bf3e-4a61-a84d-ed4e819d776c',	'qewrqwer qưẻweqr',	'115226352',	'〒064-0809 北海道札幌市中央区 南九条西３丁目１０－９７　札幌ＫＳビル４Ｆ',	0,	'ad597a58-ef3f-4ee8-9552-74d4668d9b2b',	NULL,	0),
('619fc3a8-861d-4e2e-b362-c52e061b68d8',	'Vanloc',	'0346128692',	'Tan Binh HCM',	0,	'a3816a2a-93c2-49a9-b5af-16e25615b2c1',	NULL,	0),
('654a8448-c882-4788-ab2e-65ba50eda340',	'Tan Loc',	'1234123123',	'lkasjdfl',	0,	'3206fa68-bd29-4fec-8174-c067ed4beb79',	NULL,	0),
('815dd997-0b27-4b4b-892a-bde6be482d34',	'CHAU VAN LOC',	'0346128692',	'TpHCM\nThu Duc',	0,	'bc119302-99fb-44b3-b07f-64eef34454cd',	NULL,	0),
('8bdb9d18-4994-4a79-a800-026376d49256',	'CHAU VAN LOC',	'0346128692',	'TpHCM\nThu Duc',	0,	'187af660-ad6c-4256-a90f-e463dc9081de',	'2024-04-30 10:53:19',	0),
('937453c0-d954-43bd-b597-0e43c26d3a25',	'CHAU VAN LOC3',	'0346128692',	'TpHCM\nThu Duc2',	0,	'64874f2a-8d6f-4b22-bae3-f8dd701f2ee0',	NULL,	0),
('98faeeac-7ce3-4346-a4d6-a8b34697143b',	'CHAU VAN LOC',	'0346128692',	'TpHCM\nThu Duc',	0,	'a3816a2a-93c2-49a9-b5af-16e25615b2c1',	NULL,	0),
('a8e5a2cb-0c08-40b0-824d-eacd526d93ee',	'CHAU VAN LOC',	'0346128692',	'TpHCM\nThu Duc',	0,	'22c4cdea-30a6-40df-8dcd-cc606c9db7cc',	NULL,	0),
('c0986d67-14fd-405f-9192-14cf27b26de0',	'CHAU VAN LOC',	'0346128692',	'TpHCM\nThu Duc',	0,	'27c92220-57c0-4263-bf24-f92155ec7de6',	NULL,	0),
('c32cfc25-17e5-488c-99ce-e58d143272dd',	'CHAU VAN LOC',	'0346128692',	'TpHCM\nTan Binh',	0,	'bc119302-99fb-44b3-b07f-64eef34454cd',	NULL,	0),
('cfb52030-4642-4df3-8f1c-fdc45abb3ed7',	'CHAU VAN LOC',	'0346128692',	'Tien Giang',	0,	'a226f227-c629-4c75-98ca-e56a3dab016e',	NULL,	0),
('f76cf1f9-51b6-4f6c-a420-159d1fb6e94b',	'CHAU VAN LOC',	'0346128692',	'TpHCM\nThu Duc',	0,	'7d4a0ef3-5ab0-45ab-b4c1-c049596e2749',	NULL,	0),
('f894b550-45cc-45fa-aa3d-b1448dd662b8',	'Hien',	'123412334324',	'HCM',	0,	'187af660-ad6c-4256-a90f-e463dc9081de',	NULL,	0),
('fd89b89b-b2aa-416b-b8b6-3bffca1ee221',	'Vanloc',	'1231231312',	'123',	0,	'a226f227-c629-4c75-98ca-e56a3dab016e',	NULL,	0);

DROP TABLE IF EXISTS `Permission`;
CREATE TABLE `Permission` (
  `id` varchar(50) CHARACTER SET utf8mb4 COLLATE utf8mb4_unicode_ci NOT NULL,
  `instance` varchar(50) CHARACTER SET utf8mb4 COLLATE utf8mb4_unicode_ci NOT NULL,
  `permission` varchar(50) CHARACTER SET utf8mb4 COLLATE utf8mb4_unicode_ci NOT NULL,
  `userId` varchar(50) CHARACTER SET utf8mb4 COLLATE utf8mb4_unicode_ci NOT NULL,
  `createdAt` timestamp NULL DEFAULT NULL ON UPDATE CURRENT_TIMESTAMP,
  `createdBy` varchar(50) CHARACTER SET utf8mb4 COLLATE utf8mb4_unicode_ci NOT NULL,
  `updatedAt` timestamp NULL DEFAULT NULL,
  `updatedBy` varchar(50) CHARACTER SET utf8mb4 COLLATE utf8mb4_unicode_ci DEFAULT NULL,
  PRIMARY KEY (`id`),
  KEY `userId` (`userId`),
  KEY `instance` (`instance`),
  KEY `permission` (`permission`),
  KEY `createdBy` (`createdBy`),
  CONSTRAINT `Permission_ibfk_1` FOREIGN KEY (`userId`) REFERENCES `User` (`id`),
  CONSTRAINT `Permission_ibfk_2` FOREIGN KEY (`createdBy`) REFERENCES `User` (`id`)
) ENGINE=InnoDB DEFAULT CHARSET=utf8mb4 COLLATE=utf8mb4_unicode_ci;

INSERT INTO `Permission` (`id`, `instance`, `permission`, `userId`, `createdAt`, `createdBy`, `updatedAt`, `updatedBy`) VALUES
('2e35f024-eca5-445c-b322-470e219531d6',	'rating',	'reply',	'dc34e2c7-fef8-412a-ba0e-63cf7730bc86',	'2024-08-13 20:40:20',	'dc34e2c7-fef8-412a-ba0e-63cf7730bc86',	'2024-08-13 20:40:20',	NULL),
('31dc532b-a994-4dab-b0ab-89aed3d59b1c',	'rating',	'detail',	'def2787e-2db2-44ab-84fb-b4aa24971e98',	'2024-08-14 02:42:52',	'def2787e-2db2-44ab-84fb-b4aa24971e98',	'2024-08-14 02:42:52',	NULL),
('3299d944-66c0-4335-8370-d3b7e7b0bac5',	'employee',	'reset_password',	'0debd488-9bc8-4666-9873-72a5e9009898',	'2024-08-15 16:17:28',	'0debd488-9bc8-4666-9873-72a5e9009898',	'2024-08-15 16:17:28',	NULL),
('3390074b-2c99-413d-ac79-a8b3c271a31e',	'order',	'detail',	'0debd488-9bc8-4666-9873-72a5e9009898',	'2024-08-15 16:17:28',	'0debd488-9bc8-4666-9873-72a5e9009898',	'2024-08-15 16:17:28',	NULL),
('33e92ae4-5dad-4ed8-852e-a98ec43f56dc',	'product',	'update',	'def2787e-2db2-44ab-84fb-b4aa24971e98',	'2024-08-14 02:42:52',	'def2787e-2db2-44ab-84fb-b4aa24971e98',	'2024-08-14 02:42:52',	NULL),
('4904c549-8bd4-442b-a8b8-cb1cc05987b5',	'employee',	'reset_password',	'113cb669-39fd-4494-85eb-b4b9c07c6d9c',	'2024-08-19 06:32:07',	'113cb669-39fd-4494-85eb-b4b9c07c6d9c',	'2024-08-19 06:32:07',	NULL),
('4d87af4b-febf-44c7-9501-a028327251da',	'order',	'detail',	'def2787e-2db2-44ab-84fb-b4aa24971e98',	'2024-08-14 02:42:52',	'def2787e-2db2-44ab-84fb-b4aa24971e98',	'2024-08-14 02:42:52',	NULL),
('6ff30408-1816-4dd0-8b88-7a69759634ca',	'order',	'update',	'dc34e2c7-fef8-412a-ba0e-63cf7730bc86',	'2024-08-13 20:40:20',	'dc34e2c7-fef8-412a-ba0e-63cf7730bc86',	'2024-08-13 20:40:20',	NULL),
('71b67182-7ba4-4488-b527-fa9ad00c4661',	'rating',	'detail',	'113cb669-39fd-4494-85eb-b4b9c07c6d9c',	'2024-08-19 06:32:07',	'113cb669-39fd-4494-85eb-b4b9c07c6d9c',	'2024-08-19 06:32:07',	NULL),
('741b1fa8-1160-4d25-9be7-659c6dc096aa',	'product',	'detail',	'0debd488-9bc8-4666-9873-72a5e9009898',	'2024-08-15 16:17:28',	'0debd488-9bc8-4666-9873-72a5e9009898',	'2024-08-15 16:17:28',	NULL),
('7a82ef6d-a754-4e92-a780-2cda3e1430ca',	'product',	'create',	'113cb669-39fd-4494-85eb-b4b9c07c6d9c',	'2024-08-19 06:32:07',	'113cb669-39fd-4494-85eb-b4b9c07c6d9c',	'2024-08-19 06:32:07',	NULL),
('7b1d516c-4492-4173-bbcb-46b5f548294e',	'product',	'detail',	'113cb669-39fd-4494-85eb-b4b9c07c6d9c',	'2024-08-19 06:32:07',	'113cb669-39fd-4494-85eb-b4b9c07c6d9c',	'2024-08-19 06:32:07',	NULL),
('81f538e0-7548-4ca4-938a-06e20b378996',	'flashsale',	'join',	'dc34e2c7-fef8-412a-ba0e-63cf7730bc86',	'2024-08-13 20:40:20',	'dc34e2c7-fef8-412a-ba0e-63cf7730bc86',	'2024-08-13 20:40:20',	NULL),
('9187bae1-5852-4452-a181-d772f7e3592b',	'employee',	'detail',	'113cb669-39fd-4494-85eb-b4b9c07c6d9c',	'2024-08-19 06:32:07',	'113cb669-39fd-4494-85eb-b4b9c07c6d9c',	'2024-08-19 06:32:07',	NULL),
('9840c145-a857-44e1-a120-dbc0dd999b04',	'rating',	'detail',	'0debd488-9bc8-4666-9873-72a5e9009898',	'2024-08-15 16:17:28',	'0debd488-9bc8-4666-9873-72a5e9009898',	'2024-08-15 16:17:28',	NULL),
('9a0710c7-6c83-4214-a750-18debc2ab76b',	'order',	'detail',	'dc34e2c7-fef8-412a-ba0e-63cf7730bc86',	'2024-08-13 20:40:20',	'dc34e2c7-fef8-412a-ba0e-63cf7730bc86',	'2024-08-13 20:40:20',	NULL),
('9e99a855-2d72-4369-b33a-9fa5608855b0',	'rating',	'reply',	'def2787e-2db2-44ab-84fb-b4aa24971e98',	'2024-08-14 02:42:52',	'def2787e-2db2-44ab-84fb-b4aa24971e98',	'2024-08-14 02:42:52',	NULL),
('9fa38c15-4f8b-46b1-98ac-9042aa170ad4',	'order',	'detail',	'113cb669-39fd-4494-85eb-b4b9c07c6d9c',	'2024-08-19 06:32:07',	'113cb669-39fd-4494-85eb-b4b9c07c6d9c',	'2024-08-19 06:32:07',	NULL),
('a025b32c-d294-4e2d-bb8c-5ba83877f531',	'order',	'update',	'113cb669-39fd-4494-85eb-b4b9c07c6d9c',	'2024-08-19 06:32:07',	'113cb669-39fd-4494-85eb-b4b9c07c6d9c',	'2024-08-19 06:32:07',	NULL),
('ab403e59-1273-4b69-85db-a1cdfba1c0d9',	'rating',	'detail',	'dc34e2c7-fef8-412a-ba0e-63cf7730bc86',	'2024-08-13 20:40:20',	'dc34e2c7-fef8-412a-ba0e-63cf7730bc86',	'2024-08-13 20:40:20',	NULL),
('ad9cb1e5-3e76-4905-b401-c589733e3a00',	'employee',	'create',	'113cb669-39fd-4494-85eb-b4b9c07c6d9c',	'2024-08-19 06:32:07',	'113cb669-39fd-4494-85eb-b4b9c07c6d9c',	'2024-08-19 06:32:07',	NULL),
('adec6b0b-bb9d-478e-a840-e9b4acf19fc6',	'voucher',	'create',	'dc34e2c7-fef8-412a-ba0e-63cf7730bc86',	'2024-08-13 20:40:20',	'dc34e2c7-fef8-412a-ba0e-63cf7730bc86',	'2024-08-13 20:40:20',	NULL),
('ae191d1b-d0f7-4069-883e-559258b4ce1c',	'flashsale',	'update',	'dc34e2c7-fef8-412a-ba0e-63cf7730bc86',	'2024-08-13 20:40:20',	'dc34e2c7-fef8-412a-ba0e-63cf7730bc86',	'2024-08-13 20:40:20',	NULL),
('cb38b684-bceb-472b-9995-39c4e2b68152',	'voucher',	'detail',	'dc34e2c7-fef8-412a-ba0e-63cf7730bc86',	'2024-08-13 20:40:20',	'dc34e2c7-fef8-412a-ba0e-63cf7730bc86',	'2024-08-13 20:40:20',	NULL),
('e3de0baf-3126-4a35-aeb2-53d33f2d18d6',	'order',	'update',	'def2787e-2db2-44ab-84fb-b4aa24971e98',	'2024-08-14 02:42:52',	'def2787e-2db2-44ab-84fb-b4aa24971e98',	'2024-08-14 02:42:52',	NULL),
('e3f2faa6-9364-4d4d-8224-032ec0e40192',	'voucher',	'update',	'dc34e2c7-fef8-412a-ba0e-63cf7730bc86',	'2024-08-13 20:40:20',	'dc34e2c7-fef8-412a-ba0e-63cf7730bc86',	'2024-08-13 20:40:20',	NULL),
('e8c0482a-59e3-4450-a903-615d6acb324b',	'flashsale',	'join',	'113cb669-39fd-4494-85eb-b4b9c07c6d9c',	'2024-08-19 06:32:07',	'113cb669-39fd-4494-85eb-b4b9c07c6d9c',	'2024-08-19 06:32:07',	NULL),
('f91c0195-55af-492c-bc88-5d7efe784244',	'product',	'create',	'dc34e2c7-fef8-412a-ba0e-63cf7730bc86',	'2024-08-13 20:40:20',	'dc34e2c7-fef8-412a-ba0e-63cf7730bc86',	'2024-08-13 20:40:20',	NULL);

DROP TABLE IF EXISTS `StoreRole`;
CREATE TABLE `StoreRole` (
  `id` varchar(50) CHARACTER SET utf8mb4 COLLATE utf8mb4_unicode_ci NOT NULL,
  `storeId` varchar(50) CHARACTER SET utf8mb4 COLLATE utf8mb4_unicode_ci NOT NULL,
  `status` varchar(10) CHARACTER SET utf8mb4 COLLATE utf8mb4_unicode_ci NOT NULL,
  `role` varchar(20) CHARACTER SET utf8mb4 COLLATE utf8mb4_unicode_ci NOT NULL,
  `createdBy` varchar(50) CHARACTER SET utf8mb4 COLLATE utf8mb4_unicode_ci NOT NULL,
  `updatedBy` varchar(50) CHARACTER SET utf8mb4 COLLATE utf8mb4_unicode_ci DEFAULT NULL,
  `createdAt` timestamp NULL DEFAULT CURRENT_TIMESTAMP,
  `updatedAt` timestamp NULL DEFAULT NULL,
  PRIMARY KEY (`id`),
  KEY `createdBy` (`createdBy`),
  KEY `storeId` (`storeId`),
  KEY `updatedBy` (`updatedBy`),
  KEY `status` (`status`),
  KEY `role` (`role`),
  CONSTRAINT `StoreRole_ibfk_2` FOREIGN KEY (`createdBy`) REFERENCES `User` (`id`),
  CONSTRAINT `StoreRole_ibfk_3` FOREIGN KEY (`updatedBy`) REFERENCES `User` (`id`)
) ENGINE=InnoDB DEFAULT CHARSET=utf8mb4 COLLATE=utf8mb4_unicode_ci;

INSERT INTO `StoreRole` (`id`, `storeId`, `status`, `role`, `createdBy`, `updatedBy`, `createdAt`, `updatedAt`) VALUES
('0a8f0852-ac0d-4ee7-88c3-1c4c06ef9f35',	'bc9a15b5-732b-4c5f-bcca-3527b9d2793f',	'ACTIVE',	'EMPLOYEE',	'6f154b33-0763-48ed-83a2-6de51e8fe15f',	NULL,	'2024-05-09 13:07:00',	NULL),
('0ed0661b-ab71-411c-bce1-3f61941e9969',	'a160174c-3e17-4623-8504-dea02e634036',	'ACTIVE',	'STORE_OWNER',	'4fbaeb18-6d87-40e3-80cd-5dbf57f963a7',	NULL,	'2024-04-09 16:19:37',	NULL),
('1594229a-ecdf-4f38-82ef-71de658bc014',	'f27bd321-5c7b-420a-8dca-1630b1a216bb',	'ACTIVE',	'STORE_OWNER',	'e9951249-ec77-4faf-9d3d-f0ee119091bd',	NULL,	'2024-04-27 16:53:44',	NULL),
('166a08cc-3f76-47f2-a465-79e61b423f73',	'72e339da-c565-4a2e-97b0-1a142176e072',	'ACTIVE',	'STORE_OWNER',	'6c868791-2b31-46aa-b24f-9442084f260a',	NULL,	'2024-04-09 16:19:37',	NULL),
('1a2820d4-7165-4432-a30f-aaa6cb37aa33',	'bc9a15b5-732b-4c5f-bcca-3527b9d2793f',	'ACTIVE',	'EMPLOYEE',	'6f154b33-0763-48ed-83a2-6de51e8fe15f',	NULL,	'2024-05-08 16:15:24',	NULL),
('1f4c1832-6765-47ee-b2d0-7a958a638414',	'bc9a15b5-732b-4c5f-bcca-3527b9d2793f',	'BLOCK',	'STORE_OWNER',	'6f154b33-0763-48ed-83a2-6de51e8fe15f',	NULL,	'2024-04-24 15:24:31',	NULL),
('2bfaa212-b0e7-41f9-912c-fda4ac9884b5',	'd30a97e0-5b82-4aed-abc0-f0183d4b6129',	'ACTIVE',	'STORE_OWNER',	'187af660-ad6c-4256-a90f-e463dc9081de',	NULL,	'2024-04-27 17:03:12',	NULL),
('2c2b3dd9-e86f-4389-894e-f477ceaa86eb',	'41c73d8c-8e0d-4816-9314-f9244af3cd00',	'ACTIVE',	'EMPLOYEE',	'22c4cdea-30a6-40df-8dcd-cc606c9db7cc',	NULL,	'2024-08-13 20:38:48',	NULL),
('2f4adc8c-ff6d-4a7e-9225-2b7c344fe74f',	'bc9a15b5-732b-4c5f-bcca-3527b9d2793f',	'ACTIVE',	'EMPLOYEE',	'6f154b33-0763-48ed-83a2-6de51e8fe15f',	NULL,	'2024-05-08 14:07:29',	NULL),
('2fae3dac-6d3e-4065-9e40-6716388b5374',	'bc9a15b5-732b-4c5f-bcca-3527b9d2793f',	'ACTIVE',	'EMPLOYEE',	'6f154b33-0763-48ed-83a2-6de51e8fe15f',	NULL,	'2024-05-08 16:11:46',	NULL),
('3021785a-5da4-4b92-9e4d-17cc01f5470b',	'465d9c2f-cbb7-4d53-943d-0b902f51861f',	'ACTIVE',	'EMPLOYEE',	'a666dc45-29aa-4301-87bb-18cc547386be',	NULL,	'2024-08-14 02:40:36',	NULL),
('378b529e-6459-4144-a324-f95fc2c3451b',	'bc9a15b5-732b-4c5f-bcca-3527b9d2793f',	'ACTIVE',	'EMPLOYEE',	'6f154b33-0763-48ed-83a2-6de51e8fe15f',	NULL,	'2024-05-08 14:08:31',	NULL),
('3c4ed5d4-6b6f-4a83-a0cf-f974182ffbe2',	'a160174c-3e17-4623-8504-dea02e634036',	'ACTIVE',	'EMPLOYEE',	'4fbaeb18-6d87-40e3-80cd-5dbf57f963a7',	NULL,	'2024-08-15 15:40:12',	NULL),
('3da29260-b9f0-41a2-a9db-e827d0638999',	'8ab4597b-26f6-4fad-b9fd-8dc4de32b804',	'ACTIVE',	'STORE_OWNER',	'3b22935a-3e5a-438e-a0eb-0375a890cab4',	NULL,	'2024-04-25 06:19:37',	NULL),
('3e0b5af4-0988-4b5a-aa9b-6e03f018d048',	'932406ae-e8d1-47a7-bb69-e53b533a3246',	'ACTIVE',	'STORE_OWNER',	'94f67cac-944d-472d-8157-bedf488a8502',	NULL,	'2024-08-21 10:44:49',	NULL),
('475ab915-1130-4ac3-8a9f-c99c30df88f7',	'bc9a15b5-732b-4c5f-bcca-3527b9d2793f',	'ACTIVE',	'EMPLOYEE',	'6f154b33-0763-48ed-83a2-6de51e8fe15f',	NULL,	'2024-05-08 16:08:36',	NULL),
('4a7037f3-e565-446c-b8a3-e85c03550c0c',	'f94b297d-2e44-4dbe-a161-761c32596267',	'ACTIVE',	'STORE_OWNER',	'05044440-aad0-4223-b9c6-d29394a4d871',	NULL,	'2024-04-09 16:19:37',	NULL),
('4dfaf708-f06a-4ddb-8dae-5e2f60edf9f4',	'cbd04531-67e2-4fe2-9cfb-366ac5eb923a',	'ACTIVE',	'STORE_OWNER',	'ef57bddf-f43c-4a42-b18f-c8bc7b8da79a',	NULL,	'2024-08-21 09:52:55',	NULL),
('53afec0e-603c-4df2-a225-9d3d37f26e95',	'bc9a15b5-732b-4c5f-bcca-3527b9d2793f',	'ACTIVE',	'EMPLOYEE',	'6f154b33-0763-48ed-83a2-6de51e8fe15f',	NULL,	'2024-05-08 16:08:04',	NULL),
('54ba912e-b926-477b-bc94-119440ea6cc7',	'41c73d8c-8e0d-4816-9314-f9244af3cd00',	'ACTIVE',	'STORE_OWNER',	'22c4cdea-30a6-40df-8dcd-cc606c9db7cc',	NULL,	'2024-08-13 20:25:09',	NULL),
('565f802d-5f17-4e95-be06-cfb409a89ce4',	'de51b1b6-ed27-49b7-a804-57b7992cbc81',	'ACTIVE',	'EMPLOYEE',	'f82a04b9-c41e-4d24-bc0b-3be0538a603b',	NULL,	'2024-08-13 10:55:15',	NULL),
('64367229-134f-48e1-adc4-c7947c14f0db',	'de51b1b6-ed27-49b7-a804-57b7992cbc81',	'BLOCK',	'EMPLOYEE',	'f82a04b9-c41e-4d24-bc0b-3be0538a603b',	NULL,	'2024-07-11 10:09:57',	NULL),
('70602fbf-0bab-45b8-a702-baf8197ceaa7',	'bc9a15b5-732b-4c5f-bcca-3527b9d2793f',	'ACTIVE',	'EMPLOYEE',	'6f154b33-0763-48ed-83a2-6de51e8fe15f',	NULL,	'2024-05-08 14:05:26',	NULL),
('7b5e893f-8eed-466f-b44e-267053c4de48',	'de51b1b6-ed27-49b7-a804-57b7992cbc81',	'ACTIVE',	'STORE_OWNER',	'f82a04b9-c41e-4d24-bc0b-3be0538a603b',	NULL,	'2024-04-09 16:19:37',	NULL),
('7d8936a0-7991-464c-b97a-582496a468eb',	'93dd964f-2e6d-4874-9c79-009eb4d89202',	'ACTIVE',	'STORE_OWNER',	'a3816a2a-93c2-49a9-b5af-16e25615b2c1',	NULL,	'2024-04-09 16:19:37',	NULL),
('825be1f9-3cf8-46f7-9c17-b019ae54a238',	'1907430c-80f5-49f4-8685-65c4fa4b3cd5',	'BLOCK',	'STORE_OWNER',	'0f9a0d3c-c666-4851-835e-59c6dc035218',	NULL,	'2024-04-09 16:19:37',	NULL),
('9062e012-3b16-4c79-9bbe-2b0c13395c33',	'6748c5c1-a1c7-468a-a779-0d5e0be487c4',	'ACTIVE',	'EMPLOYEE',	'a226f227-c629-4c75-98ca-e56a3dab016e',	NULL,	'2024-04-13 02:45:09',	NULL),
('a7c6ef4f-63ab-4841-9eb5-51705ee8289a',	'f104dc56-e794-4af4-b6a1-adf383b29f9c',	'ACTIVE',	'STORE_OWNER',	'd2873926-c2f1-4408-b6c2-dc18436429f0',	NULL,	'2024-04-09 16:19:37',	NULL),
('adf00690-bc3f-4a6c-babc-23acc44158dd',	'4aed904e-5444-42c2-be9f-054c42903692',	'ACTIVE',	'STORE_OWNER',	'262dc0c4-a50a-4f39-a40f-0d7c1fe1cadd',	NULL,	'2024-04-25 05:59:36',	NULL),
('aec6de8e-28d4-42d2-9003-10e3c8e7c821',	'6d8bf1a6-aefd-46fb-a69c-a91bbf95be10',	'ACTIVE',	'STORE_OWNER',	'64874f2a-8d6f-4b22-bae3-f8dd701f2ee0',	NULL,	'2024-08-14 02:55:36',	NULL),
('b29021dd-7d54-492b-b02a-85b25cdfce1f',	'3eb660b5-90c7-4ae4-accf-793cac4df283',	'ACTIVE',	'STORE_OWNER',	'abdf677a-71ff-4f81-a2c5-6615a04bedfe',	NULL,	'2024-04-09 16:19:37',	NULL),
('b4df6628-7646-49c8-87c9-57a452e1acee',	'9fcfc11f-80ca-495e-a6e9-0a6bd869d5a5',	'ACTIVE',	'STORE_OWNER',	'27c92220-57c0-4263-bf24-f92155ec7de6',	NULL,	'2024-08-21 09:50:29',	NULL),
('d42eec7c-1360-4c32-9d0f-7a2527d333eb',	'bc9a15b5-732b-4c5f-bcca-3527b9d2793f',	'ACTIVE',	'EMPLOYEE',	'6f154b33-0763-48ed-83a2-6de51e8fe15f',	NULL,	'2024-05-08 16:10:50',	NULL),
('e7d9d715-7c00-4f50-9b67-8425e8bf8272',	'a60de0bc-812c-4433-a88b-eac3e128b455',	'ACTIVE',	'STORE_OWNER',	'cb804886-3ead-4324-82de-bc1485ac2939',	NULL,	'2024-04-24 15:27:02',	NULL),
('e87c9a4c-00cb-46de-8607-d71524aa4547',	'61692e39-1edf-4eb7-b312-7a95aea194ef',	'ACTIVE',	'STORE_OWNER',	'e9307983-16bd-42ce-a3bf-7e12dc89fae6',	NULL,	'2024-04-09 16:19:37',	NULL),
('ed750eeb-51b4-49ce-85c4-a78967bc06f2',	'546ae81e-119b-4de1-bf32-927e4c77886a',	'ACTIVE',	'STORE_OWNER',	'5fb9f276-62c0-46e6-8757-cc8067cb0f87',	NULL,	'2024-04-25 06:21:51',	NULL),
('edcd2e1f-dad5-4bb3-ad5b-366d538059d0',	'465d9c2f-cbb7-4d53-943d-0b902f51861f',	'ACTIVE',	'STORE_OWNER',	'a666dc45-29aa-4301-87bb-18cc547386be',	NULL,	'2024-04-09 16:19:37',	NULL),
('f1945fb7-3199-4df9-9bcf-66d52af445e3',	'6748c5c1-a1c7-468a-a779-0d5e0be487c4',	'BLOCK',	'STORE_OWNER',	'a226f227-c629-4c75-98ca-e56a3dab016e',	NULL,	'2024-04-09 16:19:37',	NULL),
('ff743857-c389-4282-b116-a0362355bb91',	'57a5f544-4447-4ab6-954b-89617c0415d2',	'ACTIVE',	'STORE_OWNER',	'7d4a0ef3-5ab0-45ab-b4c1-c049596e2749',	NULL,	'2024-08-06 16:43:45',	NULL);

DROP TABLE IF EXISTS `User`;
CREATE TABLE `User` (
  `id` varchar(50) CHARACTER SET utf8mb4 COLLATE utf8mb4_unicode_ci NOT NULL,
  `image` text CHARACTER SET utf8mb4 COLLATE utf8mb4_unicode_ci,
  `full_name` varchar(100) CHARACTER SET utf8mb4 COLLATE utf8mb4_unicode_ci NOT NULL,
  `birthday` timestamp NULL DEFAULT NULL,
  `email` varchar(255) CHARACTER SET utf8mb4 COLLATE utf8mb4_unicode_ci NOT NULL,
  `address` text CHARACTER SET utf8mb4 COLLATE utf8mb4_unicode_ci,
  `rankId` varchar(50) CHARACTER SET utf8mb4 COLLATE utf8mb4_unicode_ci DEFAULT NULL,
  `role` varchar(20) CHARACTER SET utf8mb4 COLLATE utf8mb4_unicode_ci NOT NULL,
  `status` varchar(10) CHARACTER SET utf8mb4 COLLATE utf8mb4_unicode_ci NOT NULL,
  `createdAt` timestamp NULL DEFAULT CURRENT_TIMESTAMP,
  `updatedAt` timestamp NULL DEFAULT NULL,
  PRIMARY KEY (`id`),
  KEY `email` (`email`),
  KEY `status` (`status`),
  KEY `createdAt` (`createdAt`),
  FULLTEXT KEY `full_name` (`full_name`)
) ENGINE=InnoDB DEFAULT CHARSET=utf8mb4 COLLATE=utf8mb4_unicode_ci;

INSERT INTO `User` (`id`, `image`, `full_name`, `birthday`, `email`, `address`, `rankId`, `role`, `status`, `createdAt`, `updatedAt`) VALUES
('05044440-aad0-4223-b9c6-d29394a4d871',	NULL,	'User 8',	NULL,	'a8@gmail.com',	NULL,	NULL,	'ADMIN',	'ACTIVE',	'2024-04-09 16:19:33',	NULL),
('0853b51e-afab-4a6b-a4cb-a5a8bf0018ad',	NULL,	'Chau Van Loc',	NULL,	'locchau.220401@gmail.com',	NULL,	NULL,	'USER',	'ACTIVE',	'2024-04-11 06:08:58',	NULL),
('0c223403-599d-4e84-afe2-d292c4254030',	NULL,	'chau van loc',	NULL,	'chauvanloc.tg@gmail.com',	NULL,	NULL,	'EMPLOYEE',	'ACTIVE',	'2024-05-08 16:11:46',	NULL),
('0debd488-9bc8-4666-9873-72a5e9009898',	NULL,	'CHAU VAN LOC',	'2024-08-11 17:00:00',	'chauvanloc.tg@gmail.com',	'TpHCM\nThu Duc',	NULL,	'EMPLOYEE',	'ACTIVE',	'2024-08-15 15:40:12',	NULL),
('0f9a0d3c-c666-4851-835e-59c6dc035218',	NULL,	'User 2',	NULL,	'a2@gmail.com',	NULL,	NULL,	'USER',	'BLOCK',	'2024-04-09 16:19:33',	NULL),
('113cb669-39fd-4494-85eb-b4b9c07c6d9c',	NULL,	'Châu Văn Lộc',	NULL,	'chauvanloc.tg@gmail.com',	NULL,	NULL,	'EMPLOYEE',	'ACTIVE',	'2024-08-13 10:55:15',	NULL),
('13ccfe92-56c3-435d-b9b4-459de166a42d',	NULL,	'Chau Van Loc',	NULL,	'locchau.220401@gmail.com',	NULL,	NULL,	'EMPLOYEE',	'BLOCK',	'2024-07-11 10:09:57',	NULL),
('187af660-ad6c-4256-a90f-e463dc9081de',	'https://vanlocbucket.s3.ap-southeast-2.amazonaws.com/bdad7237-180c-4ec4-aec3-f5222aaeac1e_catliuliu.jpg',	'CHAU VAN LOC',	'2024-05-24 17:00:00',	'chauvanloc.tg@gmail.com',	NULL,	NULL,	'USER',	'ACTIVE',	'2024-04-27 16:59:43',	NULL),
('22c4cdea-30a6-40df-8dcd-cc606c9db7cc',	'https://vanlocbucket.s3.ap-southeast-2.amazonaws.com/07703347-24f4-4f3f-be7b-4e84587bb9d5_meokhantam.jpg',	'abcd',	NULL,	'a@gmail.com',	NULL,	NULL,	'USER',	'ACTIVE',	'2024-08-13 20:23:17',	NULL),
('262dc0c4-a50a-4f39-a40f-0d7c1fe1cadd',	NULL,	'Van Loc',	NULL,	'locchau.220401@gmail.com',	NULL,	NULL,	'USER',	'ACTIVE',	'2024-04-25 05:53:08',	NULL),
('27c92220-57c0-4263-bf24-f92155ec7de6',	'https://vanlocbucket.s3.ap-southeast-2.amazonaws.com/89500c3b-64ab-415d-8d2f-c4858f999cad_meokhantam.jpg',	'CHAU VAN LOC',	NULL,	'chauvanloc.tg@gmail.com',	NULL,	NULL,	'USER',	'ACTIVE',	'2024-08-14 00:13:09',	NULL),
('2fd195ec-9f6d-4a63-bd59-c6a0d3c9e74e',	NULL,	'Chau Van Loc',	NULL,	'chauvanloc.tg@gmail.com',	NULL,	NULL,	'EMPLOYEE',	'ACTIVE',	'2024-05-08 14:07:29',	NULL),
('3206fa68-bd29-4fec-8174-c067ed4beb79',	'https://vanlocbucket.s3.ap-southeast-2.amazonaws.com/ada399d1-d920-4cb4-bf5d-1d6c7ae5606f_catliuliu.jpg',	'Tan Loc',	NULL,	'itbee@gmail.com',	NULL,	NULL,	'USER',	'ACTIVE',	'2024-07-22 16:24:14',	NULL),
('331378bb-8e22-48e6-ac07-c5121bc70e41',	NULL,	'Admin',	NULL,	'admin@gmail.com',	NULL,	NULL,	'ADMIN',	'ACTIVE',	'2024-04-16 15:13:09',	NULL),
('3b22935a-3e5a-438e-a0eb-0375a890cab4',	NULL,	'CHAU VAN LOC',	NULL,	'chauvanloc.tg@gmail.com',	NULL,	NULL,	'USER',	'ACTIVE',	'2024-04-25 06:19:15',	NULL),
('40d22896-4727-4831-96fa-c9b41a3e04c0',	NULL,	'CHAU VAN LOC',	NULL,	'chauvanloc.tg@gmail.com',	NULL,	NULL,	'USER',	'ACTIVE',	'2024-07-27 04:52:34',	NULL),
('40e8001d-79f8-4c8b-be63-0e6ca5ad4dd8',	NULL,	'chau van loc',	NULL,	'chauvanloc.tg@gmail.com',	NULL,	NULL,	'EMPLOYEE',	'ACTIVE',	'2024-05-08 16:10:50',	NULL),
('45d9b1e5-7b76-4fb0-98fe-c5fc84256389',	NULL,	'tran trung kien',	NULL,	'kien@gmail.com',	NULL,	NULL,	'EMPLOYEE',	'ACTIVE',	'2024-05-09 13:07:00',	NULL),
('4fbaeb18-6d87-40e3-80cd-5dbf57f963a7',	NULL,	'Chau van loc store',	'2024-06-30 17:00:00',	'a3@gmail.com',	'65 Phạm hữu lầu, dĩ an, bình dương',	NULL,	'USER',	'ACTIVE',	'2024-04-09 16:19:33',	NULL),
('543794bb-ae75-46aa-86bf-ba661da004b2',	NULL,	'CHAU VAN LOC',	NULL,	'chauvanloc.tg@gmail.com',	NULL,	NULL,	'USER',	'ACTIVE',	'2024-08-15 18:36:36',	NULL),
('5dfccbc6-a03b-4f98-857b-5a89868e5e93',	NULL,	'Chau Van Loc',	NULL,	'chauvanloc.tg@gmail.com',	NULL,	NULL,	'EMPLOYEE',	'ACTIVE',	'2024-05-08 14:05:26',	NULL),
('5fb9f276-62c0-46e6-8757-cc8067cb0f87',	'https://vanlocbucket.s3.ap-southeast-2.amazonaws.com/911fe27c-6082-4503-b283-e85f07bc9910_doghello.jpg',	'CHAU VAN LOC',	NULL,	'chauvanloc.tg@gmail.com',	'TpHCM',	NULL,	'USER',	'ACTIVE',	'2024-04-25 06:21:31',	NULL),
('64874f2a-8d6f-4b22-bae3-f8dd701f2ee0',	NULL,	'CHAU VAN LOC2',	'2024-02-13 17:00:00',	'chauvanloc.tg@gmail.com',	'TpHCM\nThu Duc',	NULL,	'USER',	'ACTIVE',	'2024-08-14 01:05:41',	NULL),
('6ade4f20-e5cc-4271-af3a-2b47affd1491',	NULL,	'chau van loc',	NULL,	'chauvanloc.tg@gmail.com',	NULL,	NULL,	'EMPLOYEE',	'ACTIVE',	'2024-05-08 16:08:04',	NULL),
('6c868791-2b31-46aa-b24f-9442084f260a',	NULL,	'User 4',	NULL,	'a4@gmail.com',	NULL,	NULL,	'USER',	'ACTIVE',	'2024-04-09 16:19:33',	NULL),
('6f154b33-0763-48ed-83a2-6de51e8fe15f',	NULL,	'Admin',	NULL,	'locchau.220401@gmail.com',	'',	NULL,	'USER',	'BLOCK',	'2024-04-13 02:47:08',	NULL),
('7d4a0ef3-5ab0-45ab-b4c1-c049596e2749',	'https://vanlocbucket.s3.ap-southeast-2.amazonaws.com/21b712fe-3ac2-49f3-bc15-0d40cd83b9da_a.png',	'vanloc',	NULL,	'a@gmail.com',	NULL,	NULL,	'USER',	'ACTIVE',	'2024-08-05 08:08:39',	NULL),
('7d606713-4420-4633-8ed2-4e8b229a46a5',	NULL,	'CHAU VAN LOC',	NULL,	'chauvanloc.tg@gmail.com',	NULL,	NULL,	'USER',	'ACTIVE',	'2024-08-15 18:28:59',	NULL),
('7d6c1268-fdd3-4a47-8e96-f7b01d7c9ea1',	NULL,	'Chau Van Loc',	NULL,	'locchau.220401@gmail.com',	NULL,	NULL,	'EMPLOYEE',	'ACTIVE',	'2024-04-13 02:45:09',	NULL),
('94f67cac-944d-472d-8157-bedf488a8502',	NULL,	'ngochien',	NULL,	'ngoc.hien@gmail.com',	NULL,	NULL,	'USER',	'ACTIVE',	'2024-08-21 10:37:47',	NULL),
('a226f227-c629-4c75-98ca-e56a3dab016e',	'https://vanlocbucket.s3.ap-southeast-2.amazonaws.com/fe154501-0146-4f9b-825f-3347c49c45a7_logo-small-gradient.png',	'Van Loc',	NULL,	'locchau.220401@gmail.com',	'14 ap my thanh xa my phong',	NULL,	'USER',	'BLOCK',	'2024-04-09 16:19:33',	NULL),
('a3816a2a-93c2-49a9-b5af-16e25615b2c1',	NULL,	'User 5',	NULL,	'a5@gmail.com',	NULL,	NULL,	'USER',	'ACTIVE',	'2024-04-09 16:19:33',	NULL),
('a666dc45-29aa-4301-87bb-18cc547386be',	NULL,	'User 9',	NULL,	'a9@gmail.com',	NULL,	NULL,	'USER',	'ACTIVE',	'2024-04-09 16:19:33',	NULL),
('abdf677a-71ff-4f81-a2c5-6615a04bedfe',	NULL,	'Chau Van Loc',	NULL,	'locchau.220401@gmail.com',	NULL,	NULL,	'USER',	'ACTIVE',	'2024-04-09 16:19:33',	NULL),
('ad597a58-ef3f-4ee8-9552-74d4668d9b2b',	NULL,	'itbee',	NULL,	'itbee@gmail.com',	NULL,	NULL,	'USER',	'ACTIVE',	'2024-08-06 05:17:29',	NULL),
('bc119302-99fb-44b3-b07f-64eef34454cd',	'https://vanlocbucket.s3.ap-southeast-2.amazonaws.com/31726f5b-6fce-4f28-bbfe-8ae67e2c6611_catliuliu.jpg',	'CHAU VAN LOC',	NULL,	'chauvanloc.tg@gmail.com',	NULL,	NULL,	'USER',	'ACTIVE',	'2024-08-05 10:56:58',	NULL),
('cb804886-3ead-4324-82de-bc1485ac2939',	'https://i.pinimg.com/236x/67/fa/b9/67fab9b5c654df146d5c12465e6a6be5.jpg',	'Chau Van Loc',	NULL,	'locchau.220401@gmail.com',	NULL,	NULL,	'USER',	'ACTIVE',	'2024-04-24 15:26:52',	NULL),
('d2873926-c2f1-4408-b6c2-dc18436429f0',	NULL,	'User 0',	NULL,	'a0@gmail.com',	NULL,	NULL,	'USER',	'ACTIVE',	'2024-04-09 16:19:33',	NULL),
('dc34e2c7-fef8-412a-ba0e-63cf7730bc86',	NULL,	'chau van loc',	NULL,	'chauvanloc.tg@gmail.com',	NULL,	NULL,	'EMPLOYEE',	'ACTIVE',	'2024-08-13 20:38:48',	NULL),
('def2787e-2db2-44ab-84fb-b4aa24971e98',	NULL,	'CHAU VAN LOC',	NULL,	'a@gmail.com',	NULL,	NULL,	'EMPLOYEE',	'ACTIVE',	'2024-08-14 02:40:36',	NULL),
('e0de0145-d868-4d5b-8c39-2979d9e6d551',	NULL,	'chau van loc',	NULL,	'chauvanloc.tg@gmail.com',	NULL,	NULL,	'EMPLOYEE',	'ACTIVE',	'2024-05-08 16:08:36',	NULL),
('e13a9da0-51c8-489c-ac8d-a16e82869eca',	NULL,	'Chau Van Loc',	NULL,	'chauvanloc.tg@gmail.com',	NULL,	NULL,	'EMPLOYEE',	'ACTIVE',	'2024-05-08 14:08:31',	NULL),
('e9307983-16bd-42ce-a3bf-7e12dc89fae6',	NULL,	'User 7',	NULL,	'a7@gmail.com',	NULL,	NULL,	'EMPLOYEE',	'ACTIVE',	'2024-04-09 16:19:33',	NULL),
('e9951249-ec77-4faf-9d3d-f0ee119091bd',	'https://vanlocbucket.s3.ap-southeast-2.amazonaws.com/d393b961-14a2-4c8d-bc1c-847a18577bbd_doghello.jpg',	'CHAU VAN LOC',	'2024-04-07 17:00:00',	'chauvanloc.tg@gmail.com',	'TpHCM',	NULL,	'USER',	'ACTIVE',	'2024-04-26 17:06:01',	NULL),
('ef57bddf-f43c-4a42-b18f-c8bc7b8da79a',	NULL,	'Le Tan Hai',	NULL,	'hai@gmail.com',	NULL,	NULL,	'USER',	'ACTIVE',	'2024-08-21 09:51:27',	NULL),
('f82a04b9-c41e-4d24-bc0b-3be0538a603b',	NULL,	'User 6',	NULL,	'a6@gmail.com',	NULL,	NULL,	'USER',	'ACTIVE',	'2024-04-09 16:19:33',	NULL),
('fb438fb4-859d-4769-b618-c895d1cf7d43',	NULL,	'chau van loc',	NULL,	'chauvanloc.tg@gmail.com',	NULL,	NULL,	'EMPLOYEE',	'ACTIVE',	'2024-05-08 16:15:24',	NULL);

-- 2024-08-22 01:49:00